[2026-08-05T04:00:18Z INFO  protocol::constants] Protocol constants v1:
[2026-08-05T04:00:18Z INFO  protocol::constants]   PACKET_PREFIX_BYTES      = 6
[2026-08-05T04:00:18Z INFO  protocol::constants]   VIDEO_CHUNK_HEADER_BYTES  = 36
[2026-08-05T04:00:18Z INFO  protocol::constants]   VIDEO_TOTAL_HEADER_BYTES  = 42
[2026-08-05T04:00:18Z INFO  protocol::constants]   MAX_VIDEO_PAYLOAD_BYTES   = 1358
[2026-08-05T04:00:18Z INFO  protocol::constants]   CURSOR_TOTAL_PACKET_BYTES = 35
[2026-08-05T04:00:18Z INFO  protocol::constants]   INPUT_TOTAL_PACKET_BYTES  = 28
[2026-08-05T04:00:18Z INFO  remote_display_client] Connecting to 192.168.50.125:9870
[2026-08-05T04:00:18Z INFO  net_transport::control_channel] Control channel connected to 192.168.50.125:9870
[2026-08-05T04:00:18Z INFO  net_transport::control_channel] Sent ModeRequest: 1920x1080@60000mHz
[2026-08-05T04:00:18Z INFO  net_transport::control_channel] ModeConfirm: 1080x1920, stream_id=1004698205, config_id=1, codec=1
[2026-08-05T04:00:18Z INFO  net_transport::control_channel] StreamingReady sent
[2026-08-05T04:00:18Z INFO  net_transport::video_receiver] Video receiver listening on UDP port 9871
[2026-08-05T04:00:18Z INFO  remote_display_client] Streaming active. Press Ctrl+C to stop.
[2026-08-05T04:00:18Z INFO  remote_display_client] Cursor receiver listening on UDP port 9873
[2026-08-05T04:00:18Z INFO  net_transport::video_receiver] First video packet: frame_id=0, chunk_id=0, size=1358B, stream_id=1004698205
[2026-08-05T04:00:18Z INFO  net_transport::video_receiver]   Frame meta: 1080x1920, total_chunks=155, total_bytes=210444, keyframe=true
[2026-08-05T04:00:18Z INFO  net_transport::video_receiver] Recv stats: 100 packets, 0 dropped, 0 assembled, 0 frame_drops
[hevc_cuvid @ 0x765da4953580] Invalid pkt_timebase, passing timestamps as-is.
[2026-08-05T04:00:19Z INFO  video_decode] HEVC CUVID decoder initialized (NVDEC hardware, RTX GPU)
[2026-08-05T04:00:19Z INFO  renderer] SDL2 displays: 1
[2026-08-05T04:00:19Z INFO  renderer]   Display 0: 'LS32D70xE 32"' at 1080x1920+0+0
[2026-08-05T04:00:19Z INFO  renderer] Flash test on display 0 for 2 seconds...
[2026-08-05T04:00:19Z INFO  net_transport::video_receiver] Recv stats: 200 packets, 0 dropped, 30 assembled, 26 frame_drops
[2026-08-05T04:00:19Z INFO  net_transport::video_receiver] Recv stats: 300 packets, 0 dropped, 30 assembled, 26 frame_drops
[2026-08-05T04:00:20Z INFO  remote_display_client] Night Shift: warm_strength=50%
[2026-08-05T04:00:21Z INFO  renderer] Renderer ready on display 0 (1080x1920)
[2026-08-05T04:00:21Z INFO  input_capture] Input sender → 192.168.50.125:9872
[2026-08-05T04:00:21Z INFO  net_transport::video_receiver] Recv stats: 400 packets, 0 dropped, 60 assembled, 52 frame_drops
[2026-08-05T04:00:21Z INFO  remote_display_client] First decoded frame: 1080x1920, decode 7.1ms
[2026-08-05T04:00:21Z INFO  renderer] Texture cache: created 1080x1920
[2026-08-05T04:00:21Z INFO  net_transport::video_receiver] Recv stats: 500 packets, 0 dropped, 68 assembled, 54 frame_drops
[2026-08-05T04:00:21Z INFO  net_transport::video_receiver] Recv stats: 600 packets, 0 dropped, 80 assembled, 54 frame_drops
[2026-08-05T04:00:21Z INFO  net_transport::video_receiver] Recv stats: 700 packets, 0 dropped, 98 assembled, 54 frame_drops
[2026-08-05T04:00:22Z INFO  remote_display_client] Decoded: 60 frames, 60.7 fps, avg decode 2.3ms
[2026-08-05T04:00:22Z INFO  net_transport::video_receiver] Recv stats: 800 packets, 0 dropped, 126 assembled, 54 frame_drops
[2026-08-05T04:00:22Z INFO  net_transport::video_receiver] Recv stats: 900 packets, 0 dropped, 128 assembled, 54 frame_drops
[2026-08-05T04:00:22Z INFO  net_transport::video_receiver] Recv stats: 1000 packets, 0 dropped, 158 assembled, 54 frame_drops
[2026-08-05T04:00:22Z INFO  net_transport::video_receiver] Recv stats: 1100 packets, 0 dropped, 158 assembled, 54 frame_drops
[2026-08-05T04:00:23Z INFO  remote_display_client] Decoded: 120 frames, 59.9 fps, avg decode 2.0ms
[2026-08-05T04:00:23Z INFO  net_transport::video_receiver] Recv stats: 1200 packets, 0 dropped, 188 assembled, 54 frame_drops
[2026-08-05T04:00:23Z INFO  net_transport::video_receiver] Recv stats: 1300 packets, 0 dropped, 188 assembled, 54 frame_drops
[2026-08-05T04:00:24Z INFO  net_transport::video_receiver] Recv stats: 1400 packets, 0 dropped, 218 assembled, 54 frame_drops
[2026-08-05T04:00:24Z INFO  net_transport::video_receiver] Recv stats: 1500 packets, 0 dropped, 218 assembled, 54 frame_drops
[2026-08-05T04:00:24Z INFO  remote_display_client] Decoded: 180 frames, 59.2 fps, avg decode 1.9ms
[2026-08-05T04:00:24Z INFO  net_transport::video_receiver] Recv stats: 1600 packets, 0 dropped, 248 assembled, 54 frame_drops
[2026-08-05T04:00:24Z INFO  net_transport::video_receiver] Recv stats: 1700 packets, 0 dropped, 256 assembled, 54 frame_drops
[2026-08-05T04:00:25Z INFO  net_transport::video_receiver] Recv stats: 1800 packets, 0 dropped, 278 assembled, 54 frame_drops
[2026-08-05T04:00:25Z INFO  remote_display_client] Decoded: 240 frames, 58.7 fps, avg decode 1.8ms
[2026-08-05T04:00:25Z INFO  net_transport::video_receiver] Recv stats: 1900 packets, 0 dropped, 302 assembled, 54 frame_drops
[2026-08-05T04:00:25Z INFO  net_transport::video_receiver] Recv stats: 2000 packets, 0 dropped, 308 assembled, 54 frame_drops
[2026-08-05T04:00:26Z INFO  net_transport::video_receiver] Recv stats: 2100 packets, 0 dropped, 338 assembled, 54 frame_drops
[2026-08-05T04:00:26Z INFO  net_transport::video_receiver] Recv stats: 2200 packets, 0 dropped, 338 assembled, 54 frame_drops
[2026-08-05T04:00:26Z INFO  remote_display_client] Decoded: 300 frames, 58.8 fps, avg decode 1.8ms
[2026-08-05T04:00:26Z INFO  net_transport::video_receiver] Recv stats: 2300 packets, 0 dropped, 368 assembled, 54 frame_drops
[2026-08-05T04:00:26Z INFO  net_transport::video_receiver] Recv stats: 2400 packets, 0 dropped, 368 assembled, 54 frame_drops
[2026-08-05T04:00:27Z INFO  net_transport::video_receiver] Recv stats: 2500 packets, 0 dropped, 398 assembled, 54 frame_drops
[2026-08-05T04:00:27Z INFO  net_transport::video_receiver] Recv stats: 2600 packets, 0 dropped, 398 assembled, 54 frame_drops
[2026-08-05T04:00:27Z INFO  remote_display_client] Decoded: 360 frames, 58.5 fps, avg decode 1.8ms
[2026-08-05T04:00:27Z INFO  net_transport::video_receiver] Recv stats: 2700 packets, 0 dropped, 428 assembled, 54 frame_drops
[2026-08-05T04:00:27Z INFO  net_transport::video_receiver] Recv stats: 2800 packets, 0 dropped, 432 assembled, 54 frame_drops
[2026-08-05T04:00:28Z INFO  net_transport::video_receiver] Recv stats: 2900 packets, 0 dropped, 458 assembled, 54 frame_drops
[2026-08-05T04:00:28Z INFO  remote_display_client] Decoded: 420 frames, 58.4 fps, avg decode 1.7ms
[2026-08-05T04:00:28Z INFO  net_transport::video_receiver] Recv stats: 3000 packets, 0 dropped, 478 assembled, 54 frame_drops
[2026-08-05T04:00:28Z INFO  net_transport::video_receiver] Recv stats: 3100 packets, 0 dropped, 488 assembled, 54 frame_drops
[2026-08-05T04:00:29Z INFO  net_transport::video_receiver] Recv stats: 3200 packets, 0 dropped, 518 assembled, 54 frame_drops
[2026-08-05T04:00:29Z INFO  net_transport::video_receiver] Recv stats: 3300 packets, 0 dropped, 518 assembled, 54 frame_drops
[2026-08-05T04:00:29Z INFO  remote_display_client] Decoded: 480 frames, 58.4 fps, avg decode 1.7ms
[2026-08-05T04:00:29Z INFO  net_transport::video_receiver] Recv stats: 3400 packets, 0 dropped, 548 assembled, 54 frame_drops
[2026-08-05T04:00:29Z INFO  net_transport::video_receiver] Recv stats: 3500 packets, 0 dropped, 548 assembled, 54 frame_drops
[2026-08-05T04:00:30Z INFO  net_transport::video_receiver] Recv stats: 3600 packets, 0 dropped, 578 assembled, 54 frame_drops
[2026-08-05T04:00:30Z INFO  net_transport::video_receiver] Recv stats: 3700 packets, 0 dropped, 578 assembled, 54 frame_drops
[2026-08-05T04:00:30Z INFO  remote_display_client] Decoded: 540 frames, 58.3 fps, avg decode 1.7ms
[2026-08-05T04:00:30Z INFO  net_transport::video_receiver] Recv stats: 3800 packets, 0 dropped, 608 assembled, 54 frame_drops
[2026-08-05T04:00:30Z INFO  net_transport::video_receiver] Recv stats: 3900 packets, 0 dropped, 608 assembled, 54 frame_drops
[2026-08-05T04:00:31Z INFO  net_transport::video_receiver] Recv stats: 4000 packets, 0 dropped, 638 assembled, 54 frame_drops
[2026-08-05T04:00:31Z INFO  net_transport::video_receiver] Recv stats: 4100 packets, 0 dropped, 654 assembled, 54 frame_drops
[2026-08-05T04:00:31Z INFO  remote_display_client] Decoded: 600 frames, 58.3 fps, avg decode 1.7ms
[2026-08-05T04:00:31Z INFO  net_transport::video_receiver] Recv stats: 4200 packets, 0 dropped, 668 assembled, 54 frame_drops
[2026-08-05T04:00:32Z INFO  net_transport::video_receiver] Recv stats: 4300 packets, 0 dropped, 697 assembled, 54 frame_drops
[2026-08-05T04:00:32Z INFO  net_transport::video_receiver] Recv stats: 4400 packets, 0 dropped, 697 assembled, 54 frame_drops
[2026-08-05T04:00:32Z INFO  remote_display_client] Decoded: 660 frames, 58.0 fps, avg decode 1.7ms
[2026-08-05T04:00:32Z INFO  net_transport::video_receiver] Recv stats: 4500 packets, 0 dropped, 727 assembled, 54 frame_drops
[2026-08-05T04:00:32Z INFO  net_transport::video_receiver] Recv stats: 4600 packets, 0 dropped, 727 assembled, 54 frame_drops
[2026-08-05T04:00:33Z INFO  net_transport::video_receiver] Recv stats: 4700 packets, 0 dropped, 757 assembled, 54 frame_drops
[2026-08-05T04:00:33Z INFO  net_transport::video_receiver] Recv stats: 4800 packets, 0 dropped, 757 assembled, 54 frame_drops
[2026-08-05T04:00:33Z INFO  remote_display_client] Decoded: 720 frames, 58.0 fps, avg decode 1.7ms
[2026-08-05T04:00:33Z INFO  net_transport::video_receiver] Recv stats: 4900 packets, 0 dropped, 787 assembled, 54 frame_drops
[2026-08-05T04:00:33Z INFO  net_transport::video_receiver] Recv stats: 5000 packets, 0 dropped, 787 assembled, 54 frame_drops
[2026-08-05T04:00:34Z INFO  net_transport::video_receiver] Recv stats: 5100 packets, 0 dropped, 817 assembled, 54 frame_drops
[2026-08-05T04:00:34Z INFO  remote_display_client] Decoded: 780 frames, 58.0 fps, avg decode 1.7ms
[2026-08-05T04:00:34Z INFO  net_transport::video_receiver] Recv stats: 5200 packets, 0 dropped, 843 assembled, 55 frame_drops
[2026-08-05T04:00:34Z INFO  net_transport::video_receiver] Recv stats: 5300 packets, 0 dropped, 846 assembled, 55 frame_drops
[2026-08-05T04:00:35Z INFO  net_transport::video_receiver] Recv stats: 5400 packets, 0 dropped, 876 assembled, 55 frame_drops
[2026-08-05T04:00:35Z INFO  net_transport::video_receiver] Recv stats: 5500 packets, 0 dropped, 876 assembled, 55 frame_drops
[2026-08-05T04:00:35Z INFO  remote_display_client] Decoded: 840 frames, 58.0 fps, avg decode 1.7ms
[2026-08-05T04:00:35Z INFO  net_transport::video_receiver] Recv stats: 5600 packets, 0 dropped, 906 assembled, 55 frame_drops
[2026-08-05T04:00:35Z INFO  net_transport::video_receiver] Recv stats: 5700 packets, 0 dropped, 906 assembled, 55 frame_drops
[2026-08-05T04:00:36Z INFO  net_transport::video_receiver] Recv stats: 5800 packets, 0 dropped, 936 assembled, 55 frame_drops
[2026-08-05T04:00:36Z INFO  net_transport::video_receiver] Recv stats: 5900 packets, 0 dropped, 936 assembled, 55 frame_drops
[2026-08-05T04:00:36Z INFO  remote_display_client] Decoded: 900 frames, 58.0 fps, avg decode 1.7ms
[2026-08-05T04:00:36Z INFO  net_transport::video_receiver] Recv stats: 6000 packets, 0 dropped, 966 assembled, 55 frame_drops
[2026-08-05T04:00:37Z INFO  net_transport::video_receiver] Recv stats: 6100 packets, 0 dropped, 973 assembled, 55 frame_drops
[2026-08-05T04:00:37Z INFO  net_transport::video_receiver] Recv stats: 6200 packets, 0 dropped, 996 assembled, 55 frame_drops
[2026-08-05T04:00:37Z INFO  remote_display_client] Decoded: 960 frames, 58.0 fps, avg decode 1.6ms
[2026-08-05T04:00:37Z INFO  net_transport::video_receiver] Recv stats: 6300 packets, 0 dropped, 1019 assembled, 55 frame_drops
[2026-08-05T04:00:38Z INFO  net_transport::video_receiver] Recv stats: 6400 packets, 0 dropped, 1026 assembled, 55 frame_drops
[2026-08-05T04:00:38Z INFO  net_transport::video_receiver] Recv stats: 6500 packets, 0 dropped, 1056 assembled, 55 frame_drops
[2026-08-05T04:00:38Z INFO  net_transport::video_receiver] Recv stats: 6600 packets, 0 dropped, 1056 assembled, 55 frame_drops
[2026-08-05T04:00:38Z INFO  remote_display_client] Decoded: 1020 frames, 58.0 fps, avg decode 1.6ms
[2026-08-05T04:00:39Z INFO  net_transport::video_receiver] Recv stats: 6700 packets, 0 dropped, 1086 assembled, 55 frame_drops
[2026-08-05T04:00:39Z INFO  net_transport::video_receiver] Recv stats: 6800 packets, 0 dropped, 1086 assembled, 55 frame_drops
[2026-08-05T04:00:39Z INFO  net_transport::video_receiver] Recv stats: 6900 packets, 0 dropped, 1116 assembled, 55 frame_drops
[2026-08-05T04:00:39Z INFO  net_transport::video_receiver] Recv stats: 7000 packets, 0 dropped, 1116 assembled, 55 frame_drops
[2026-08-05T04:00:39Z INFO  remote_display_client] Decoded: 1080 frames, 57.9 fps, avg decode 1.6ms
[2026-08-05T04:00:40Z INFO  net_transport::video_receiver] Recv stats: 7100 packets, 0 dropped, 1146 assembled, 55 frame_drops
[2026-08-05T04:00:40Z INFO  net_transport::video_receiver] Recv stats: 7200 packets, 0 dropped, 1149 assembled, 55 frame_drops
[2026-08-05T04:00:40Z INFO  net_transport::video_receiver] Recv stats: 7300 packets, 0 dropped, 1176 assembled, 55 frame_drops
[2026-08-05T04:00:40Z INFO  net_transport::video_receiver] Recv stats: 7400 packets, 0 dropped, 1195 assembled, 55 frame_drops
[2026-08-05T04:00:40Z INFO  remote_display_client] Decoded: 1140 frames, 57.9 fps, avg decode 1.6ms
[2026-08-05T04:00:41Z INFO  net_transport::video_receiver] Recv stats: 7500 packets, 0 dropped, 1206 assembled, 55 frame_drops
[2026-08-05T04:00:41Z INFO  net_transport::video_receiver] Recv stats: 7600 packets, 0 dropped, 1236 assembled, 55 frame_drops
[2026-08-05T04:00:41Z INFO  net_transport::video_receiver] Recv stats: 7700 packets, 0 dropped, 1236 assembled, 55 frame_drops
[2026-08-05T04:00:41Z INFO  remote_display_client] Decoded: 1200 frames, 58.0 fps, avg decode 1.6ms
[2026-08-05T04:00:42Z INFO  net_transport::video_receiver] Recv stats: 7800 packets, 0 dropped, 1266 assembled, 55 frame_drops
[2026-08-05T04:00:42Z INFO  net_transport::video_receiver] Recv stats: 7900 packets, 0 dropped, 1266 assembled, 55 frame_drops
[2026-08-05T04:00:42Z INFO  net_transport::video_receiver] Recv stats: 8000 packets, 0 dropped, 1296 assembled, 55 frame_drops
[2026-08-05T04:00:42Z INFO  net_transport::video_receiver] Recv stats: 8100 packets, 0 dropped, 1296 assembled, 55 frame_drops
[2026-08-05T04:00:43Z INFO  remote_display_client] Decoded: 1260 frames, 58.0 fps, avg decode 1.6ms
[2026-08-05T04:00:43Z INFO  net_transport::video_receiver] Recv stats: 8200 packets, 0 dropped, 1326 assembled, 55 frame_drops
[2026-08-05T04:00:43Z INFO  net_transport::video_receiver] Recv stats: 8300 packets, 0 dropped, 1326 assembled, 55 frame_drops
[2026-08-05T04:00:43Z INFO  net_transport::video_receiver] Recv stats: 8400 packets, 0 dropped, 1356 assembled, 55 frame_drops
[2026-08-05T04:00:43Z INFO  net_transport::video_receiver] Recv stats: 8500 packets, 0 dropped, 1371 assembled, 55 frame_drops
[2026-08-05T04:00:44Z INFO  remote_display_client] Decoded: 1320 frames, 58.0 fps, avg decode 1.6ms
[2026-08-05T04:00:44Z INFO  net_transport::video_receiver] Recv stats: 8600 packets, 0 dropped, 1386 assembled, 55 frame_drops
[2026-08-05T04:00:44Z INFO  net_transport::video_receiver] Recv stats: 8700 packets, 0 dropped, 1416 assembled, 55 frame_drops
[2026-08-05T04:00:44Z INFO  net_transport::video_receiver] Recv stats: 8800 packets, 0 dropped, 1416 assembled, 55 frame_drops
[2026-08-05T04:00:45Z INFO  remote_display_client] Decoded: 1380 frames, 57.9 fps, avg decode 1.6ms
[2026-08-05T04:00:45Z INFO  net_transport::video_receiver] Recv stats: 8900 packets, 0 dropped, 1446 assembled, 55 frame_drops
[2026-08-05T04:00:45Z INFO  net_transport::video_receiver] Recv stats: 9000 packets, 0 dropped, 1446 assembled, 55 frame_drops
[2026-08-05T04:00:45Z INFO  net_transport::video_receiver] Recv stats: 9100 packets, 0 dropped, 1476 assembled, 55 frame_drops
[2026-08-05T04:00:45Z INFO  net_transport::video_receiver] Recv stats: 9200 packets, 0 dropped, 1476 assembled, 55 frame_drops
[2026-08-05T04:00:46Z INFO  remote_display_client] Decoded: 1440 frames, 57.9 fps, avg decode 1.6ms
[2026-08-05T04:00:46Z INFO  net_transport::video_receiver] Recv stats: 9300 packets, 0 dropped, 1506 assembled, 55 frame_drops
[2026-08-05T04:00:46Z INFO  net_transport::video_receiver] Recv stats: 9400 packets, 0 dropped, 1506 assembled, 55 frame_drops
[2026-08-05T04:00:46Z INFO  net_transport::video_receiver] Recv stats: 9500 packets, 0 dropped, 1536 assembled, 55 frame_drops
[2026-08-05T04:00:47Z INFO  net_transport::video_receiver] Recv stats: 9600 packets, 0 dropped, 1547 assembled, 55 frame_drops
[2026-08-05T04:00:47Z INFO  remote_display_client] Decoded: 1500 frames, 57.9 fps, avg decode 1.6ms
[2026-08-05T04:00:47Z INFO  net_transport::video_receiver] Recv stats: 9700 packets, 0 dropped, 1566 assembled, 55 frame_drops
[2026-08-05T04:00:47Z INFO  net_transport::video_receiver] Recv stats: 9800 packets, 0 dropped, 1593 assembled, 55 frame_drops
[2026-08-05T04:00:47Z INFO  net_transport::video_receiver] Recv stats: 9900 packets, 0 dropped, 1596 assembled, 55 frame_drops
[2026-08-05T04:00:48Z INFO  remote_display_client] Decoded: 1560 frames, 57.9 fps, avg decode 1.6ms
[2026-08-05T04:00:48Z INFO  net_transport::video_receiver] Recv stats: 10000 packets, 0 dropped, 1626 assembled, 55 frame_drops
[2026-08-05T04:00:48Z INFO  net_transport::video_receiver] Recv stats: 10100 packets, 0 dropped, 1626 assembled, 55 frame_drops
[2026-08-05T04:00:48Z INFO  net_transport::video_receiver] Recv stats: 10200 packets, 0 dropped, 1656 assembled, 55 frame_drops
[2026-08-05T04:00:48Z INFO  net_transport::video_receiver] Recv stats: 10300 packets, 0 dropped, 1656 assembled, 55 frame_drops
[2026-08-05T04:00:49Z INFO  remote_display_client] Decoded: 1620 frames, 57.9 fps, avg decode 1.6ms
[2026-08-05T04:00:49Z INFO  net_transport::video_receiver] Recv stats: 10400 packets, 0 dropped, 1686 assembled, 55 frame_drops
[2026-08-05T04:00:49Z INFO  net_transport::video_receiver] Recv stats: 10500 packets, 0 dropped, 1686 assembled, 55 frame_drops
[2026-08-05T04:00:49Z INFO  net_transport::video_receiver] Recv stats: 10600 packets, 0 dropped, 1716 assembled, 55 frame_drops
[2026-08-05T04:00:50Z INFO  net_transport::video_receiver] Recv stats: 10700 packets, 0 dropped, 1723 assembled, 55 frame_drops
[2026-08-05T04:00:50Z INFO  remote_display_client] Decoded: 1680 frames, 58.0 fps, avg decode 1.6ms
[2026-08-05T04:00:50Z INFO  net_transport::video_receiver] Recv stats: 10800 packets, 0 dropped, 1746 assembled, 55 frame_drops
[2026-08-05T04:00:50Z INFO  net_transport::video_receiver] Recv stats: 10900 packets, 0 dropped, 1769 assembled, 55 frame_drops
[2026-08-05T04:00:50Z INFO  net_transport::video_receiver] Recv stats: 11000 packets, 0 dropped, 1776 assembled, 55 frame_drops
[2026-08-05T04:00:51Z INFO  remote_display_client] Decoded: 1740 frames, 58.0 fps, avg decode 1.6ms
[2026-08-05T04:00:51Z INFO  net_transport::video_receiver] Recv stats: 11100 packets, 0 dropped, 1806 assembled, 55 frame_drops
[2026-08-05T04:00:51Z INFO  net_transport::video_receiver] Recv stats: 11200 packets, 0 dropped, 1806 assembled, 55 frame_drops
[2026-08-05T04:00:51Z INFO  net_transport::video_receiver] Recv stats: 11300 packets, 0 dropped, 1836 assembled, 55 frame_drops
[2026-08-05T04:00:51Z INFO  net_transport::video_receiver] Recv stats: 11400 packets, 0 dropped, 1836 assembled, 55 frame_drops
[2026-08-05T04:00:52Z INFO  remote_display_client] Decoded: 1800 frames, 57.9 fps, avg decode 1.6ms
[2026-08-05T04:00:52Z INFO  net_transport::video_receiver] Recv stats: 11500 packets, 0 dropped, 1866 assembled, 55 frame_drops
[2026-08-05T04:00:52Z INFO  net_transport::video_receiver] Recv stats: 11600 packets, 0 dropped, 1866 assembled, 55 frame_drops
[2026-08-05T04:00:53Z INFO  net_transport::video_receiver] Recv stats: 11700 packets, 0 dropped, 1896 assembled, 55 frame_drops
[2026-08-05T04:00:53Z INFO  net_transport::video_receiver] Recv stats: 11800 packets, 0 dropped, 1899 assembled, 55 frame_drops
[2026-08-05T04:00:53Z INFO  remote_display_client] Decoded: 1860 frames, 57.9 fps, avg decode 1.6ms
[2026-08-05T04:00:53Z INFO  net_transport::video_receiver] Recv stats: 11900 packets, 0 dropped, 1925 assembled, 55 frame_drops
[2026-08-05T04:00:53Z INFO  net_transport::video_receiver] Recv stats: 12000 packets, 0 dropped, 1945 assembled, 55 frame_drops
[2026-08-05T04:00:54Z INFO  net_transport::video_receiver] Recv stats: 12100 packets, 0 dropped, 1955 assembled, 55 frame_drops
[2026-08-05T04:00:54Z INFO  remote_display_client] Decoded: 1920 frames, 57.8 fps, avg decode 1.6ms
[2026-08-05T04:00:54Z INFO  net_transport::video_receiver] Recv stats: 12200 packets, 0 dropped, 1985 assembled, 55 frame_drops
[2026-08-05T04:00:54Z INFO  net_transport::video_receiver] Recv stats: 12300 packets, 0 dropped, 1985 assembled, 55 frame_drops
[2026-08-05T04:00:55Z INFO  net_transport::video_receiver] Recv stats: 12400 packets, 0 dropped, 2015 assembled, 55 frame_drops
[2026-08-05T04:00:55Z INFO  net_transport::video_receiver] Recv stats: 12500 packets, 0 dropped, 2015 assembled, 55 frame_drops
[2026-08-05T04:00:55Z INFO  remote_display_client] Decoded: 1980 frames, 57.8 fps, avg decode 1.6ms
[2026-08-05T04:00:55Z INFO  net_transport::video_receiver] Recv stats: 12600 packets, 0 dropped, 2045 assembled, 55 frame_drops
[2026-08-05T04:00:55Z INFO  net_transport::video_receiver] Recv stats: 12700 packets, 0 dropped, 2045 assembled, 55 frame_drops
[2026-08-05T04:00:56Z INFO  net_transport::video_receiver] Recv stats: 12800 packets, 0 dropped, 2075 assembled, 55 frame_drops
[2026-08-05T04:00:56Z INFO  net_transport::video_receiver] Recv stats: 12900 packets, 0 dropped, 2075 assembled, 55 frame_drops
[2026-08-05T04:00:56Z INFO  remote_display_client] Decoded: 2040 frames, 57.7 fps, avg decode 1.6ms
[2026-08-05T04:00:56Z INFO  net_transport::video_receiver] Recv stats: 13000 packets, 0 dropped, 2105 assembled, 55 frame_drops
[2026-08-05T04:00:57Z INFO  net_transport::video_receiver] Recv stats: 13100 packets, 0 dropped, 2121 assembled, 55 frame_drops
[2026-08-05T04:00:57Z INFO  net_transport::video_receiver] Recv stats: 13200 packets, 0 dropped, 2135 assembled, 55 frame_drops
[2026-08-05T04:00:57Z INFO  remote_display_client] Decoded: 2100 frames, 57.7 fps, avg decode 1.6ms
[2026-08-05T04:00:57Z INFO  net_transport::video_receiver] Recv stats: 13300 packets, 0 dropped, 2165 assembled, 55 frame_drops
[2026-08-05T04:00:57Z INFO  net_transport::video_receiver] Recv stats: 13400 packets, 0 dropped, 2165 assembled, 55 frame_drops
[2026-08-05T04:00:58Z INFO  net_transport::video_receiver] Recv stats: 13500 packets, 0 dropped, 2195 assembled, 55 frame_drops
[2026-08-05T04:00:58Z INFO  net_transport::video_receiver] Recv stats: 13600 packets, 0 dropped, 2195 assembled, 55 frame_drops
[2026-08-05T04:00:58Z INFO  remote_display_client] Decoded: 2160 frames, 57.7 fps, avg decode 1.6ms
[2026-08-05T04:00:58Z INFO  net_transport::video_receiver] Recv stats: 13700 packets, 0 dropped, 2225 assembled, 55 frame_drops
[2026-08-05T04:00:58Z INFO  net_transport::video_receiver] Recv stats: 13800 packets, 0 dropped, 2225 assembled, 55 frame_drops
[2026-08-05T04:00:59Z INFO  net_transport::video_receiver] Recv stats: 13900 packets, 0 dropped, 2254 assembled, 55 frame_drops
[2026-08-05T04:00:59Z INFO  net_transport::video_receiver] Recv stats: 14000 packets, 0 dropped, 2254 assembled, 55 frame_drops
[2026-08-05T04:00:59Z INFO  remote_display_client] Decoded: 2220 frames, 57.7 fps, avg decode 1.6ms
[2026-08-05T04:00:59Z INFO  net_transport::video_receiver] Recv stats: 14100 packets, 0 dropped, 2284 assembled, 55 frame_drops
[2026-08-05T04:01:00Z INFO  net_transport::video_receiver] Recv stats: 14200 packets, 0 dropped, 2297 assembled, 55 frame_drops
[2026-08-05T04:01:00Z INFO  net_transport::video_receiver] Recv stats: 14300 packets, 0 dropped, 2314 assembled, 55 frame_drops
[2026-08-05T04:01:00Z INFO  remote_display_client] Decoded: 2280 frames, 57.7 fps, avg decode 1.6ms
[2026-08-05T04:01:00Z INFO  net_transport::video_receiver] Recv stats: 14400 packets, 0 dropped, 2343 assembled, 55 frame_drops
[2026-08-05T04:01:00Z INFO  net_transport::video_receiver] Recv stats: 14500 packets, 0 dropped, 2344 assembled, 55 frame_drops
[2026-08-05T04:01:01Z INFO  net_transport::video_receiver] Recv stats: 14600 packets, 0 dropped, 2374 assembled, 55 frame_drops
[2026-08-05T04:01:01Z INFO  net_transport::video_receiver] Recv stats: 14700 packets, 0 dropped, 2374 assembled, 55 frame_drops
[2026-08-05T04:01:01Z INFO  remote_display_client] Decoded: 2340 frames, 57.6 fps, avg decode 1.6ms
[2026-08-05T04:01:02Z INFO  net_transport::video_receiver] Recv stats: 14800 packets, 0 dropped, 2404 assembled, 55 frame_drops
[2026-08-05T04:01:02Z INFO  net_transport::video_receiver] Recv stats: 14900 packets, 0 dropped, 2404 assembled, 55 frame_drops
[2026-08-05T04:01:02Z INFO  net_transport::video_receiver] Recv stats: 15000 packets, 0 dropped, 2434 assembled, 55 frame_drops
[2026-08-05T04:01:02Z INFO  net_transport::video_receiver] Recv stats: 15100 packets, 0 dropped, 2434 assembled, 55 frame_drops
[2026-08-05T04:01:02Z INFO  remote_display_client] Decoded: 2400 frames, 57.6 fps, avg decode 1.6ms
[2026-08-05T04:01:03Z INFO  net_transport::video_receiver] Recv stats: 15200 packets, 0 dropped, 2464 assembled, 55 frame_drops
[2026-08-05T04:01:03Z INFO  net_transport::video_receiver] Recv stats: 15300 packets, 0 dropped, 2473 assembled, 55 frame_drops
[2026-08-05T04:01:03Z INFO  net_transport::video_receiver] Recv stats: 15400 packets, 0 dropped, 2494 assembled, 55 frame_drops
[2026-08-05T04:01:04Z INFO  remote_display_client] Decoded: 2460 frames, 57.6 fps, avg decode 1.6ms
[2026-08-05T04:01:04Z INFO  net_transport::video_receiver] Recv stats: 15500 packets, 0 dropped, 2519 assembled, 55 frame_drops
[2026-08-05T04:01:04Z INFO  net_transport::video_receiver] Recv stats: 15600 packets, 0 dropped, 2524 assembled, 55 frame_drops
[2026-08-05T04:01:04Z INFO  net_transport::video_receiver] Recv stats: 15700 packets, 0 dropped, 2554 assembled, 55 frame_drops
[2026-08-05T04:01:04Z INFO  net_transport::video_receiver] Recv stats: 15800 packets, 0 dropped, 2554 assembled, 55 frame_drops
[2026-08-05T04:01:05Z INFO  remote_display_client] Decoded: 2520 frames, 57.6 fps, avg decode 1.6ms
[2026-08-05T04:01:05Z INFO  net_transport::video_receiver] Recv stats: 15900 packets, 0 dropped, 2584 assembled, 55 frame_drops
[2026-08-05T04:01:05Z INFO  net_transport::video_receiver] Recv stats: 16000 packets, 0 dropped, 2584 assembled, 55 frame_drops
[2026-08-05T04:01:05Z INFO  net_transport::video_receiver] Recv stats: 16100 packets, 0 dropped, 2614 assembled, 55 frame_drops
[2026-08-05T04:01:05Z INFO  net_transport::video_receiver] Recv stats: 16200 packets, 0 dropped, 2614 assembled, 55 frame_drops
[2026-08-05T04:01:06Z INFO  remote_display_client] Decoded: 2580 frames, 57.6 fps, avg decode 1.6ms
[2026-08-05T04:01:06Z INFO  net_transport::video_receiver] Recv stats: 16300 packets, 0 dropped, 2644 assembled, 55 frame_drops
[2026-08-05T04:01:06Z INFO  net_transport::video_receiver] Recv stats: 16400 packets, 0 dropped, 2649 assembled, 55 frame_drops
[2026-08-05T04:01:06Z INFO  net_transport::video_receiver] Recv stats: 16500 packets, 0 dropped, 2674 assembled, 55 frame_drops
[2026-08-05T04:01:07Z INFO  net_transport::video_receiver] Recv stats: 16600 packets, 0 dropped, 2695 assembled, 55 frame_drops
[2026-08-05T04:01:07Z INFO  remote_display_client] Decoded: 2640 frames, 57.5 fps, avg decode 1.6ms
[2026-08-05T04:01:07Z INFO  net_transport::video_receiver] Recv stats: 16700 packets, 0 dropped, 2704 assembled, 55 frame_drops
[2026-08-05T04:01:07Z INFO  net_transport::video_receiver] Recv stats: 16800 packets, 0 dropped, 2734 assembled, 55 frame_drops
[2026-08-05T04:01:07Z INFO  net_transport::video_receiver] Recv stats: 16900 packets, 0 dropped, 2734 assembled, 55 frame_drops
[2026-08-05T04:01:08Z INFO  remote_display_client] Decoded: 2700 frames, 57.6 fps, avg decode 1.6ms
[2026-08-05T04:01:08Z INFO  net_transport::video_receiver] Recv stats: 17000 packets, 0 dropped, 2764 assembled, 55 frame_drops
[2026-08-05T04:01:08Z INFO  net_transport::video_receiver] Recv stats: 17100 packets, 0 dropped, 2764 assembled, 55 frame_drops
[2026-08-05T04:01:08Z INFO  net_transport::video_receiver] Recv stats: 17200 packets, 0 dropped, 2794 assembled, 55 frame_drops
[2026-08-05T04:01:08Z INFO  net_transport::video_receiver] Recv stats: 17300 packets, 0 dropped, 2794 assembled, 55 frame_drops
[2026-08-05T04:01:09Z INFO  remote_display_client] Decoded: 2760 frames, 57.6 fps, avg decode 1.6ms
[2026-08-05T04:01:09Z INFO  net_transport::video_receiver] Recv stats: 17400 packets, 0 dropped, 2824 assembled, 55 frame_drops
[2026-08-05T04:01:09Z INFO  net_transport::video_receiver] Recv stats: 17500 packets, 0 dropped, 2825 assembled, 55 frame_drops
[2026-08-05T04:01:09Z INFO  net_transport::video_receiver] Recv stats: 17600 packets, 0 dropped, 2854 assembled, 55 frame_drops
[2026-08-05T04:01:10Z INFO  net_transport::video_receiver] Recv stats: 17700 packets, 0 dropped, 2871 assembled, 55 frame_drops
[2026-08-05T04:01:10Z INFO  remote_display_client] Decoded: 2820 frames, 57.6 fps, avg decode 1.6ms
[2026-08-05T04:01:10Z INFO  net_transport::video_receiver] Recv stats: 17800 packets, 0 dropped, 2884 assembled, 55 frame_drops
[2026-08-05T04:01:10Z INFO  net_transport::video_receiver] Recv stats: 17900 packets, 0 dropped, 2914 assembled, 55 frame_drops
[2026-08-05T04:01:10Z INFO  net_transport::video_receiver] Recv stats: 18000 packets, 0 dropped, 2914 assembled, 55 frame_drops
[2026-08-05T04:01:11Z INFO  remote_display_client] Decoded: 2880 frames, 57.6 fps, avg decode 1.6ms
[2026-08-05T04:01:11Z INFO  net_transport::video_receiver] Recv stats: 18100 packets, 0 dropped, 2944 assembled, 55 frame_drops
[2026-08-05T04:01:11Z INFO  net_transport::video_receiver] Recv stats: 18200 packets, 0 dropped, 2944 assembled, 55 frame_drops
[2026-08-05T04:01:11Z INFO  net_transport::video_receiver] Recv stats: 18300 packets, 0 dropped, 2974 assembled, 55 frame_drops
[2026-08-05T04:01:11Z INFO  net_transport::video_receiver] Recv stats: 18400 packets, 0 dropped, 2974 assembled, 55 frame_drops
[2026-08-05T04:01:12Z INFO  remote_display_client] Decoded: 2940 frames, 57.6 fps, avg decode 1.6ms
[2026-08-05T04:01:12Z INFO  net_transport::video_receiver] Recv stats: 18500 packets, 0 dropped, 3004 assembled, 55 frame_drops
[2026-08-05T04:01:12Z INFO  net_transport::video_receiver] Recv stats: 18600 packets, 0 dropped, 3004 assembled, 55 frame_drops
[2026-08-05T04:01:13Z INFO  net_transport::video_receiver] Recv stats: 18700 packets, 0 dropped, 3034 assembled, 55 frame_drops
[2026-08-05T04:01:13Z INFO  net_transport::video_receiver] Recv stats: 18800 packets, 0 dropped, 3047 assembled, 55 frame_drops
[2026-08-05T04:01:13Z INFO  remote_display_client] Decoded: 3000 frames, 57.6 fps, avg decode 1.6ms
[2026-08-05T04:01:13Z INFO  net_transport::video_receiver] Recv stats: 18900 packets, 0 dropped, 3064 assembled, 55 frame_drops
[2026-08-05T04:01:13Z INFO  net_transport::video_receiver] Recv stats: 19000 packets, 0 dropped, 3079 assembled, 55 frame_drops
[2026-08-05T04:01:13Z INFO  net_transport::video_receiver] Recv stats: 19100 packets, 0 dropped, 3081 assembled, 55 frame_drops
[2026-08-05T04:01:13Z INFO  net_transport::video_receiver] Recv stats: 19200 packets, 0 dropped, 3082 assembled, 55 frame_drops
[2026-08-05T04:01:13Z INFO  net_transport::video_receiver] Recv stats: 19300 packets, 0 dropped, 3083 assembled, 55 frame_drops
[2026-08-05T04:01:13Z INFO  net_transport::video_receiver] Recv stats: 19400 packets, 0 dropped, 3084 assembled, 55 frame_drops
[2026-08-05T04:01:13Z INFO  net_transport::video_receiver] Recv stats: 19500 packets, 0 dropped, 3087 assembled, 55 frame_drops
[2026-08-05T04:01:14Z INFO  net_transport::video_receiver] Recv stats: 19600 packets, 0 dropped, 3090 assembled, 55 frame_drops
[2026-08-05T04:01:14Z INFO  net_transport::video_receiver] Recv stats: 19700 packets, 0 dropped, 3093 assembled, 55 frame_drops
[2026-08-05T04:01:14Z INFO  net_transport::video_receiver] Recv stats: 19800 packets, 0 dropped, 3094 assembled, 55 frame_drops
[2026-08-05T04:01:14Z INFO  net_transport::video_receiver] Recv stats: 19900 packets, 0 dropped, 3094 assembled, 55 frame_drops
[2026-08-05T04:01:14Z INFO  net_transport::video_receiver] Recv stats: 20000 packets, 0 dropped, 3094 assembled, 55 frame_drops
[2026-08-05T04:01:14Z INFO  net_transport::video_receiver] Recv stats: 20100 packets, 0 dropped, 3095 assembled, 55 frame_drops
[2026-08-05T04:01:14Z INFO  net_transport::video_receiver] Recv stats: 20200 packets, 0 dropped, 3096 assembled, 55 frame_drops
[2026-08-05T04:01:14Z INFO  net_transport::video_receiver] Recv stats: 20300 packets, 0 dropped, 3097 assembled, 55 frame_drops
[2026-08-05T04:01:14Z INFO  net_transport::video_receiver] Recv stats: 20400 packets, 0 dropped, 3099 assembled, 55 frame_drops
[2026-08-05T04:01:14Z INFO  net_transport::video_receiver] Recv stats: 20500 packets, 0 dropped, 3101 assembled, 55 frame_drops
[2026-08-05T04:01:14Z INFO  net_transport::video_receiver] Recv stats: 20600 packets, 0 dropped, 3106 assembled, 55 frame_drops
[2026-08-05T04:01:14Z INFO  net_transport::video_receiver] Recv stats: 20700 packets, 0 dropped, 3108 assembled, 56 frame_drops
[2026-08-05T04:01:14Z INFO  net_transport::video_receiver] Recv stats: 20800 packets, 0 dropped, 3111 assembled, 56 frame_drops
[2026-08-05T04:01:14Z INFO  net_transport::video_receiver] Recv stats: 20900 packets, 0 dropped, 3116 assembled, 56 frame_drops
[2026-08-05T04:01:14Z INFO  remote_display_client] Decoded: 3060 frames, 57.5 fps, avg decode 1.6ms
[2026-08-05T04:01:14Z INFO  net_transport::video_receiver] Recv stats: 21000 packets, 0 dropped, 3123 assembled, 56 frame_drops
[2026-08-05T04:01:14Z INFO  net_transport::video_receiver] Recv stats: 21100 packets, 0 dropped, 3123 assembled, 56 frame_drops
[2026-08-05T04:01:14Z INFO  net_transport::video_receiver] Recv stats: 21200 packets, 0 dropped, 3123 assembled, 56 frame_drops
[2026-08-05T04:01:14Z INFO  net_transport::video_receiver] Recv stats: 21300 packets, 0 dropped, 3127 assembled, 56 frame_drops
[2026-08-05T04:01:14Z INFO  net_transport::video_receiver] Recv stats: 21400 packets, 0 dropped, 3131 assembled, 56 frame_drops
[2026-08-05T04:01:15Z INFO  net_transport::video_receiver] Recv stats: 21500 packets, 0 dropped, 3147 assembled, 56 frame_drops
[2026-08-05T04:01:15Z INFO  net_transport::video_receiver] Recv stats: 21600 packets, 0 dropped, 3153 assembled, 56 frame_drops
[2026-08-05T04:01:15Z INFO  net_transport::video_receiver] Recv stats: 21700 packets, 0 dropped, 3153 assembled, 56 frame_drops
[2026-08-05T04:01:15Z INFO  net_transport::video_receiver] Recv stats: 21800 packets, 0 dropped, 3176 assembled, 56 frame_drops
[2026-08-05T04:01:15Z INFO  remote_display_client] Decoded: 3120 frames, 57.5 fps, avg decode 1.6ms
[2026-08-05T04:01:15Z INFO  net_transport::video_receiver] Recv stats: 21900 packets, 0 dropped, 3181 assembled, 56 frame_drops
[2026-08-05T04:01:15Z INFO  net_transport::video_receiver] Recv stats: 22000 packets, 0 dropped, 3183 assembled, 56 frame_drops
[2026-08-05T04:01:15Z INFO  net_transport::video_receiver] Recv stats: 22100 packets, 0 dropped, 3183 assembled, 56 frame_drops
[2026-08-05T04:01:15Z INFO  net_transport::video_receiver] Recv stats: 22200 packets, 0 dropped, 3183 assembled, 56 frame_drops
[2026-08-05T04:01:15Z INFO  net_transport::video_receiver] Recv stats: 22300 packets, 0 dropped, 3184 assembled, 56 frame_drops
[2026-08-05T04:01:15Z INFO  net_transport::video_receiver] Recv stats: 22400 packets, 0 dropped, 3188 assembled, 56 frame_drops
[2026-08-05T04:01:15Z INFO  net_transport::video_receiver] Recv stats: 22500 packets, 0 dropped, 3189 assembled, 56 frame_drops
[2026-08-05T04:01:15Z INFO  net_transport::video_receiver] Recv stats: 22600 packets, 0 dropped, 3191 assembled, 56 frame_drops
[2026-08-05T04:01:15Z INFO  net_transport::video_receiver] Recv stats: 22700 packets, 0 dropped, 3194 assembled, 56 frame_drops
[2026-08-05T04:01:15Z INFO  net_transport::video_receiver] Recv stats: 22800 packets, 0 dropped, 3196 assembled, 56 frame_drops
[2026-08-05T04:01:15Z INFO  net_transport::video_receiver] Recv stats: 22900 packets, 0 dropped, 3202 assembled, 56 frame_drops
[2026-08-05T04:01:16Z INFO  net_transport::video_receiver] Recv stats: 23000 packets, 0 dropped, 3204 assembled, 56 frame_drops
[2026-08-05T04:01:16Z INFO  net_transport::video_receiver] Recv stats: 23100 packets, 0 dropped, 3207 assembled, 56 frame_drops
[2026-08-05T04:01:16Z INFO  net_transport::video_receiver] Recv stats: 23200 packets, 0 dropped, 3212 assembled, 56 frame_drops
[2026-08-05T04:01:16Z INFO  net_transport::video_receiver] Recv stats: 23300 packets, 0 dropped, 3213 assembled, 56 frame_drops
[2026-08-05T04:01:16Z INFO  net_transport::video_receiver] Recv stats: 23400 packets, 0 dropped, 3213 assembled, 56 frame_drops
[2026-08-05T04:01:16Z INFO  net_transport::video_receiver] Recv stats: 23500 packets, 0 dropped, 3215 assembled, 56 frame_drops
[2026-08-05T04:01:16Z INFO  net_transport::video_receiver] Recv stats: 23600 packets, 0 dropped, 3220 assembled, 56 frame_drops
[2026-08-05T04:01:16Z INFO  net_transport::video_receiver] Recv stats: 23700 packets, 0 dropped, 3222 assembled, 56 frame_drops
[2026-08-05T04:01:16Z INFO  net_transport::video_receiver] Recv stats: 23800 packets, 0 dropped, 3223 assembled, 56 frame_drops
[2026-08-05T04:01:16Z INFO  net_transport::video_receiver] Recv stats: 23900 packets, 0 dropped, 3230 assembled, 56 frame_drops
[2026-08-05T04:01:16Z INFO  remote_display_client] Decoded: 3180 frames, 57.5 fps, avg decode 1.6ms
[2026-08-05T04:01:16Z INFO  net_transport::video_receiver] Recv stats: 24000 packets, 0 dropped, 3243 assembled, 56 frame_drops
[2026-08-05T04:01:16Z INFO  net_transport::video_receiver] Recv stats: 24100 packets, 0 dropped, 3243 assembled, 56 frame_drops
[2026-08-05T04:01:16Z INFO  net_transport::video_receiver] Recv stats: 24200 packets, 0 dropped, 3243 assembled, 56 frame_drops
[2026-08-05T04:01:17Z INFO  net_transport::video_receiver] Recv stats: 24300 packets, 0 dropped, 3273 assembled, 56 frame_drops
[2026-08-05T04:01:17Z INFO  net_transport::video_receiver] Recv stats: 24400 packets, 0 dropped, 3273 assembled, 56 frame_drops
[2026-08-05T04:01:17Z INFO  net_transport::video_receiver] Recv stats: 24500 packets, 0 dropped, 3273 assembled, 56 frame_drops
[2026-08-05T04:01:17Z INFO  remote_display_client] Decoded: 3240 frames, 57.5 fps, avg decode 1.6ms
[2026-08-05T04:01:17Z INFO  net_transport::video_receiver] Recv stats: 24600 packets, 0 dropped, 3303 assembled, 56 frame_drops
[2026-08-05T04:01:17Z INFO  net_transport::video_receiver] Recv stats: 24700 packets, 0 dropped, 3303 assembled, 56 frame_drops
[2026-08-05T04:01:18Z INFO  net_transport::video_receiver] Recv stats: 24800 packets, 0 dropped, 3333 assembled, 56 frame_drops
[2026-08-05T04:01:18Z INFO  net_transport::video_receiver] Recv stats: 24900 packets, 0 dropped, 3333 assembled, 56 frame_drops
[2026-08-05T04:01:18Z INFO  net_transport::video_receiver] Recv stats: 25000 packets, 0 dropped, 3333 assembled, 56 frame_drops
[2026-08-05T04:01:18Z INFO  net_transport::video_receiver] Recv stats: 25100 packets, 0 dropped, 3343 assembled, 56 frame_drops
[2026-08-05T04:01:18Z INFO  net_transport::video_receiver] Recv stats: 25200 packets, 0 dropped, 3347 assembled, 56 frame_drops
[2026-08-05T04:01:18Z INFO  net_transport::video_receiver] Recv stats: 25300 packets, 0 dropped, 3351 assembled, 56 frame_drops
[2026-08-05T04:01:18Z INFO  remote_display_client] Decoded: 3300 frames, 57.5 fps, avg decode 1.6ms
[2026-08-05T04:01:18Z INFO  net_transport::video_receiver] Recv stats: 25400 packets, 0 dropped, 3363 assembled, 56 frame_drops
[2026-08-05T04:01:18Z INFO  net_transport::video_receiver] Recv stats: 25500 packets, 0 dropped, 3363 assembled, 56 frame_drops
[2026-08-05T04:01:19Z INFO  net_transport::video_receiver] Recv stats: 25600 packets, 0 dropped, 3393 assembled, 56 frame_drops
[2026-08-05T04:01:19Z INFO  net_transport::video_receiver] Recv stats: 25700 packets, 0 dropped, 3393 assembled, 56 frame_drops
[2026-08-05T04:01:19Z INFO  net_transport::video_receiver] Recv stats: 25800 packets, 0 dropped, 3397 assembled, 56 frame_drops
[2026-08-05T04:01:19Z INFO  net_transport::video_receiver] Recv stats: 25900 packets, 0 dropped, 3401 assembled, 56 frame_drops
[2026-08-05T04:01:19Z INFO  remote_display_client] Decoded: 3360 frames, 57.4 fps, avg decode 1.6ms
[2026-08-05T04:01:19Z INFO  net_transport::video_receiver] Recv stats: 26000 packets, 0 dropped, 3423 assembled, 56 frame_drops
[2026-08-05T04:01:19Z INFO  net_transport::video_receiver] Recv stats: 26100 packets, 0 dropped, 3423 assembled, 56 frame_drops
[2026-08-05T04:01:20Z INFO  net_transport::video_receiver] Recv stats: 26200 packets, 0 dropped, 3453 assembled, 56 frame_drops
[2026-08-05T04:01:20Z INFO  net_transport::video_receiver] Recv stats: 26300 packets, 0 dropped, 3453 assembled, 56 frame_drops
[2026-08-05T04:01:20Z INFO  net_transport::video_receiver] Recv stats: 26400 packets, 0 dropped, 3471 assembled, 56 frame_drops
[2026-08-05T04:01:20Z INFO  remote_display_client] Decoded: 3420 frames, 57.4 fps, avg decode 1.6ms
[2026-08-05T04:01:20Z INFO  net_transport::video_receiver] Recv stats: 26500 packets, 0 dropped, 3483 assembled, 56 frame_drops
[2026-08-05T04:01:21Z INFO  net_transport::video_receiver] Recv stats: 26600 packets, 0 dropped, 3511 assembled, 56 frame_drops
[2026-08-05T04:01:21Z INFO  net_transport::video_receiver] Recv stats: 26700 packets, 0 dropped, 3513 assembled, 56 frame_drops
[2026-08-05T04:01:21Z INFO  remote_display_client] Decoded: 3480 frames, 57.4 fps, avg decode 1.6ms
[2026-08-05T04:01:22Z INFO  net_transport::video_receiver] Recv stats: 26800 packets, 0 dropped, 3543 assembled, 56 frame_drops
[2026-08-05T04:01:22Z INFO  net_transport::video_receiver] Recv stats: 26900 packets, 0 dropped, 3543 assembled, 56 frame_drops
[2026-08-05T04:01:22Z INFO  net_transport::video_receiver] Recv stats: 27000 packets, 0 dropped, 3573 assembled, 56 frame_drops
[2026-08-05T04:01:22Z INFO  net_transport::video_receiver] Recv stats: 27100 packets, 0 dropped, 3573 assembled, 56 frame_drops
[2026-08-05T04:01:23Z INFO  remote_display_client] Decoded: 3540 frames, 57.3 fps, avg decode 1.6ms
[2026-08-05T04:01:23Z INFO  net_transport::video_receiver] Recv stats: 27200 packets, 0 dropped, 3602 assembled, 56 frame_drops
[2026-08-05T04:01:23Z INFO  net_transport::video_receiver] Recv stats: 27300 packets, 0 dropped, 3602 assembled, 56 frame_drops
[2026-08-05T04:01:23Z INFO  net_transport::video_receiver] Recv stats: 27400 packets, 0 dropped, 3631 assembled, 56 frame_drops
[2026-08-05T04:01:23Z INFO  net_transport::video_receiver] Recv stats: 27500 packets, 0 dropped, 3641 assembled, 56 frame_drops
[2026-08-05T04:01:24Z INFO  remote_display_client] Decoded: 3600 frames, 57.3 fps, avg decode 1.6ms
[2026-08-05T04:01:24Z INFO  net_transport::video_receiver] Recv stats: 27600 packets, 0 dropped, 3661 assembled, 56 frame_drops
[2026-08-05T04:01:24Z INFO  net_transport::video_receiver] Recv stats: 27700 packets, 0 dropped, 3677 assembled, 56 frame_drops
[2026-08-05T04:01:24Z INFO  net_transport::video_receiver] Recv stats: 27800 packets, 0 dropped, 3678 assembled, 56 frame_drops
[2026-08-05T04:01:24Z INFO  net_transport::video_receiver] Recv stats: 27900 packets, 0 dropped, 3680 assembled, 56 frame_drops
[2026-08-05T04:01:24Z INFO  net_transport::video_receiver] Recv stats: 28000 packets, 0 dropped, 3682 assembled, 56 frame_drops
[2026-08-05T04:01:24Z INFO  net_transport::video_receiver] Recv stats: 28100 packets, 0 dropped, 3685 assembled, 56 frame_drops
[2026-08-05T04:01:24Z INFO  net_transport::video_receiver] Recv stats: 28200 packets, 0 dropped, 3691 assembled, 56 frame_drops
[2026-08-05T04:01:24Z INFO  net_transport::video_receiver] Recv stats: 28300 packets, 0 dropped, 3691 assembled, 56 frame_drops
[2026-08-05T04:01:24Z INFO  net_transport::video_receiver] Recv stats: 28400 packets, 0 dropped, 3693 assembled, 56 frame_drops
[2026-08-05T04:01:24Z INFO  net_transport::video_receiver] Recv stats: 28500 packets, 0 dropped, 3697 assembled, 56 frame_drops
[2026-08-05T04:01:25Z INFO  net_transport::video_receiver] Recv stats: 28600 packets, 0 dropped, 3706 assembled, 56 frame_drops
[2026-08-05T04:01:25Z INFO  net_transport::video_receiver] Recv stats: 28700 packets, 0 dropped, 3712 assembled, 56 frame_drops
[2026-08-05T04:01:25Z INFO  remote_display_client] Decoded: 3660 frames, 57.3 fps, avg decode 1.6ms
[2026-08-05T04:01:25Z INFO  net_transport::video_receiver] Recv stats: 28800 packets, 0 dropped, 3721 assembled, 56 frame_drops
[2026-08-05T04:01:25Z INFO  net_transport::video_receiver] Recv stats: 28900 packets, 0 dropped, 3721 assembled, 56 frame_drops
[2026-08-05T04:01:25Z INFO  net_transport::video_receiver] Recv stats: 29000 packets, 0 dropped, 3744 assembled, 56 frame_drops
[2026-08-05T04:01:25Z INFO  net_transport::video_receiver] Recv stats: 29100 packets, 0 dropped, 3751 assembled, 56 frame_drops
[2026-08-05T04:01:25Z INFO  net_transport::video_receiver] Recv stats: 29200 packets, 0 dropped, 3751 assembled, 56 frame_drops
[2026-08-05T04:01:26Z INFO  remote_display_client] Decoded: 3720 frames, 57.3 fps, avg decode 1.6ms
[2026-08-05T04:01:26Z INFO  net_transport::video_receiver] Recv stats: 29300 packets, 0 dropped, 3781 assembled, 56 frame_drops
[2026-08-05T04:01:26Z INFO  net_transport::video_receiver] Recv stats: 29400 packets, 0 dropped, 3781 assembled, 56 frame_drops
[2026-08-05T04:01:26Z INFO  net_transport::video_receiver] Recv stats: 29500 packets, 0 dropped, 3811 assembled, 56 frame_drops
[2026-08-05T04:01:26Z INFO  net_transport::video_receiver] Recv stats: 29600 packets, 0 dropped, 3811 assembled, 56 frame_drops
[2026-08-05T04:01:27Z INFO  net_transport::video_receiver] Recv stats: 29700 packets, 0 dropped, 3835 assembled, 56 frame_drops
[2026-08-05T04:01:27Z INFO  net_transport::video_receiver] Recv stats: 29800 packets, 0 dropped, 3841 assembled, 56 frame_drops
[2026-08-05T04:01:27Z INFO  net_transport::video_receiver] Recv stats: 29900 packets, 0 dropped, 3841 assembled, 56 frame_drops
[2026-08-05T04:01:27Z INFO  net_transport::video_receiver] Recv stats: 30000 packets, 0 dropped, 3842 assembled, 56 frame_drops
[2026-08-05T04:01:27Z INFO  net_transport::video_receiver] Recv stats: 30100 packets, 0 dropped, 3844 assembled, 56 frame_drops
[2026-08-05T04:01:27Z INFO  net_transport::video_receiver] Recv stats: 30200 packets, 0 dropped, 3848 assembled, 56 frame_drops
[2026-08-05T04:01:27Z INFO  net_transport::video_receiver] Recv stats: 30300 packets, 0 dropped, 3853 assembled, 56 frame_drops
[2026-08-05T04:01:27Z INFO  net_transport::video_receiver] Recv stats: 30400 packets, 0 dropped, 3855 assembled, 56 frame_drops
[2026-08-05T04:01:27Z INFO  net_transport::video_receiver] Recv stats: 30500 packets, 0 dropped, 3871 assembled, 56 frame_drops
[2026-08-05T04:01:27Z INFO  net_transport::video_receiver] Recv stats: 30600 packets, 0 dropped, 3871 assembled, 56 frame_drops
[2026-08-05T04:01:27Z INFO  net_transport::video_receiver] Recv stats: 30700 packets, 0 dropped, 3871 assembled, 56 frame_drops
[2026-08-05T04:01:28Z INFO  remote_display_client] Decoded: 3840 frames, 57.3 fps, avg decode 1.6ms
[2026-08-05T04:01:28Z INFO  net_transport::video_receiver] Recv stats: 30800 packets, 0 dropped, 3901 assembled, 56 frame_drops
[2026-08-05T04:01:28Z INFO  net_transport::video_receiver] Recv stats: 30900 packets, 0 dropped, 3901 assembled, 56 frame_drops
[2026-08-05T04:01:28Z INFO  net_transport::video_receiver] Recv stats: 31000 packets, 0 dropped, 3931 assembled, 56 frame_drops
[2026-08-05T04:01:28Z INFO  net_transport::video_receiver] Recv stats: 31100 packets, 0 dropped, 3931 assembled, 56 frame_drops
[2026-08-05T04:01:28Z INFO  net_transport::video_receiver] Recv stats: 31200 packets, 0 dropped, 3931 assembled, 56 frame_drops
[2026-08-05T04:01:29Z INFO  remote_display_client] Decoded: 3900 frames, 57.3 fps, avg decode 1.6ms
[2026-08-05T04:01:29Z INFO  net_transport::video_receiver] Recv stats: 31300 packets, 0 dropped, 3961 assembled, 56 frame_drops
[2026-08-05T04:01:29Z INFO  net_transport::video_receiver] Recv stats: 31400 packets, 0 dropped, 3961 assembled, 56 frame_drops
[2026-08-05T04:01:29Z INFO  net_transport::video_receiver] Recv stats: 31500 packets, 0 dropped, 3991 assembled, 56 frame_drops
[2026-08-05T04:01:29Z INFO  net_transport::video_receiver] Recv stats: 31600 packets, 0 dropped, 3991 assembled, 56 frame_drops
[2026-08-05T04:01:29Z INFO  net_transport::video_receiver] Recv stats: 31700 packets, 0 dropped, 3991 assembled, 56 frame_drops
[2026-08-05T04:01:30Z INFO  remote_display_client] Decoded: 3960 frames, 57.3 fps, avg decode 1.6ms
[2026-08-05T04:01:30Z INFO  net_transport::video_receiver] Recv stats: 31800 packets, 0 dropped, 4021 assembled, 56 frame_drops
[2026-08-05T04:01:30Z INFO  net_transport::video_receiver] Recv stats: 31900 packets, 0 dropped, 4021 assembled, 56 frame_drops
[2026-08-05T04:01:31Z INFO  net_transport::video_receiver] Recv stats: 32000 packets, 0 dropped, 4051 assembled, 56 frame_drops
[2026-08-05T04:01:31Z INFO  net_transport::video_receiver] Recv stats: 32100 packets, 0 dropped, 4051 assembled, 56 frame_drops
[2026-08-05T04:01:31Z INFO  net_transport::video_receiver] Recv stats: 32200 packets, 0 dropped, 4051 assembled, 56 frame_drops
[2026-08-05T04:01:31Z INFO  remote_display_client] Decoded: 4020 frames, 57.3 fps, avg decode 1.6ms
[2026-08-05T04:01:31Z INFO  net_transport::video_receiver] Recv stats: 32300 packets, 0 dropped, 4081 assembled, 56 frame_drops
[2026-08-05T04:01:31Z INFO  net_transport::video_receiver] Recv stats: 32400 packets, 0 dropped, 4081 assembled, 56 frame_drops
[2026-08-05T04:01:32Z INFO  net_transport::video_receiver] Recv stats: 32500 packets, 0 dropped, 4111 assembled, 56 frame_drops
[2026-08-05T04:01:32Z INFO  net_transport::video_receiver] Recv stats: 32600 packets, 0 dropped, 4111 assembled, 56 frame_drops
[2026-08-05T04:01:32Z INFO  net_transport::video_receiver] Recv stats: 32700 packets, 0 dropped, 4112 assembled, 56 frame_drops
[2026-08-05T04:01:32Z INFO  remote_display_client] Decoded: 4080 frames, 57.3 fps, avg decode 1.6ms
[2026-08-05T04:01:32Z INFO  net_transport::video_receiver] Recv stats: 32800 packets, 0 dropped, 4141 assembled, 56 frame_drops
[2026-08-05T04:01:32Z INFO  net_transport::video_receiver] Recv stats: 32900 packets, 0 dropped, 4141 assembled, 56 frame_drops
[2026-08-05T04:01:33Z INFO  net_transport::video_receiver] Recv stats: 33000 packets, 0 dropped, 4171 assembled, 56 frame_drops
[2026-08-05T04:01:33Z INFO  net_transport::video_receiver] Recv stats: 33100 packets, 0 dropped, 4171 assembled, 56 frame_drops
[2026-08-05T04:01:33Z INFO  net_transport::video_receiver] Recv stats: 33200 packets, 0 dropped, 4175 assembled, 56 frame_drops
[2026-08-05T04:01:33Z INFO  net_transport::video_receiver] Recv stats: 33300 packets, 0 dropped, 4195 assembled, 56 frame_drops
[2026-08-05T04:01:33Z INFO  remote_display_client] Decoded: 4140 frames, 57.3 fps, avg decode 1.6ms
[2026-08-05T04:01:33Z INFO  net_transport::video_receiver] Recv stats: 33400 packets, 0 dropped, 4198 assembled, 56 frame_drops
[2026-08-05T04:01:33Z INFO  net_transport::video_receiver] Recv stats: 33500 packets, 0 dropped, 4201 assembled, 56 frame_drops
[2026-08-05T04:01:33Z INFO  net_transport::video_receiver] Recv stats: 33600 packets, 0 dropped, 4201 assembled, 56 frame_drops
[2026-08-05T04:01:33Z INFO  net_transport::video_receiver] Recv stats: 33700 packets, 0 dropped, 4224 assembled, 56 frame_drops
[2026-08-05T04:01:34Z INFO  net_transport::video_receiver] Recv stats: 33800 packets, 0 dropped, 4231 assembled, 56 frame_drops
[2026-08-05T04:01:34Z INFO  net_transport::video_receiver] Recv stats: 33900 packets, 0 dropped, 4231 assembled, 56 frame_drops
[2026-08-05T04:01:34Z INFO  net_transport::video_receiver] Recv stats: 34000 packets, 0 dropped, 4253 assembled, 56 frame_drops
[2026-08-05T04:01:34Z INFO  remote_display_client] Decoded: 4200 frames, 57.3 fps, avg decode 1.6ms
[2026-08-05T04:01:34Z INFO  net_transport::video_receiver] Recv stats: 34100 packets, 0 dropped, 4257 assembled, 56 frame_drops
[2026-08-05T04:01:34Z INFO  net_transport::video_receiver] Recv stats: 34200 packets, 0 dropped, 4261 assembled, 56 frame_drops
[2026-08-05T04:01:34Z INFO  net_transport::video_receiver] Recv stats: 34300 packets, 0 dropped, 4261 assembled, 56 frame_drops
[2026-08-05T04:01:34Z INFO  net_transport::video_receiver] Recv stats: 34400 packets, 0 dropped, 4261 assembled, 56 frame_drops
[2026-08-05T04:01:34Z INFO  net_transport::video_receiver] Recv stats: 34500 packets, 0 dropped, 4266 assembled, 56 frame_drops
[2026-08-05T04:01:35Z INFO  net_transport::video_receiver] Recv stats: 34600 packets, 0 dropped, 4290 assembled, 56 frame_drops
[2026-08-05T04:01:35Z INFO  net_transport::video_receiver] Recv stats: 34700 packets, 0 dropped, 4291 assembled, 56 frame_drops
[2026-08-05T04:01:35Z INFO  net_transport::video_receiver] Recv stats: 34800 packets, 0 dropped, 4291 assembled, 56 frame_drops
[2026-08-05T04:01:35Z INFO  remote_display_client] Decoded: 4260 frames, 57.3 fps, avg decode 1.6ms
[2026-08-05T04:01:35Z INFO  net_transport::video_receiver] Recv stats: 34900 packets, 0 dropped, 4320 assembled, 57 frame_drops
[2026-08-05T04:01:35Z INFO  net_transport::video_receiver] Recv stats: 35000 packets, 0 dropped, 4320 assembled, 57 frame_drops
[2026-08-05T04:01:36Z INFO  net_transport::video_receiver] Recv stats: 35100 packets, 0 dropped, 4350 assembled, 57 frame_drops
[2026-08-05T04:01:36Z INFO  net_transport::video_receiver] Recv stats: 35200 packets, 0 dropped, 4350 assembled, 57 frame_drops
[2026-08-05T04:01:36Z INFO  net_transport::video_receiver] Recv stats: 35300 packets, 0 dropped, 4350 assembled, 57 frame_drops
[2026-08-05T04:01:36Z INFO  remote_display_client] Decoded: 4320 frames, 57.3 fps, avg decode 1.6ms
[2026-08-05T04:01:36Z INFO  net_transport::video_receiver] Recv stats: 35400 packets, 0 dropped, 4379 assembled, 57 frame_drops
[2026-08-05T04:01:36Z INFO  net_transport::video_receiver] Recv stats: 35500 packets, 0 dropped, 4379 assembled, 57 frame_drops
[2026-08-05T04:01:37Z INFO  net_transport::video_receiver] Recv stats: 35600 packets, 0 dropped, 4406 assembled, 57 frame_drops
[2026-08-05T04:01:37Z INFO  net_transport::video_receiver] Recv stats: 35700 packets, 0 dropped, 4409 assembled, 57 frame_drops
[2026-08-05T04:01:37Z INFO  net_transport::video_receiver] Recv stats: 35800 packets, 0 dropped, 4409 assembled, 57 frame_drops
[2026-08-05T04:01:37Z INFO  net_transport::video_receiver] Recv stats: 35900 packets, 0 dropped, 4432 assembled, 57 frame_drops
[2026-08-05T04:01:37Z INFO  remote_display_client] Decoded: 4380 frames, 57.3 fps, avg decode 1.6ms
[2026-08-05T04:01:37Z INFO  net_transport::video_receiver] Recv stats: 36000 packets, 0 dropped, 4439 assembled, 57 frame_drops
[2026-08-05T04:01:37Z INFO  net_transport::video_receiver] Recv stats: 36100 packets, 0 dropped, 4439 assembled, 57 frame_drops
[2026-08-05T04:01:37Z INFO  net_transport::video_receiver] Recv stats: 36200 packets, 0 dropped, 4439 assembled, 57 frame_drops
[2026-08-05T04:01:37Z INFO  net_transport::video_receiver] Recv stats: 36300 packets, 0 dropped, 4444 assembled, 57 frame_drops
[2026-08-05T04:01:38Z INFO  net_transport::video_receiver] Recv stats: 36400 packets, 0 dropped, 4469 assembled, 57 frame_drops
[2026-08-05T04:01:38Z INFO  net_transport::video_receiver] Recv stats: 36500 packets, 0 dropped, 4469 assembled, 57 frame_drops
[2026-08-05T04:01:38Z INFO  net_transport::video_receiver] Recv stats: 36600 packets, 0 dropped, 4469 assembled, 57 frame_drops
[2026-08-05T04:01:38Z INFO  remote_display_client] Decoded: 4440 frames, 57.3 fps, avg decode 1.6ms
[2026-08-05T04:01:38Z INFO  net_transport::video_receiver] Recv stats: 36700 packets, 0 dropped, 4499 assembled, 57 frame_drops
[2026-08-05T04:01:38Z INFO  net_transport::video_receiver] Recv stats: 36800 packets, 0 dropped, 4499 assembled, 57 frame_drops
[2026-08-05T04:01:38Z INFO  net_transport::video_receiver] Recv stats: 36900 packets, 0 dropped, 4499 assembled, 57 frame_drops
[2026-08-05T04:01:39Z INFO  net_transport::video_receiver] Recv stats: 37000 packets, 0 dropped, 4516 assembled, 57 frame_drops
[2026-08-05T04:01:39Z INFO  net_transport::video_receiver] Recv stats: 37100 packets, 0 dropped, 4517 assembled, 57 frame_drops
[2026-08-05T04:01:39Z INFO  net_transport::video_receiver] Recv stats: 37200 packets, 0 dropped, 4528 assembled, 57 frame_drops
[2026-08-05T04:01:39Z INFO  net_transport::video_receiver] Recv stats: 37300 packets, 0 dropped, 4529 assembled, 57 frame_drops
[2026-08-05T04:01:39Z INFO  net_transport::video_receiver] Recv stats: 37400 packets, 0 dropped, 4529 assembled, 57 frame_drops
[2026-08-05T04:01:39Z INFO  net_transport::video_receiver] Recv stats: 37500 packets, 0 dropped, 4529 assembled, 57 frame_drops
[2026-08-05T04:01:39Z INFO  net_transport::video_receiver] Recv stats: 37600 packets, 0 dropped, 4530 assembled, 57 frame_drops
[2026-08-05T04:01:39Z INFO  net_transport::video_receiver] Recv stats: 37700 packets, 0 dropped, 4530 assembled, 57 frame_drops
[2026-08-05T04:01:39Z INFO  net_transport::video_receiver] Recv stats: 37800 packets, 0 dropped, 4531 assembled, 57 frame_drops
[2026-08-05T04:01:39Z INFO  net_transport::video_receiver] Recv stats: 37900 packets, 0 dropped, 4533 assembled, 57 frame_drops
[2026-08-05T04:01:39Z INFO  net_transport::video_receiver] Recv stats: 38000 packets, 0 dropped, 4534 assembled, 57 frame_drops
[2026-08-05T04:01:39Z INFO  net_transport::video_receiver] Recv stats: 38100 packets, 0 dropped, 4539 assembled, 57 frame_drops
[2026-08-05T04:01:39Z INFO  net_transport::video_receiver] Recv stats: 38200 packets, 0 dropped, 4545 assembled, 57 frame_drops
[2026-08-05T04:01:39Z INFO  net_transport::video_receiver] Recv stats: 38300 packets, 0 dropped, 4552 assembled, 57 frame_drops
[2026-08-05T04:01:39Z INFO  remote_display_client] Decoded: 4500 frames, 57.3 fps, avg decode 1.6ms
[2026-08-05T04:01:39Z INFO  net_transport::video_receiver] Recv stats: 38400 packets, 0 dropped, 4559 assembled, 57 frame_drops
[2026-08-05T04:01:39Z INFO  net_transport::video_receiver] Recv stats: 38500 packets, 0 dropped, 4559 assembled, 57 frame_drops
[2026-08-05T04:01:39Z INFO  net_transport::video_receiver] Recv stats: 38600 packets, 0 dropped, 4559 assembled, 57 frame_drops
[2026-08-05T04:01:39Z INFO  net_transport::video_receiver] Recv stats: 38700 packets, 0 dropped, 4561 assembled, 57 frame_drops
[2026-08-05T04:01:39Z INFO  net_transport::video_receiver] Recv stats: 38800 packets, 0 dropped, 4563 assembled, 57 frame_drops
[2026-08-05T04:01:39Z INFO  net_transport::video_receiver] Recv stats: 38900 packets, 0 dropped, 4564 assembled, 57 frame_drops
[2026-08-05T04:01:39Z INFO  net_transport::video_receiver] Recv stats: 39000 packets, 0 dropped, 4565 assembled, 57 frame_drops
[2026-08-05T04:01:39Z INFO  net_transport::video_receiver] Recv stats: 39100 packets, 0 dropped, 4568 assembled, 57 frame_drops
[2026-08-05T04:01:40Z INFO  net_transport::video_receiver] Recv stats: 39200 packets, 0 dropped, 4577 assembled, 57 frame_drops
[2026-08-05T04:01:40Z INFO  net_transport::video_receiver] Recv stats: 39300 packets, 0 dropped, 4584 assembled, 57 frame_drops
[2026-08-05T04:01:40Z INFO  net_transport::video_receiver] Recv stats: 39400 packets, 0 dropped, 4589 assembled, 57 frame_drops
[2026-08-05T04:01:40Z INFO  net_transport::video_receiver] Recv stats: 39500 packets, 0 dropped, 4589 assembled, 57 frame_drops
[2026-08-05T04:01:40Z INFO  net_transport::video_receiver] Recv stats: 39600 packets, 0 dropped, 4589 assembled, 57 frame_drops
[2026-08-05T04:01:40Z INFO  net_transport::video_receiver] Recv stats: 39700 packets, 0 dropped, 4593 assembled, 57 frame_drops
[2026-08-05T04:01:40Z INFO  net_transport::video_receiver] Recv stats: 39800 packets, 0 dropped, 4609 assembled, 57 frame_drops
[2026-08-05T04:01:40Z INFO  remote_display_client] Decoded: 4560 frames, 57.4 fps, avg decode 1.6ms
[2026-08-05T04:01:40Z INFO  net_transport::video_receiver] Recv stats: 39900 packets, 0 dropped, 4619 assembled, 57 frame_drops
[2026-08-05T04:01:40Z INFO  net_transport::video_receiver] Recv stats: 40000 packets, 0 dropped, 4619 assembled, 57 frame_drops
[2026-08-05T04:01:40Z INFO  net_transport::video_receiver] Recv stats: 40100 packets, 0 dropped, 4619 assembled, 57 frame_drops
[2026-08-05T04:01:40Z INFO  net_transport::video_receiver] Recv stats: 40200 packets, 0 dropped, 4623 assembled, 57 frame_drops
[2026-08-05T04:01:41Z INFO  net_transport::video_receiver] Recv stats: 40300 packets, 0 dropped, 4636 assembled, 57 frame_drops
[2026-08-05T04:01:41Z INFO  net_transport::video_receiver] Recv stats: 40400 packets, 0 dropped, 4649 assembled, 57 frame_drops
[2026-08-05T04:01:41Z INFO  net_transport::video_receiver] Recv stats: 40500 packets, 0 dropped, 4649 assembled, 57 frame_drops
[2026-08-05T04:01:41Z INFO  net_transport::video_receiver] Recv stats: 40600 packets, 0 dropped, 4649 assembled, 57 frame_drops
[2026-08-05T04:01:41Z INFO  net_transport::video_receiver] Recv stats: 40700 packets, 0 dropped, 4650 assembled, 57 frame_drops
[2026-08-05T04:01:41Z INFO  net_transport::video_receiver] Recv stats: 40800 packets, 0 dropped, 4664 assembled, 57 frame_drops
[2026-08-05T04:01:41Z INFO  net_transport::video_receiver] Recv stats: 40900 packets, 0 dropped, 4665 assembled, 57 frame_drops
[2026-08-05T04:01:41Z INFO  net_transport::video_receiver] Recv stats: 41000 packets, 0 dropped, 4665 assembled, 57 frame_drops
[2026-08-05T04:01:41Z INFO  net_transport::video_receiver] Recv stats: 41100 packets, 0 dropped, 4666 assembled, 57 frame_drops
[2026-08-05T04:01:41Z INFO  net_transport::video_receiver] Recv stats: 41200 packets, 0 dropped, 4668 assembled, 57 frame_drops
[2026-08-05T04:01:41Z INFO  net_transport::video_receiver] Recv stats: 41300 packets, 0 dropped, 4670 assembled, 57 frame_drops
[2026-08-05T04:01:41Z INFO  remote_display_client] Decoded: 4620 frames, 57.4 fps, avg decode 1.6ms
[2026-08-05T04:01:41Z INFO  net_transport::video_receiver] Recv stats: 41400 packets, 0 dropped, 4679 assembled, 57 frame_drops
[2026-08-05T04:01:41Z INFO  net_transport::video_receiver] Recv stats: 41500 packets, 0 dropped, 4679 assembled, 57 frame_drops
[2026-08-05T04:01:41Z INFO  net_transport::video_receiver] Recv stats: 41600 packets, 0 dropped, 4679 assembled, 57 frame_drops
[2026-08-05T04:01:41Z INFO  net_transport::video_receiver] Recv stats: 41700 packets, 0 dropped, 4682 assembled, 57 frame_drops
[2026-08-05T04:01:42Z INFO  net_transport::video_receiver] Recv stats: 41800 packets, 0 dropped, 4689 assembled, 57 frame_drops
[2026-08-05T04:01:42Z INFO  net_transport::video_receiver] Recv stats: 41900 packets, 0 dropped, 4697 assembled, 57 frame_drops
[2026-08-05T04:01:42Z INFO  net_transport::video_receiver] Recv stats: 42000 packets, 0 dropped, 4697 assembled, 57 frame_drops
[2026-08-05T04:01:42Z INFO  net_transport::video_receiver] Recv stats: 42100 packets, 0 dropped, 4698 assembled, 57 frame_drops
[2026-08-05T04:01:42Z INFO  net_transport::video_receiver] Recv stats: 42200 packets, 0 dropped, 4699 assembled, 57 frame_drops
[2026-08-05T04:01:42Z INFO  net_transport::video_receiver] Recv stats: 42300 packets, 0 dropped, 4701 assembled, 57 frame_drops
[2026-08-05T04:01:42Z INFO  net_transport::video_receiver] Recv stats: 42400 packets, 0 dropped, 4709 assembled, 57 frame_drops
[2026-08-05T04:01:42Z INFO  net_transport::video_receiver] Recv stats: 42500 packets, 0 dropped, 4709 assembled, 57 frame_drops
[2026-08-05T04:01:42Z INFO  net_transport::video_receiver] Recv stats: 42600 packets, 0 dropped, 4709 assembled, 57 frame_drops
[2026-08-05T04:01:42Z INFO  net_transport::video_receiver] Recv stats: 42700 packets, 0 dropped, 4712 assembled, 57 frame_drops
[2026-08-05T04:01:42Z INFO  net_transport::video_receiver] Recv stats: 42800 packets, 0 dropped, 4717 assembled, 57 frame_drops
[2026-08-05T04:01:42Z INFO  net_transport::video_receiver] Recv stats: 42900 packets, 0 dropped, 4722 assembled, 57 frame_drops
[2026-08-05T04:01:42Z INFO  net_transport::video_receiver] Recv stats: 43000 packets, 0 dropped, 4724 assembled, 57 frame_drops
[2026-08-05T04:01:42Z INFO  net_transport::video_receiver] Recv stats: 43100 packets, 0 dropped, 4725 assembled, 57 frame_drops
[2026-08-05T04:01:42Z INFO  net_transport::video_receiver] Recv stats: 43200 packets, 0 dropped, 4727 assembled, 57 frame_drops
[2026-08-05T04:01:42Z INFO  net_transport::video_receiver] Recv stats: 43300 packets, 0 dropped, 4728 assembled, 57 frame_drops
[2026-08-05T04:01:42Z INFO  net_transport::video_receiver] Recv stats: 43400 packets, 0 dropped, 4733 assembled, 57 frame_drops
[2026-08-05T04:01:42Z INFO  remote_display_client] Decoded: 4680 frames, 57.4 fps, avg decode 1.6ms
[2026-08-05T04:01:42Z INFO  net_transport::video_receiver] Recv stats: 43500 packets, 0 dropped, 4739 assembled, 57 frame_drops
[2026-08-05T04:01:42Z INFO  net_transport::video_receiver] Recv stats: 43600 packets, 0 dropped, 4739 assembled, 57 frame_drops
[2026-08-05T04:01:42Z INFO  net_transport::video_receiver] Recv stats: 43700 packets, 0 dropped, 4739 assembled, 57 frame_drops
[2026-08-05T04:01:42Z INFO  net_transport::video_receiver] Recv stats: 43800 packets, 0 dropped, 4743 assembled, 57 frame_drops
[2026-08-05T04:01:43Z INFO  net_transport::video_receiver] Recv stats: 43900 packets, 0 dropped, 4748 assembled, 57 frame_drops
[2026-08-05T04:01:43Z INFO  net_transport::video_receiver] Recv stats: 44000 packets, 0 dropped, 4752 assembled, 57 frame_drops
[2026-08-05T04:01:43Z INFO  net_transport::video_receiver] Recv stats: 44100 packets, 0 dropped, 4753 assembled, 57 frame_drops
[2026-08-05T04:01:43Z INFO  net_transport::video_receiver] Recv stats: 44200 packets, 0 dropped, 4754 assembled, 57 frame_drops
[2026-08-05T04:01:43Z INFO  net_transport::video_receiver] Recv stats: 44300 packets, 0 dropped, 4757 assembled, 57 frame_drops
[2026-08-05T04:01:43Z INFO  net_transport::video_receiver] Recv stats: 44400 packets, 0 dropped, 4763 assembled, 57 frame_drops
[2026-08-05T04:01:43Z INFO  net_transport::video_receiver] Recv stats: 44500 packets, 0 dropped, 4769 assembled, 57 frame_drops
[2026-08-05T04:01:43Z INFO  net_transport::video_receiver] Recv stats: 44600 packets, 0 dropped, 4769 assembled, 57 frame_drops
[2026-08-05T04:01:43Z INFO  net_transport::video_receiver] Recv stats: 44700 packets, 0 dropped, 4769 assembled, 57 frame_drops
[2026-08-05T04:01:43Z INFO  net_transport::video_receiver] Recv stats: 44800 packets, 0 dropped, 4771 assembled, 57 frame_drops
[2026-08-05T04:01:43Z INFO  net_transport::video_receiver] Recv stats: 44900 packets, 0 dropped, 4777 assembled, 57 frame_drops
[2026-08-05T04:01:43Z INFO  net_transport::video_receiver] Recv stats: 45000 packets, 0 dropped, 4781 assembled, 57 frame_drops
[2026-08-05T04:01:43Z INFO  net_transport::video_receiver] Recv stats: 45100 packets, 0 dropped, 4792 assembled, 57 frame_drops
[2026-08-05T04:01:43Z INFO  net_transport::video_receiver] Recv stats: 45200 packets, 0 dropped, 4795 assembled, 57 frame_drops
[2026-08-05T04:01:43Z INFO  remote_display_client] Decoded: 4740 frames, 57.4 fps, avg decode 1.6ms
[2026-08-05T04:01:43Z INFO  net_transport::video_receiver] Recv stats: 45300 packets, 0 dropped, 4799 assembled, 57 frame_drops
[2026-08-05T04:01:43Z INFO  net_transport::video_receiver] Recv stats: 45400 packets, 0 dropped, 4799 assembled, 57 frame_drops
[2026-08-05T04:01:43Z INFO  net_transport::video_receiver] Recv stats: 45500 packets, 0 dropped, 4799 assembled, 57 frame_drops
[2026-08-05T04:01:43Z INFO  net_transport::video_receiver] Recv stats: 45600 packets, 0 dropped, 4802 assembled, 57 frame_drops
[2026-08-05T04:01:44Z INFO  net_transport::video_receiver] Recv stats: 45700 packets, 0 dropped, 4805 assembled, 57 frame_drops
[2026-08-05T04:01:44Z INFO  net_transport::video_receiver] Recv stats: 45800 packets, 0 dropped, 4805 assembled, 57 frame_drops
[2026-08-05T04:01:44Z INFO  net_transport::video_receiver] Recv stats: 45900 packets, 0 dropped, 4806 assembled, 57 frame_drops
[2026-08-05T04:01:44Z INFO  net_transport::video_receiver] Recv stats: 46000 packets, 0 dropped, 4807 assembled, 57 frame_drops
[2026-08-05T04:01:44Z INFO  net_transport::video_receiver] Recv stats: 46100 packets, 0 dropped, 4810 assembled, 57 frame_drops
[2026-08-05T04:01:44Z INFO  net_transport::video_receiver] Recv stats: 46200 packets, 0 dropped, 4815 assembled, 57 frame_drops
[2026-08-05T04:01:44Z INFO  net_transport::video_receiver] Recv stats: 46300 packets, 0 dropped, 4820 assembled, 57 frame_drops
[2026-08-05T04:01:44Z INFO  net_transport::video_receiver] Recv stats: 46400 packets, 0 dropped, 4825 assembled, 57 frame_drops
[2026-08-05T04:01:44Z INFO  net_transport::video_receiver] Recv stats: 46500 packets, 0 dropped, 4828 assembled, 57 frame_drops
[2026-08-05T04:01:44Z INFO  net_transport::video_receiver] Recv stats: 46600 packets, 0 dropped, 4829 assembled, 57 frame_drops
[2026-08-05T04:01:44Z INFO  net_transport::video_receiver] Recv stats: 46700 packets, 0 dropped, 4829 assembled, 57 frame_drops
[2026-08-05T04:01:44Z INFO  net_transport::video_receiver] Recv stats: 46800 packets, 0 dropped, 4830 assembled, 57 frame_drops
[2026-08-05T04:01:44Z INFO  net_transport::video_receiver] Recv stats: 46900 packets, 0 dropped, 4837 assembled, 57 frame_drops
[2026-08-05T04:01:44Z INFO  net_transport::video_receiver] Recv stats: 47000 packets, 0 dropped, 4839 assembled, 57 frame_drops
[2026-08-05T04:01:44Z INFO  net_transport::video_receiver] Recv stats: 47100 packets, 0 dropped, 4840 assembled, 57 frame_drops
[2026-08-05T04:01:44Z INFO  net_transport::video_receiver] Recv stats: 47200 packets, 0 dropped, 4840 assembled, 57 frame_drops
[2026-08-05T04:01:44Z INFO  net_transport::video_receiver] Recv stats: 47300 packets, 0 dropped, 4841 assembled, 57 frame_drops
[2026-08-05T04:01:44Z INFO  net_transport::video_receiver] Recv stats: 47400 packets, 0 dropped, 4845 assembled, 57 frame_drops
[2026-08-05T04:01:44Z INFO  net_transport::video_receiver] Recv stats: 47500 packets, 0 dropped, 4850 assembled, 57 frame_drops
[2026-08-05T04:01:44Z INFO  net_transport::video_receiver] Recv stats: 47600 packets, 0 dropped, 4856 assembled, 57 frame_drops
[2026-08-05T04:01:44Z INFO  remote_display_client] Decoded: 4800 frames, 57.4 fps, avg decode 1.6ms
[2026-08-05T04:01:44Z INFO  net_transport::video_receiver] Recv stats: 47700 packets, 0 dropped, 4858 assembled, 57 frame_drops
[2026-08-05T04:01:44Z INFO  net_transport::video_receiver] Recv stats: 47800 packets, 0 dropped, 4859 assembled, 57 frame_drops
[2026-08-05T04:01:44Z INFO  net_transport::video_receiver] Recv stats: 47900 packets, 0 dropped, 4859 assembled, 57 frame_drops
[2026-08-05T04:01:44Z INFO  net_transport::video_receiver] Recv stats: 48000 packets, 0 dropped, 4859 assembled, 57 frame_drops
[2026-08-05T04:01:45Z INFO  net_transport::video_receiver] Recv stats: 48100 packets, 0 dropped, 4863 assembled, 57 frame_drops
[2026-08-05T04:01:45Z INFO  net_transport::video_receiver] Recv stats: 48200 packets, 0 dropped, 4871 assembled, 57 frame_drops
[2026-08-05T04:01:45Z INFO  net_transport::video_receiver] Recv stats: 48300 packets, 0 dropped, 4873 assembled, 57 frame_drops
[2026-08-05T04:01:45Z INFO  net_transport::video_receiver] Recv stats: 48400 packets, 0 dropped, 4873 assembled, 57 frame_drops
[2026-08-05T04:01:45Z INFO  net_transport::video_receiver] Recv stats: 48500 packets, 0 dropped, 4874 assembled, 57 frame_drops
[2026-08-05T04:01:45Z INFO  net_transport::video_receiver] Recv stats: 48600 packets, 0 dropped, 4875 assembled, 57 frame_drops
[2026-08-05T04:01:45Z INFO  net_transport::video_receiver] Recv stats: 48700 packets, 0 dropped, 4876 assembled, 57 frame_drops
[2026-08-05T04:01:45Z INFO  net_transport::video_receiver] Recv stats: 48800 packets, 0 dropped, 4882 assembled, 57 frame_drops
[2026-08-05T04:01:45Z INFO  net_transport::video_receiver] Recv stats: 48900 packets, 0 dropped, 4888 assembled, 57 frame_drops
[2026-08-05T04:01:45Z INFO  net_transport::video_receiver] Recv stats: 49000 packets, 0 dropped, 4889 assembled, 57 frame_drops
[2026-08-05T04:01:45Z INFO  net_transport::video_receiver] Recv stats: 49100 packets, 0 dropped, 4889 assembled, 57 frame_drops
[2026-08-05T04:01:45Z INFO  net_transport::video_receiver] Recv stats: 49200 packets, 0 dropped, 4889 assembled, 57 frame_drops
[2026-08-05T04:01:45Z INFO  net_transport::video_receiver] Recv stats: 49300 packets, 0 dropped, 4893 assembled, 57 frame_drops
[2026-08-05T04:01:45Z INFO  net_transport::video_receiver] Recv stats: 49400 packets, 0 dropped, 4897 assembled, 57 frame_drops
[2026-08-05T04:01:45Z INFO  net_transport::video_receiver] Recv stats: 49500 packets, 0 dropped, 4903 assembled, 57 frame_drops
[2026-08-05T04:01:45Z INFO  net_transport::video_receiver] Recv stats: 49600 packets, 0 dropped, 4913 assembled, 57 frame_drops
[2026-08-05T04:01:45Z INFO  net_transport::video_receiver] Recv stats: 49700 packets, 0 dropped, 4913 assembled, 57 frame_drops
[2026-08-05T04:01:45Z INFO  net_transport::video_receiver] Recv stats: 49800 packets, 0 dropped, 4915 assembled, 57 frame_drops
[2026-08-05T04:01:45Z INFO  net_transport::video_receiver] Recv stats: 49900 packets, 0 dropped, 4916 assembled, 57 frame_drops
[2026-08-05T04:01:45Z INFO  remote_display_client] Decoded: 4860 frames, 57.4 fps, avg decode 1.6ms
[2026-08-05T04:01:45Z INFO  net_transport::video_receiver] Recv stats: 50000 packets, 0 dropped, 4917 assembled, 57 frame_drops
[2026-08-05T04:01:46Z INFO  net_transport::video_receiver] Recv stats: 50100 packets, 0 dropped, 4919 assembled, 57 frame_drops
[2026-08-05T04:01:46Z INFO  net_transport::video_receiver] Recv stats: 50200 packets, 0 dropped, 4919 assembled, 57 frame_drops
[2026-08-05T04:01:46Z INFO  net_transport::video_receiver] Recv stats: 50300 packets, 0 dropped, 4922 assembled, 57 frame_drops
[2026-08-05T04:01:46Z INFO  net_transport::video_receiver] Recv stats: 50400 packets, 0 dropped, 4927 assembled, 57 frame_drops
[2026-08-05T04:01:46Z INFO  net_transport::video_receiver] Recv stats: 50500 packets, 0 dropped, 4932 assembled, 57 frame_drops
[2026-08-05T04:01:46Z INFO  net_transport::video_receiver] Recv stats: 50600 packets, 0 dropped, 4938 assembled, 57 frame_drops
[2026-08-05T04:01:46Z INFO  net_transport::video_receiver] Recv stats: 50700 packets, 0 dropped, 4948 assembled, 57 frame_drops
[2026-08-05T04:01:46Z INFO  net_transport::video_receiver] Recv stats: 50800 packets, 0 dropped, 4949 assembled, 57 frame_drops
[2026-08-05T04:01:46Z INFO  net_transport::video_receiver] Recv stats: 50900 packets, 0 dropped, 4949 assembled, 57 frame_drops
[2026-08-05T04:01:46Z INFO  net_transport::video_receiver] Recv stats: 51000 packets, 0 dropped, 4949 assembled, 57 frame_drops
[2026-08-05T04:01:46Z INFO  remote_display_client] Decoded: 4920 frames, 57.4 fps, avg decode 1.6ms
[2026-08-05T04:01:47Z INFO  net_transport::video_receiver] Recv stats: 51100 packets, 0 dropped, 4979 assembled, 57 frame_drops
[2026-08-05T04:01:47Z INFO  net_transport::video_receiver] Recv stats: 51200 packets, 0 dropped, 4979 assembled, 57 frame_drops
[2026-08-05T04:01:47Z INFO  net_transport::video_receiver] Recv stats: 51300 packets, 0 dropped, 4979 assembled, 57 frame_drops
[2026-08-05T04:01:47Z INFO  net_transport::video_receiver] Recv stats: 51400 packets, 0 dropped, 4979 assembled, 57 frame_drops
[2026-08-05T04:01:47Z INFO  net_transport::video_receiver] Recv stats: 51500 packets, 0 dropped, 5009 assembled, 57 frame_drops
[2026-08-05T04:01:47Z INFO  net_transport::video_receiver] Recv stats: 51600 packets, 0 dropped, 5009 assembled, 57 frame_drops
[2026-08-05T04:01:47Z INFO  net_transport::video_receiver] Recv stats: 51700 packets, 0 dropped, 5009 assembled, 57 frame_drops
[2026-08-05T04:01:47Z INFO  net_transport::video_receiver] Recv stats: 51800 packets, 0 dropped, 5009 assembled, 57 frame_drops
[2026-08-05T04:01:47Z INFO  net_transport::video_receiver] Recv stats: 51900 packets, 0 dropped, 5029 assembled, 57 frame_drops
[2026-08-05T04:01:48Z INFO  remote_display_client] Decoded: 4980 frames, 57.4 fps, avg decode 1.6ms
[2026-08-05T04:01:48Z INFO  net_transport::video_receiver] Recv stats: 52000 packets, 0 dropped, 5039 assembled, 57 frame_drops
[2026-08-05T04:01:48Z INFO  net_transport::video_receiver] Recv stats: 52100 packets, 0 dropped, 5039 assembled, 57 frame_drops
[2026-08-05T04:01:48Z INFO  net_transport::video_receiver] Recv stats: 52200 packets, 0 dropped, 5039 assembled, 57 frame_drops
[2026-08-05T04:01:48Z INFO  net_transport::video_receiver] Recv stats: 52300 packets, 0 dropped, 5062 assembled, 57 frame_drops
[2026-08-05T04:01:48Z INFO  net_transport::video_receiver] Recv stats: 52400 packets, 0 dropped, 5069 assembled, 57 frame_drops
[2026-08-05T04:01:48Z INFO  net_transport::video_receiver] Recv stats: 52500 packets, 0 dropped, 5069 assembled, 57 frame_drops
[2026-08-05T04:01:48Z INFO  net_transport::video_receiver] Recv stats: 52600 packets, 0 dropped, 5069 assembled, 57 frame_drops
[2026-08-05T04:01:49Z INFO  net_transport::video_receiver] Recv stats: 52700 packets, 0 dropped, 5096 assembled, 57 frame_drops
[2026-08-05T04:01:49Z INFO  remote_display_client] Decoded: 5040 frames, 57.4 fps, avg decode 1.6ms
[2026-08-05T04:01:49Z INFO  net_transport::video_receiver] Recv stats: 52800 packets, 0 dropped, 5099 assembled, 57 frame_drops
[2026-08-05T04:01:49Z INFO  net_transport::video_receiver] Recv stats: 52900 packets, 0 dropped, 5099 assembled, 57 frame_drops
[2026-08-05T04:01:49Z INFO  net_transport::video_receiver] Recv stats: 53000 packets, 0 dropped, 5099 assembled, 57 frame_drops
[2026-08-05T04:01:49Z INFO  net_transport::video_receiver] Recv stats: 53100 packets, 0 dropped, 5129 assembled, 57 frame_drops
[2026-08-05T04:01:49Z INFO  net_transport::video_receiver] Recv stats: 53200 packets, 0 dropped, 5129 assembled, 57 frame_drops
[2026-08-05T04:01:49Z INFO  net_transport::video_receiver] Recv stats: 53300 packets, 0 dropped, 5129 assembled, 57 frame_drops
[2026-08-05T04:01:49Z INFO  net_transport::video_receiver] Recv stats: 53400 packets, 0 dropped, 5129 assembled, 57 frame_drops
[2026-08-05T04:01:50Z INFO  remote_display_client] Decoded: 5100 frames, 57.4 fps, avg decode 1.6ms
[2026-08-05T04:01:50Z INFO  net_transport::video_receiver] Recv stats: 53500 packets, 0 dropped, 5159 assembled, 57 frame_drops
[2026-08-05T04:01:50Z INFO  net_transport::video_receiver] Recv stats: 53600 packets, 0 dropped, 5159 assembled, 57 frame_drops
[2026-08-05T04:01:50Z INFO  net_transport::video_receiver] Recv stats: 53700 packets, 0 dropped, 5159 assembled, 57 frame_drops
[2026-08-05T04:01:50Z INFO  net_transport::video_receiver] Recv stats: 53800 packets, 0 dropped, 5159 assembled, 57 frame_drops
[2026-08-05T04:01:50Z INFO  net_transport::video_receiver] Recv stats: 53900 packets, 0 dropped, 5189 assembled, 57 frame_drops
[2026-08-05T04:01:50Z INFO  net_transport::video_receiver] Recv stats: 54000 packets, 0 dropped, 5189 assembled, 57 frame_drops
[2026-08-05T04:01:50Z INFO  net_transport::video_receiver] Recv stats: 54100 packets, 0 dropped, 5189 assembled, 57 frame_drops
[2026-08-05T04:01:50Z INFO  net_transport::video_receiver] Recv stats: 54200 packets, 0 dropped, 5189 assembled, 57 frame_drops
[2026-08-05T04:01:51Z INFO  remote_display_client] Decoded: 5160 frames, 57.4 fps, avg decode 1.6ms
[2026-08-05T04:01:51Z INFO  net_transport::video_receiver] Recv stats: 54300 packets, 0 dropped, 5218 assembled, 57 frame_drops
[2026-08-05T04:01:51Z INFO  net_transport::video_receiver] Recv stats: 54400 packets, 0 dropped, 5218 assembled, 57 frame_drops
[2026-08-05T04:01:51Z INFO  net_transport::video_receiver] Recv stats: 54500 packets, 0 dropped, 5218 assembled, 57 frame_drops
[2026-08-05T04:01:51Z INFO  net_transport::video_receiver] Recv stats: 54600 packets, 0 dropped, 5218 assembled, 57 frame_drops
[2026-08-05T04:01:51Z INFO  net_transport::video_receiver] Recv stats: 54700 packets, 0 dropped, 5248 assembled, 57 frame_drops
[2026-08-05T04:01:51Z INFO  net_transport::video_receiver] Recv stats: 54800 packets, 0 dropped, 5248 assembled, 57 frame_drops
[2026-08-05T04:01:51Z INFO  net_transport::video_receiver] Recv stats: 54900 packets, 0 dropped, 5248 assembled, 57 frame_drops
[2026-08-05T04:01:51Z INFO  net_transport::video_receiver] Recv stats: 55000 packets, 0 dropped, 5248 assembled, 57 frame_drops
[2026-08-05T04:01:52Z INFO  remote_display_client] Decoded: 5220 frames, 57.4 fps, avg decode 1.6ms
[2026-08-05T04:01:52Z INFO  net_transport::video_receiver] Recv stats: 55100 packets, 0 dropped, 5278 assembled, 57 frame_drops
[2026-08-05T04:01:52Z INFO  net_transport::video_receiver] Recv stats: 55200 packets, 0 dropped, 5278 assembled, 57 frame_drops
[2026-08-05T04:01:52Z INFO  net_transport::video_receiver] Recv stats: 55300 packets, 0 dropped, 5278 assembled, 57 frame_drops
[2026-08-05T04:01:52Z INFO  net_transport::video_receiver] Recv stats: 55400 packets, 0 dropped, 5278 assembled, 57 frame_drops
[2026-08-05T04:01:52Z INFO  net_transport::video_receiver] Recv stats: 55500 packets, 0 dropped, 5308 assembled, 57 frame_drops
[2026-08-05T04:01:52Z INFO  net_transport::video_receiver] Recv stats: 55600 packets, 0 dropped, 5308 assembled, 57 frame_drops
[2026-08-05T04:01:52Z INFO  net_transport::video_receiver] Recv stats: 55700 packets, 0 dropped, 5308 assembled, 57 frame_drops
[2026-08-05T04:01:52Z INFO  net_transport::video_receiver] Recv stats: 55800 packets, 0 dropped, 5308 assembled, 57 frame_drops
[2026-08-05T04:01:53Z INFO  remote_display_client] Decoded: 5280 frames, 57.4 fps, avg decode 1.6ms
[2026-08-05T04:01:53Z INFO  net_transport::video_receiver] Recv stats: 55900 packets, 0 dropped, 5338 assembled, 57 frame_drops
[2026-08-05T04:01:53Z INFO  net_transport::video_receiver] Recv stats: 56000 packets, 0 dropped, 5338 assembled, 57 frame_drops
[2026-08-05T04:01:53Z INFO  net_transport::video_receiver] Recv stats: 56100 packets, 0 dropped, 5338 assembled, 57 frame_drops
[2026-08-05T04:01:53Z INFO  net_transport::video_receiver] Recv stats: 56200 packets, 0 dropped, 5367 assembled, 58 frame_drops
[2026-08-05T04:01:53Z INFO  net_transport::video_receiver] Recv stats: 56300 packets, 0 dropped, 5367 assembled, 58 frame_drops
[2026-08-05T04:01:53Z INFO  net_transport::video_receiver] Recv stats: 56400 packets, 0 dropped, 5367 assembled, 58 frame_drops
[2026-08-05T04:01:53Z INFO  net_transport::video_receiver] Recv stats: 56500 packets, 0 dropped, 5367 assembled, 58 frame_drops
[2026-08-05T04:01:54Z INFO  remote_display_client] Decoded: 5340 frames, 57.4 fps, avg decode 1.6ms
[2026-08-05T04:01:54Z INFO  net_transport::video_receiver] Recv stats: 56600 packets, 0 dropped, 5397 assembled, 58 frame_drops
[2026-08-05T04:01:54Z INFO  net_transport::video_receiver] Recv stats: 56700 packets, 0 dropped, 5397 assembled, 58 frame_drops
[2026-08-05T04:01:54Z INFO  net_transport::video_receiver] Recv stats: 56800 packets, 0 dropped, 5397 assembled, 58 frame_drops
[2026-08-05T04:01:54Z INFO  net_transport::video_receiver] Recv stats: 56900 packets, 0 dropped, 5397 assembled, 58 frame_drops
[2026-08-05T04:01:54Z INFO  net_transport::video_receiver] Recv stats: 57000 packets, 0 dropped, 5426 assembled, 59 frame_drops
[2026-08-05T04:01:54Z INFO  net_transport::video_receiver] Recv stats: 57100 packets, 0 dropped, 5426 assembled, 59 frame_drops
[2026-08-05T04:01:54Z INFO  net_transport::video_receiver] Recv stats: 57200 packets, 0 dropped, 5426 assembled, 59 frame_drops
[2026-08-05T04:01:54Z INFO  net_transport::video_receiver] Recv stats: 57300 packets, 0 dropped, 5427 assembled, 59 frame_drops
[2026-08-05T04:01:55Z INFO  net_transport::video_receiver] Recv stats: 57400 packets, 0 dropped, 5456 assembled, 59 frame_drops
[2026-08-05T04:01:55Z INFO  net_transport::video_receiver] Recv stats: 57500 packets, 0 dropped, 5456 assembled, 59 frame_drops
[2026-08-05T04:01:55Z INFO  net_transport::video_receiver] Recv stats: 57600 packets, 0 dropped, 5456 assembled, 59 frame_drops
[2026-08-05T04:01:55Z INFO  net_transport::video_receiver] Recv stats: 57700 packets, 0 dropped, 5464 assembled, 59 frame_drops
[2026-08-05T04:01:55Z INFO  net_transport::video_receiver] Recv stats: 57800 packets, 0 dropped, 5486 assembled, 59 frame_drops
[2026-08-05T04:01:55Z INFO  net_transport::video_receiver] Recv stats: 57900 packets, 0 dropped, 5486 assembled, 59 frame_drops
[2026-08-05T04:01:55Z INFO  net_transport::video_receiver] Recv stats: 58000 packets, 0 dropped, 5486 assembled, 59 frame_drops
[2026-08-05T04:01:56Z INFO  net_transport::video_receiver] Recv stats: 58100 packets, 0 dropped, 5502 assembled, 59 frame_drops
[2026-08-05T04:01:56Z INFO  net_transport::video_receiver] Recv stats: 58200 packets, 0 dropped, 5516 assembled, 59 frame_drops
[2026-08-05T04:01:56Z INFO  net_transport::video_receiver] Recv stats: 58300 packets, 0 dropped, 5516 assembled, 59 frame_drops
[2026-08-05T04:01:56Z INFO  net_transport::video_receiver] Recv stats: 58400 packets, 0 dropped, 5516 assembled, 59 frame_drops
[2026-08-05T04:01:56Z INFO  remote_display_client] Decoded: 5460 frames, 57.4 fps, avg decode 1.6ms
[2026-08-05T04:01:56Z INFO  net_transport::video_receiver] Recv stats: 58500 packets, 0 dropped, 5540 assembled, 59 frame_drops
[2026-08-05T04:01:56Z INFO  net_transport::video_receiver] Recv stats: 58600 packets, 0 dropped, 5546 assembled, 59 frame_drops
[2026-08-05T04:01:56Z INFO  net_transport::video_receiver] Recv stats: 58700 packets, 0 dropped, 5546 assembled, 59 frame_drops
[2026-08-05T04:01:56Z INFO  net_transport::video_receiver] Recv stats: 58800 packets, 0 dropped, 5546 assembled, 59 frame_drops
[2026-08-05T04:01:57Z INFO  net_transport::video_receiver] Recv stats: 58900 packets, 0 dropped, 5576 assembled, 59 frame_drops
[2026-08-05T04:01:57Z INFO  net_transport::video_receiver] Recv stats: 59000 packets, 0 dropped, 5576 assembled, 59 frame_drops
[2026-08-05T04:01:57Z INFO  net_transport::video_receiver] Recv stats: 59100 packets, 0 dropped, 5576 assembled, 59 frame_drops
[2026-08-05T04:01:57Z INFO  net_transport::video_receiver] Recv stats: 59200 packets, 0 dropped, 5576 assembled, 59 frame_drops
[2026-08-05T04:01:58Z INFO  net_transport::video_receiver] Recv stats: 59300 packets, 0 dropped, 5606 assembled, 59 frame_drops
[2026-08-05T04:01:58Z INFO  net_transport::video_receiver] Recv stats: 59400 packets, 0 dropped, 5606 assembled, 59 frame_drops
[2026-08-05T04:01:58Z INFO  net_transport::video_receiver] Recv stats: 59500 packets, 0 dropped, 5606 assembled, 59 frame_drops
[2026-08-05T04:01:58Z INFO  net_transport::video_receiver] Recv stats: 59600 packets, 0 dropped, 5606 assembled, 59 frame_drops
[2026-08-05T04:01:58Z INFO  net_transport::video_receiver] Recv stats: 59700 packets, 0 dropped, 5636 assembled, 59 frame_drops
[2026-08-05T04:01:58Z INFO  net_transport::video_receiver] Recv stats: 59800 packets, 0 dropped, 5636 assembled, 59 frame_drops
[2026-08-05T04:01:58Z INFO  net_transport::video_receiver] Recv stats: 59900 packets, 0 dropped, 5636 assembled, 59 frame_drops
[2026-08-05T04:01:58Z INFO  net_transport::video_receiver] Recv stats: 60000 packets, 0 dropped, 5636 assembled, 59 frame_drops
[2026-08-05T04:01:58Z INFO  remote_display_client] Decoded: 5580 frames, 57.4 fps, avg decode 1.6ms
[2026-08-05T04:01:59Z INFO  net_transport::video_receiver] Recv stats: 60100 packets, 0 dropped, 5666 assembled, 59 frame_drops
[2026-08-05T04:01:59Z INFO  net_transport::video_receiver] Recv stats: 60200 packets, 0 dropped, 5666 assembled, 59 frame_drops
[2026-08-05T04:01:59Z INFO  net_transport::video_receiver] Recv stats: 60300 packets, 0 dropped, 5666 assembled, 59 frame_drops
[2026-08-05T04:01:59Z INFO  net_transport::video_receiver] Recv stats: 60400 packets, 0 dropped, 5666 assembled, 59 frame_drops
[2026-08-05T04:01:59Z INFO  net_transport::video_receiver] Recv stats: 60500 packets, 0 dropped, 5696 assembled, 59 frame_drops
[2026-08-05T04:01:59Z INFO  net_transport::video_receiver] Recv stats: 60600 packets, 0 dropped, 5696 assembled, 59 frame_drops
[2026-08-05T04:01:59Z INFO  net_transport::video_receiver] Recv stats: 60700 packets, 0 dropped, 5696 assembled, 59 frame_drops
[2026-08-05T04:01:59Z INFO  net_transport::video_receiver] Recv stats: 60800 packets, 0 dropped, 5696 assembled, 59 frame_drops
[2026-08-05T04:02:00Z INFO  net_transport::video_receiver] Recv stats: 60900 packets, 0 dropped, 5726 assembled, 59 frame_drops
[2026-08-05T04:02:00Z INFO  net_transport::video_receiver] Recv stats: 61000 packets, 0 dropped, 5726 assembled, 59 frame_drops
[2026-08-05T04:02:00Z INFO  net_transport::video_receiver] Recv stats: 61100 packets, 0 dropped, 5726 assembled, 59 frame_drops
[2026-08-05T04:02:00Z INFO  net_transport::video_receiver] Recv stats: 61200 packets, 0 dropped, 5726 assembled, 59 frame_drops
[2026-08-05T04:02:00Z INFO  net_transport::video_receiver] Recv stats: 61300 packets, 0 dropped, 5756 assembled, 59 frame_drops
[2026-08-05T04:02:00Z INFO  net_transport::video_receiver] Recv stats: 61400 packets, 0 dropped, 5756 assembled, 59 frame_drops
[2026-08-05T04:02:00Z INFO  net_transport::video_receiver] Recv stats: 61500 packets, 0 dropped, 5756 assembled, 59 frame_drops
[2026-08-05T04:02:00Z INFO  net_transport::video_receiver] Recv stats: 61600 packets, 0 dropped, 5756 assembled, 59 frame_drops
[2026-08-05T04:02:00Z INFO  remote_display_client] Decoded: 5700 frames, 57.4 fps, avg decode 1.6ms
[2026-08-05T04:02:01Z INFO  net_transport::video_receiver] Recv stats: 61700 packets, 0 dropped, 5786 assembled, 59 frame_drops
[2026-08-05T04:02:01Z INFO  net_transport::video_receiver] Recv stats: 61800 packets, 0 dropped, 5786 assembled, 59 frame_drops
[2026-08-05T04:02:01Z INFO  net_transport::video_receiver] Recv stats: 61900 packets, 0 dropped, 5786 assembled, 59 frame_drops
[2026-08-05T04:02:01Z INFO  net_transport::video_receiver] Recv stats: 62000 packets, 0 dropped, 5786 assembled, 59 frame_drops
[2026-08-05T04:02:01Z INFO  net_transport::video_receiver] Recv stats: 62100 packets, 0 dropped, 5816 assembled, 59 frame_drops
[2026-08-05T04:02:01Z INFO  net_transport::video_receiver] Recv stats: 62200 packets, 0 dropped, 5816 assembled, 59 frame_drops
[2026-08-05T04:02:01Z INFO  net_transport::video_receiver] Recv stats: 62300 packets, 0 dropped, 5816 assembled, 59 frame_drops
[2026-08-05T04:02:01Z INFO  net_transport::video_receiver] Recv stats: 62400 packets, 0 dropped, 5820 assembled, 59 frame_drops
[2026-08-05T04:02:02Z INFO  net_transport::video_receiver] Recv stats: 62500 packets, 0 dropped, 5846 assembled, 59 frame_drops
[2026-08-05T04:02:02Z INFO  net_transport::video_receiver] Recv stats: 62600 packets, 0 dropped, 5846 assembled, 59 frame_drops
[2026-08-05T04:02:02Z INFO  net_transport::video_receiver] Recv stats: 62700 packets, 0 dropped, 5846 assembled, 59 frame_drops
[2026-08-05T04:02:02Z INFO  net_transport::video_receiver] Recv stats: 62800 packets, 0 dropped, 5858 assembled, 59 frame_drops
[2026-08-05T04:02:02Z INFO  net_transport::video_receiver] Recv stats: 62900 packets, 0 dropped, 5876 assembled, 59 frame_drops
[2026-08-05T04:02:02Z INFO  net_transport::video_receiver] Recv stats: 63000 packets, 0 dropped, 5876 assembled, 59 frame_drops
[2026-08-05T04:02:02Z INFO  net_transport::video_receiver] Recv stats: 63100 packets, 0 dropped, 5876 assembled, 59 frame_drops
[2026-08-05T04:02:02Z INFO  remote_display_client] Decoded: 5820 frames, 57.4 fps, avg decode 1.6ms
[2026-08-05T04:02:03Z INFO  net_transport::video_receiver] Recv stats: 63200 packets, 0 dropped, 5896 assembled, 59 frame_drops
[2026-08-05T04:02:03Z INFO  net_transport::video_receiver] Recv stats: 63300 packets, 0 dropped, 5906 assembled, 59 frame_drops
[2026-08-05T04:02:03Z INFO  net_transport::video_receiver] Recv stats: 63400 packets, 0 dropped, 5906 assembled, 59 frame_drops
[2026-08-05T04:02:03Z INFO  net_transport::video_receiver] Recv stats: 63500 packets, 0 dropped, 5906 assembled, 59 frame_drops
[2026-08-05T04:02:03Z INFO  net_transport::video_receiver] Recv stats: 63600 packets, 0 dropped, 5934 assembled, 59 frame_drops
[2026-08-05T04:02:03Z INFO  net_transport::video_receiver] Recv stats: 63700 packets, 0 dropped, 5936 assembled, 59 frame_drops
[2026-08-05T04:02:03Z INFO  net_transport::video_receiver] Recv stats: 63800 packets, 0 dropped, 5936 assembled, 59 frame_drops
[2026-08-05T04:02:03Z INFO  net_transport::video_receiver] Recv stats: 63900 packets, 0 dropped, 5936 assembled, 59 frame_drops
[2026-08-05T04:02:03Z INFO  remote_display_client] Decoded: 5880 frames, 57.4 fps, avg decode 1.6ms
[2026-08-05T04:02:04Z INFO  net_transport::video_receiver] Recv stats: 64000 packets, 0 dropped, 5966 assembled, 59 frame_drops
[2026-08-05T04:02:04Z INFO  net_transport::video_receiver] Recv stats: 64100 packets, 0 dropped, 5966 assembled, 59 frame_drops
[2026-08-05T04:02:04Z INFO  net_transport::video_receiver] Recv stats: 64200 packets, 0 dropped, 5966 assembled, 59 frame_drops
[2026-08-05T04:02:04Z INFO  net_transport::video_receiver] Recv stats: 64300 packets, 0 dropped, 5966 assembled, 59 frame_drops
[2026-08-05T04:02:04Z INFO  net_transport::video_receiver] Recv stats: 64400 packets, 0 dropped, 5996 assembled, 59 frame_drops
[2026-08-05T04:02:04Z INFO  net_transport::video_receiver] Recv stats: 64500 packets, 0 dropped, 5996 assembled, 59 frame_drops
[2026-08-05T04:02:04Z INFO  net_transport::video_receiver] Recv stats: 64600 packets, 0 dropped, 5996 assembled, 59 frame_drops
[2026-08-05T04:02:04Z INFO  net_transport::video_receiver] Recv stats: 64700 packets, 0 dropped, 5996 assembled, 59 frame_drops
[2026-08-05T04:02:04Z INFO  remote_display_client] Decoded: 5940 frames, 57.3 fps, avg decode 1.6ms
[2026-08-05T04:02:05Z INFO  net_transport::video_receiver] Recv stats: 64800 packets, 0 dropped, 6026 assembled, 59 frame_drops
[2026-08-05T04:02:05Z INFO  net_transport::video_receiver] Recv stats: 64900 packets, 0 dropped, 6026 assembled, 59 frame_drops
[2026-08-05T04:02:05Z INFO  net_transport::video_receiver] Recv stats: 65000 packets, 0 dropped, 6026 assembled, 59 frame_drops
[2026-08-05T04:02:05Z INFO  net_transport::video_receiver] Recv stats: 65100 packets, 0 dropped, 6026 assembled, 59 frame_drops
[2026-08-05T04:02:05Z INFO  net_transport::video_receiver] Recv stats: 65200 packets, 0 dropped, 6056 assembled, 59 frame_drops
[2026-08-05T04:02:05Z INFO  net_transport::video_receiver] Recv stats: 65300 packets, 0 dropped, 6056 assembled, 59 frame_drops
[2026-08-05T04:02:05Z INFO  net_transport::video_receiver] Recv stats: 65400 packets, 0 dropped, 6056 assembled, 59 frame_drops
[2026-08-05T04:02:05Z INFO  remote_display_client] Decoded: 6000 frames, 57.3 fps, avg decode 1.6ms
[2026-08-05T04:02:06Z INFO  net_transport::video_receiver] Recv stats: 65500 packets, 0 dropped, 6069 assembled, 60 frame_drops
[2026-08-05T04:02:06Z INFO  net_transport::video_receiver] Recv stats: 65600 packets, 0 dropped, 6085 assembled, 60 frame_drops
[2026-08-05T04:02:06Z INFO  net_transport::video_receiver] Recv stats: 65700 packets, 0 dropped, 6085 assembled, 60 frame_drops
[2026-08-05T04:02:06Z INFO  net_transport::video_receiver] Recv stats: 65800 packets, 0 dropped, 6085 assembled, 60 frame_drops
[2026-08-05T04:02:06Z INFO  net_transport::video_receiver] Recv stats: 65900 packets, 0 dropped, 6107 assembled, 60 frame_drops
[2026-08-05T04:02:07Z INFO  net_transport::video_receiver] Recv stats: 66000 packets, 0 dropped, 6115 assembled, 60 frame_drops
[2026-08-05T04:02:07Z INFO  net_transport::video_receiver] Recv stats: 66100 packets, 0 dropped, 6115 assembled, 60 frame_drops
[2026-08-05T04:02:07Z INFO  net_transport::video_receiver] Recv stats: 66200 packets, 0 dropped, 6115 assembled, 60 frame_drops
[2026-08-05T04:02:07Z INFO  remote_display_client] Decoded: 6060 frames, 57.3 fps, avg decode 1.6ms
[2026-08-05T04:02:07Z INFO  net_transport::video_receiver] Recv stats: 66300 packets, 0 dropped, 6145 assembled, 60 frame_drops
[2026-08-05T04:02:07Z INFO  net_transport::video_receiver] Recv stats: 66400 packets, 0 dropped, 6145 assembled, 60 frame_drops
[2026-08-05T04:02:07Z INFO  net_transport::video_receiver] Recv stats: 66500 packets, 0 dropped, 6145 assembled, 60 frame_drops
[2026-08-05T04:02:07Z INFO  net_transport::video_receiver] Recv stats: 66600 packets, 0 dropped, 6145 assembled, 60 frame_drops
[2026-08-05T04:02:08Z INFO  net_transport::video_receiver] Recv stats: 66700 packets, 0 dropped, 6175 assembled, 60 frame_drops
[2026-08-05T04:02:08Z INFO  net_transport::video_receiver] Recv stats: 66800 packets, 0 dropped, 6175 assembled, 60 frame_drops
[2026-08-05T04:02:08Z INFO  net_transport::video_receiver] Recv stats: 66900 packets, 0 dropped, 6175 assembled, 60 frame_drops
[2026-08-05T04:02:08Z INFO  net_transport::video_receiver] Recv stats: 67000 packets, 0 dropped, 6175 assembled, 60 frame_drops
[2026-08-05T04:02:08Z INFO  remote_display_client] Decoded: 6120 frames, 57.3 fps, avg decode 1.6ms
[2026-08-05T04:02:08Z INFO  net_transport::video_receiver] Recv stats: 67100 packets, 0 dropped, 6205 assembled, 60 frame_drops
[2026-08-05T04:02:08Z INFO  net_transport::video_receiver] Recv stats: 67200 packets, 0 dropped, 6205 assembled, 60 frame_drops
[2026-08-05T04:02:08Z INFO  net_transport::video_receiver] Recv stats: 67300 packets, 0 dropped, 6205 assembled, 60 frame_drops
[2026-08-05T04:02:08Z INFO  net_transport::video_receiver] Recv stats: 67400 packets, 0 dropped, 6205 assembled, 60 frame_drops
[2026-08-05T04:02:09Z INFO  net_transport::video_receiver] Recv stats: 67500 packets, 0 dropped, 6235 assembled, 60 frame_drops
[2026-08-05T04:02:09Z INFO  net_transport::video_receiver] Recv stats: 67600 packets, 0 dropped, 6235 assembled, 60 frame_drops
[2026-08-05T04:02:09Z INFO  net_transport::video_receiver] Recv stats: 67700 packets, 0 dropped, 6235 assembled, 60 frame_drops
[2026-08-05T04:02:09Z INFO  net_transport::video_receiver] Recv stats: 67800 packets, 0 dropped, 6235 assembled, 60 frame_drops
[2026-08-05T04:02:09Z INFO  remote_display_client] Decoded: 6180 frames, 57.3 fps, avg decode 1.6ms
[2026-08-05T04:02:09Z INFO  net_transport::video_receiver] Recv stats: 67900 packets, 0 dropped, 6265 assembled, 60 frame_drops
[2026-08-05T04:02:09Z INFO  net_transport::video_receiver] Recv stats: 68000 packets, 0 dropped, 6265 assembled, 60 frame_drops
[2026-08-05T04:02:09Z INFO  net_transport::video_receiver] Recv stats: 68100 packets, 0 dropped, 6265 assembled, 60 frame_drops
[2026-08-05T04:02:09Z INFO  net_transport::video_receiver] Recv stats: 68200 packets, 0 dropped, 6265 assembled, 60 frame_drops
[2026-08-05T04:02:10Z INFO  net_transport::video_receiver] Recv stats: 68300 packets, 0 dropped, 6295 assembled, 60 frame_drops
[2026-08-05T04:02:10Z INFO  net_transport::video_receiver] Recv stats: 68400 packets, 0 dropped, 6295 assembled, 60 frame_drops
[2026-08-05T04:02:10Z INFO  net_transport::video_receiver] Recv stats: 68500 packets, 0 dropped, 6295 assembled, 60 frame_drops
[2026-08-05T04:02:10Z INFO  net_transport::video_receiver] Recv stats: 68600 packets, 0 dropped, 6295 assembled, 60 frame_drops
[2026-08-05T04:02:10Z INFO  remote_display_client] Decoded: 6240 frames, 57.3 fps, avg decode 1.6ms
[2026-08-05T04:02:10Z INFO  net_transport::video_receiver] Recv stats: 68700 packets, 0 dropped, 6324 assembled, 61 frame_drops
[2026-08-05T04:02:10Z INFO  net_transport::video_receiver] Recv stats: 68800 packets, 0 dropped, 6324 assembled, 61 frame_drops
[2026-08-05T04:02:10Z INFO  net_transport::video_receiver] Recv stats: 68900 packets, 0 dropped, 6324 assembled, 61 frame_drops
[2026-08-05T04:02:10Z INFO  net_transport::video_receiver] Recv stats: 69000 packets, 0 dropped, 6324 assembled, 61 frame_drops
[2026-08-05T04:02:11Z INFO  net_transport::video_receiver] Recv stats: 69100 packets, 0 dropped, 6354 assembled, 61 frame_drops
[2026-08-05T04:02:11Z INFO  net_transport::video_receiver] Recv stats: 69200 packets, 0 dropped, 6354 assembled, 61 frame_drops
[2026-08-05T04:02:11Z INFO  net_transport::video_receiver] Recv stats: 69300 packets, 0 dropped, 6354 assembled, 61 frame_drops
[2026-08-05T04:02:11Z INFO  net_transport::video_receiver] Recv stats: 69400 packets, 0 dropped, 6354 assembled, 61 frame_drops
[2026-08-05T04:02:11Z INFO  net_transport::video_receiver] Recv stats: 69500 packets, 0 dropped, 6384 assembled, 61 frame_drops
[2026-08-05T04:02:11Z INFO  net_transport::video_receiver] Recv stats: 69600 packets, 0 dropped, 6384 assembled, 61 frame_drops
[2026-08-05T04:02:11Z INFO  net_transport::video_receiver] Recv stats: 69700 packets, 0 dropped, 6384 assembled, 61 frame_drops
[2026-08-05T04:02:11Z INFO  net_transport::video_receiver] Recv stats: 69800 packets, 0 dropped, 6391 assembled, 61 frame_drops
[2026-08-05T04:02:12Z INFO  net_transport::video_receiver] Recv stats: 69900 packets, 0 dropped, 6414 assembled, 61 frame_drops
[2026-08-05T04:02:12Z INFO  net_transport::video_receiver] Recv stats: 70000 packets, 0 dropped, 6414 assembled, 61 frame_drops
[2026-08-05T04:02:12Z INFO  net_transport::video_receiver] Recv stats: 70100 packets, 0 dropped, 6414 assembled, 61 frame_drops
[2026-08-05T04:02:12Z INFO  remote_display_client] Decoded: 6360 frames, 57.2 fps, avg decode 1.6ms
[2026-08-05T04:02:12Z INFO  net_transport::video_receiver] Recv stats: 70200 packets, 0 dropped, 6429 assembled, 61 frame_drops
[2026-08-05T04:02:13Z INFO  net_transport::video_receiver] Recv stats: 70300 packets, 0 dropped, 6444 assembled, 61 frame_drops
[2026-08-05T04:02:13Z INFO  net_transport::video_receiver] Recv stats: 70400 packets, 0 dropped, 6444 assembled, 61 frame_drops
[2026-08-05T04:02:13Z INFO  net_transport::video_receiver] Recv stats: 70500 packets, 0 dropped, 6444 assembled, 61 frame_drops
[2026-08-05T04:02:13Z INFO  net_transport::video_receiver] Recv stats: 70600 packets, 0 dropped, 6467 assembled, 61 frame_drops
[2026-08-05T04:02:13Z INFO  net_transport::video_receiver] Recv stats: 70700 packets, 0 dropped, 6473 assembled, 61 frame_drops
[2026-08-05T04:02:13Z INFO  net_transport::video_receiver] Recv stats: 70800 packets, 0 dropped, 6473 assembled, 61 frame_drops
[2026-08-05T04:02:13Z INFO  net_transport::video_receiver] Recv stats: 70900 packets, 0 dropped, 6473 assembled, 61 frame_drops
[2026-08-05T04:02:13Z INFO  remote_display_client] Decoded: 6420 frames, 57.1 fps, avg decode 1.6ms
[2026-08-05T04:02:14Z INFO  net_transport::video_receiver] Recv stats: 71000 packets, 0 dropped, 6502 assembled, 61 frame_drops
[2026-08-05T04:02:14Z INFO  net_transport::video_receiver] Recv stats: 71100 packets, 0 dropped, 6502 assembled, 61 frame_drops
[2026-08-05T04:02:14Z INFO  net_transport::video_receiver] Recv stats: 71200 packets, 0 dropped, 6502 assembled, 61 frame_drops
[2026-08-05T04:02:14Z INFO  net_transport::video_receiver] Recv stats: 71300 packets, 0 dropped, 6502 assembled, 61 frame_drops
[2026-08-05T04:02:14Z INFO  net_transport::video_receiver] Recv stats: 71400 packets, 0 dropped, 6532 assembled, 61 frame_drops
[2026-08-05T04:02:14Z INFO  net_transport::video_receiver] Recv stats: 71500 packets, 0 dropped, 6532 assembled, 61 frame_drops
[2026-08-05T04:02:14Z INFO  net_transport::video_receiver] Recv stats: 71600 packets, 0 dropped, 6532 assembled, 61 frame_drops
[2026-08-05T04:02:14Z INFO  net_transport::video_receiver] Recv stats: 71700 packets, 0 dropped, 6532 assembled, 61 frame_drops
[2026-08-05T04:02:14Z INFO  remote_display_client] Decoded: 6480 frames, 57.0 fps, avg decode 1.6ms
[2026-08-05T04:02:15Z INFO  net_transport::video_receiver] Recv stats: 71800 packets, 0 dropped, 6562 assembled, 61 frame_drops
[2026-08-05T04:02:15Z INFO  net_transport::video_receiver] Recv stats: 71900 packets, 0 dropped, 6562 assembled, 61 frame_drops
[2026-08-05T04:02:15Z INFO  net_transport::video_receiver] Recv stats: 72000 packets, 0 dropped, 6562 assembled, 61 frame_drops
[2026-08-05T04:02:15Z INFO  net_transport::video_receiver] Recv stats: 72100 packets, 0 dropped, 6562 assembled, 61 frame_drops
[2026-08-05T04:02:15Z INFO  net_transport::video_receiver] Recv stats: 72200 packets, 0 dropped, 6592 assembled, 61 frame_drops
[2026-08-05T04:02:15Z INFO  net_transport::video_receiver] Recv stats: 72300 packets, 0 dropped, 6592 assembled, 61 frame_drops
[2026-08-05T04:02:15Z INFO  net_transport::video_receiver] Recv stats: 72400 packets, 0 dropped, 6592 assembled, 61 frame_drops
[2026-08-05T04:02:15Z INFO  net_transport::video_receiver] Recv stats: 72500 packets, 0 dropped, 6592 assembled, 61 frame_drops
[2026-08-05T04:02:15Z INFO  remote_display_client] Decoded: 6540 frames, 57.0 fps, avg decode 1.6ms
[2026-08-05T04:02:16Z INFO  net_transport::video_receiver] Recv stats: 72600 packets, 0 dropped, 6622 assembled, 61 frame_drops
[2026-08-05T04:02:16Z INFO  net_transport::video_receiver] Recv stats: 72700 packets, 0 dropped, 6622 assembled, 61 frame_drops
[2026-08-05T04:02:16Z INFO  net_transport::video_receiver] Recv stats: 72800 packets, 0 dropped, 6622 assembled, 61 frame_drops
[2026-08-05T04:02:16Z INFO  net_transport::video_receiver] Recv stats: 72900 packets, 0 dropped, 6622 assembled, 61 frame_drops
[2026-08-05T04:02:16Z INFO  net_transport::video_receiver] Recv stats: 73000 packets, 0 dropped, 6652 assembled, 61 frame_drops
[2026-08-05T04:02:16Z INFO  net_transport::video_receiver] Recv stats: 73100 packets, 0 dropped, 6652 assembled, 61 frame_drops
[2026-08-05T04:02:16Z INFO  net_transport::video_receiver] Recv stats: 73200 packets, 0 dropped, 6652 assembled, 61 frame_drops
[2026-08-05T04:02:16Z INFO  net_transport::video_receiver] Recv stats: 73300 packets, 0 dropped, 6652 assembled, 61 frame_drops
[2026-08-05T04:02:17Z INFO  net_transport::video_receiver] Recv stats: 73400 packets, 0 dropped, 6682 assembled, 61 frame_drops
[2026-08-05T04:02:17Z INFO  net_transport::video_receiver] Recv stats: 73500 packets, 0 dropped, 6682 assembled, 61 frame_drops
[2026-08-05T04:02:17Z INFO  net_transport::video_receiver] Recv stats: 73600 packets, 0 dropped, 6682 assembled, 61 frame_drops
[2026-08-05T04:02:17Z INFO  net_transport::video_receiver] Recv stats: 73700 packets, 0 dropped, 6682 assembled, 61 frame_drops
[2026-08-05T04:02:18Z INFO  net_transport::video_receiver] Recv stats: 73800 packets, 0 dropped, 6712 assembled, 61 frame_drops
[2026-08-05T04:02:18Z INFO  net_transport::video_receiver] Recv stats: 73900 packets, 0 dropped, 6712 assembled, 61 frame_drops
[2026-08-05T04:02:18Z INFO  net_transport::video_receiver] Recv stats: 74000 packets, 0 dropped, 6712 assembled, 61 frame_drops
[2026-08-05T04:02:18Z INFO  net_transport::video_receiver] Recv stats: 74100 packets, 0 dropped, 6712 assembled, 61 frame_drops
[2026-08-05T04:02:18Z INFO  remote_display_client] Decoded: 6660 frames, 57.0 fps, avg decode 1.6ms
[2026-08-05T04:02:18Z INFO  net_transport::video_receiver] Recv stats: 74200 packets, 0 dropped, 6742 assembled, 61 frame_drops
[2026-08-05T04:02:18Z INFO  net_transport::video_receiver] Recv stats: 74300 packets, 0 dropped, 6742 assembled, 61 frame_drops
[2026-08-05T04:02:18Z INFO  net_transport::video_receiver] Recv stats: 74400 packets, 0 dropped, 6742 assembled, 61 frame_drops
[2026-08-05T04:02:18Z INFO  net_transport::video_receiver] Recv stats: 74500 packets, 0 dropped, 6747 assembled, 61 frame_drops
[2026-08-05T04:02:19Z INFO  net_transport::video_receiver] Recv stats: 74600 packets, 0 dropped, 6772 assembled, 61 frame_drops
[2026-08-05T04:02:19Z INFO  net_transport::video_receiver] Recv stats: 74700 packets, 0 dropped, 6772 assembled, 61 frame_drops
[2026-08-05T04:02:19Z INFO  net_transport::video_receiver] Recv stats: 74800 packets, 0 dropped, 6772 assembled, 61 frame_drops
[2026-08-05T04:02:19Z INFO  remote_display_client] Decoded: 6720 frames, 57.0 fps, avg decode 1.6ms
[2026-08-05T04:02:19Z INFO  net_transport::video_receiver] Recv stats: 74900 packets, 0 dropped, 6785 assembled, 61 frame_drops
[2026-08-05T04:02:19Z INFO  net_transport::video_receiver] Recv stats: 75000 packets, 0 dropped, 6802 assembled, 61 frame_drops
[2026-08-05T04:02:19Z INFO  net_transport::video_receiver] Recv stats: 75100 packets, 0 dropped, 6802 assembled, 61 frame_drops
[2026-08-05T04:02:19Z INFO  net_transport::video_receiver] Recv stats: 75200 packets, 0 dropped, 6802 assembled, 61 frame_drops
[2026-08-05T04:02:20Z INFO  net_transport::video_receiver] Recv stats: 75300 packets, 0 dropped, 6823 assembled, 61 frame_drops
[2026-08-05T04:02:20Z INFO  net_transport::video_receiver] Recv stats: 75400 packets, 0 dropped, 6832 assembled, 61 frame_drops
[2026-08-05T04:02:20Z INFO  net_transport::video_receiver] Recv stats: 75500 packets, 0 dropped, 6832 assembled, 61 frame_drops
[2026-08-05T04:02:20Z INFO  net_transport::video_receiver] Recv stats: 75600 packets, 0 dropped, 6832 assembled, 61 frame_drops
[2026-08-05T04:02:20Z INFO  remote_display_client] Decoded: 6780 frames, 57.0 fps, avg decode 1.6ms
[2026-08-05T04:02:20Z INFO  net_transport::video_receiver] Recv stats: 75700 packets, 0 dropped, 6861 assembled, 61 frame_drops
[2026-08-05T04:02:20Z INFO  net_transport::video_receiver] Recv stats: 75800 packets, 0 dropped, 6862 assembled, 61 frame_drops
[2026-08-05T04:02:20Z INFO  net_transport::video_receiver] Recv stats: 75900 packets, 0 dropped, 6862 assembled, 61 frame_drops
[2026-08-05T04:02:20Z INFO  net_transport::video_receiver] Recv stats: 76000 packets, 0 dropped, 6862 assembled, 61 frame_drops
[2026-08-05T04:02:21Z INFO  net_transport::video_receiver] Recv stats: 76100 packets, 0 dropped, 6892 assembled, 61 frame_drops
[2026-08-05T04:02:21Z INFO  net_transport::video_receiver] Recv stats: 76200 packets, 0 dropped, 6892 assembled, 61 frame_drops
[2026-08-05T04:02:21Z INFO  net_transport::video_receiver] Recv stats: 76300 packets, 0 dropped, 6892 assembled, 61 frame_drops
[2026-08-05T04:02:21Z INFO  net_transport::video_receiver] Recv stats: 76400 packets, 0 dropped, 6892 assembled, 61 frame_drops
[2026-08-05T04:02:21Z INFO  remote_display_client] Decoded: 6840 frames, 57.0 fps, avg decode 1.6ms
[2026-08-05T04:02:21Z INFO  net_transport::video_receiver] Recv stats: 76500 packets, 0 dropped, 6922 assembled, 61 frame_drops
[2026-08-05T04:02:21Z INFO  net_transport::video_receiver] Recv stats: 76600 packets, 0 dropped, 6922 assembled, 61 frame_drops
[2026-08-05T04:02:21Z INFO  net_transport::video_receiver] Recv stats: 76700 packets, 0 dropped, 6922 assembled, 61 frame_drops
[2026-08-05T04:02:21Z INFO  net_transport::video_receiver] Recv stats: 76800 packets, 0 dropped, 6922 assembled, 61 frame_drops
[2026-08-05T04:02:22Z INFO  net_transport::video_receiver] Recv stats: 76900 packets, 0 dropped, 6952 assembled, 61 frame_drops
[2026-08-05T04:02:22Z INFO  net_transport::video_receiver] Recv stats: 77000 packets, 0 dropped, 6952 assembled, 61 frame_drops
[2026-08-05T04:02:22Z INFO  net_transport::video_receiver] Recv stats: 77100 packets, 0 dropped, 6952 assembled, 61 frame_drops
[2026-08-05T04:02:22Z INFO  net_transport::video_receiver] Recv stats: 77200 packets, 0 dropped, 6952 assembled, 61 frame_drops
[2026-08-05T04:02:22Z INFO  remote_display_client] Decoded: 6900 frames, 57.0 fps, avg decode 1.6ms
[2026-08-05T04:02:22Z INFO  net_transport::video_receiver] Recv stats: 77300 packets, 0 dropped, 6982 assembled, 61 frame_drops
[2026-08-05T04:02:22Z INFO  net_transport::video_receiver] Recv stats: 77400 packets, 0 dropped, 6982 assembled, 61 frame_drops
[2026-08-05T04:02:22Z INFO  net_transport::video_receiver] Recv stats: 77500 packets, 0 dropped, 6982 assembled, 61 frame_drops
[2026-08-05T04:02:22Z INFO  net_transport::video_receiver] Recv stats: 77600 packets, 0 dropped, 6982 assembled, 61 frame_drops
[2026-08-05T04:02:23Z INFO  net_transport::video_receiver] Recv stats: 77700 packets, 0 dropped, 7012 assembled, 61 frame_drops
[2026-08-05T04:02:23Z INFO  net_transport::video_receiver] Recv stats: 77800 packets, 0 dropped, 7012 assembled, 61 frame_drops
[2026-08-05T04:02:23Z INFO  net_transport::video_receiver] Recv stats: 77900 packets, 0 dropped, 7012 assembled, 61 frame_drops
[2026-08-05T04:02:23Z INFO  net_transport::video_receiver] Recv stats: 78000 packets, 0 dropped, 7012 assembled, 61 frame_drops
[2026-08-05T04:02:23Z INFO  remote_display_client] Decoded: 6960 frames, 57.0 fps, avg decode 1.6ms
[2026-08-05T04:02:23Z INFO  net_transport::video_receiver] Recv stats: 78100 packets, 0 dropped, 7042 assembled, 61 frame_drops
[2026-08-05T04:02:23Z INFO  net_transport::video_receiver] Recv stats: 78200 packets, 0 dropped, 7042 assembled, 61 frame_drops
[2026-08-05T04:02:23Z INFO  net_transport::video_receiver] Recv stats: 78300 packets, 0 dropped, 7042 assembled, 61 frame_drops
[2026-08-05T04:02:23Z INFO  net_transport::video_receiver] Recv stats: 78400 packets, 0 dropped, 7042 assembled, 61 frame_drops
[2026-08-05T04:02:24Z INFO  net_transport::video_receiver] Recv stats: 78500 packets, 0 dropped, 7072 assembled, 61 frame_drops
[2026-08-05T04:02:24Z INFO  net_transport::video_receiver] Recv stats: 78600 packets, 0 dropped, 7072 assembled, 61 frame_drops
[2026-08-05T04:02:24Z INFO  net_transport::video_receiver] Recv stats: 78700 packets, 0 dropped, 7072 assembled, 61 frame_drops
[2026-08-05T04:02:24Z INFO  net_transport::video_receiver] Recv stats: 78800 packets, 0 dropped, 7072 assembled, 61 frame_drops
[2026-08-05T04:02:24Z INFO  remote_display_client] Decoded: 7020 frames, 56.9 fps, avg decode 1.6ms
[2026-08-05T04:02:25Z INFO  net_transport::video_receiver] Recv stats: 78900 packets, 0 dropped, 7102 assembled, 61 frame_drops
[2026-08-05T04:02:25Z INFO  net_transport::video_receiver] Recv stats: 79000 packets, 0 dropped, 7102 assembled, 61 frame_drops
[2026-08-05T04:02:25Z INFO  net_transport::video_receiver] Recv stats: 79100 packets, 0 dropped, 7102 assembled, 61 frame_drops
[2026-08-05T04:02:25Z INFO  net_transport::video_receiver] Recv stats: 79200 packets, 0 dropped, 7103 assembled, 61 frame_drops
[2026-08-05T04:02:25Z INFO  net_transport::video_receiver] Recv stats: 79300 packets, 0 dropped, 7132 assembled, 61 frame_drops
[2026-08-05T04:02:25Z INFO  net_transport::video_receiver] Recv stats: 79400 packets, 0 dropped, 7132 assembled, 61 frame_drops
[2026-08-05T04:02:25Z INFO  net_transport::video_receiver] Recv stats: 79500 packets, 0 dropped, 7132 assembled, 61 frame_drops
[2026-08-05T04:02:25Z INFO  remote_display_client] Decoded: 7080 frames, 56.9 fps, avg decode 1.6ms
[2026-08-05T04:02:25Z INFO  net_transport::video_receiver] Recv stats: 79600 packets, 0 dropped, 7141 assembled, 61 frame_drops
[2026-08-05T04:02:26Z INFO  net_transport::video_receiver] Recv stats: 79700 packets, 0 dropped, 7162 assembled, 61 frame_drops
[2026-08-05T04:02:26Z INFO  net_transport::video_receiver] Recv stats: 79800 packets, 0 dropped, 7162 assembled, 61 frame_drops
[2026-08-05T04:02:26Z INFO  net_transport::video_receiver] Recv stats: 79900 packets, 0 dropped, 7162 assembled, 61 frame_drops
[2026-08-05T04:02:26Z INFO  net_transport::video_receiver] Recv stats: 80000 packets, 0 dropped, 7179 assembled, 61 frame_drops
[2026-08-05T04:02:26Z INFO  net_transport::video_receiver] Recv stats: 80100 packets, 0 dropped, 7192 assembled, 61 frame_drops
[2026-08-05T04:02:26Z INFO  net_transport::video_receiver] Recv stats: 80200 packets, 0 dropped, 7192 assembled, 61 frame_drops
[2026-08-05T04:02:26Z INFO  net_transport::video_receiver] Recv stats: 80300 packets, 0 dropped, 7192 assembled, 61 frame_drops
[2026-08-05T04:02:26Z INFO  remote_display_client] Decoded: 7140 frames, 56.9 fps, avg decode 1.6ms
[2026-08-05T04:02:27Z INFO  net_transport::video_receiver] Recv stats: 80400 packets, 0 dropped, 7217 assembled, 61 frame_drops
[2026-08-05T04:02:27Z INFO  net_transport::video_receiver] Recv stats: 80500 packets, 0 dropped, 7222 assembled, 61 frame_drops
[2026-08-05T04:02:27Z INFO  net_transport::video_receiver] Recv stats: 80600 packets, 0 dropped, 7222 assembled, 61 frame_drops
[2026-08-05T04:02:27Z INFO  net_transport::video_receiver] Recv stats: 80700 packets, 0 dropped, 7222 assembled, 61 frame_drops
[2026-08-05T04:02:27Z INFO  net_transport::video_receiver] Recv stats: 80800 packets, 0 dropped, 7252 assembled, 61 frame_drops
[2026-08-05T04:02:27Z INFO  net_transport::video_receiver] Recv stats: 80900 packets, 0 dropped, 7252 assembled, 61 frame_drops
[2026-08-05T04:02:27Z INFO  net_transport::video_receiver] Recv stats: 81000 packets, 0 dropped, 7252 assembled, 61 frame_drops
[2026-08-05T04:02:27Z INFO  net_transport::video_receiver] Recv stats: 81100 packets, 0 dropped, 7252 assembled, 61 frame_drops
[2026-08-05T04:02:27Z INFO  remote_display_client] Decoded: 7200 frames, 56.9 fps, avg decode 1.6ms
[2026-08-05T04:02:28Z INFO  net_transport::video_receiver] Recv stats: 81200 packets, 0 dropped, 7281 assembled, 62 frame_drops
[2026-08-05T04:02:28Z INFO  net_transport::video_receiver] Recv stats: 81300 packets, 0 dropped, 7281 assembled, 62 frame_drops
[2026-08-05T04:02:28Z INFO  net_transport::video_receiver] Recv stats: 81400 packets, 0 dropped, 7281 assembled, 62 frame_drops
[2026-08-05T04:02:28Z INFO  net_transport::video_receiver] Recv stats: 81500 packets, 0 dropped, 7281 assembled, 62 frame_drops
[2026-08-05T04:02:28Z INFO  net_transport::video_receiver] Recv stats: 81600 packets, 0 dropped, 7311 assembled, 62 frame_drops
[2026-08-05T04:02:28Z INFO  net_transport::video_receiver] Recv stats: 81700 packets, 0 dropped, 7311 assembled, 62 frame_drops
[2026-08-05T04:02:28Z INFO  net_transport::video_receiver] Recv stats: 81800 packets, 0 dropped, 7311 assembled, 62 frame_drops
[2026-08-05T04:02:28Z INFO  net_transport::video_receiver] Recv stats: 81900 packets, 0 dropped, 7311 assembled, 62 frame_drops
[2026-08-05T04:02:28Z INFO  remote_display_client] Decoded: 7260 frames, 56.9 fps, avg decode 1.6ms
[2026-08-05T04:02:29Z INFO  net_transport::video_receiver] Recv stats: 82000 packets, 0 dropped, 7341 assembled, 62 frame_drops
[2026-08-05T04:02:29Z INFO  net_transport::video_receiver] Recv stats: 82100 packets, 0 dropped, 7341 assembled, 62 frame_drops
[2026-08-05T04:02:29Z INFO  net_transport::video_receiver] Recv stats: 82200 packets, 0 dropped, 7341 assembled, 62 frame_drops
[2026-08-05T04:02:29Z INFO  net_transport::video_receiver] Recv stats: 82300 packets, 0 dropped, 7341 assembled, 62 frame_drops
[2026-08-05T04:02:29Z INFO  net_transport::video_receiver] Recv stats: 82400 packets, 0 dropped, 7371 assembled, 62 frame_drops
[2026-08-05T04:02:29Z INFO  net_transport::video_receiver] Recv stats: 82500 packets, 0 dropped, 7371 assembled, 62 frame_drops
[2026-08-05T04:02:29Z INFO  net_transport::video_receiver] Recv stats: 82600 packets, 0 dropped, 7371 assembled, 62 frame_drops
[2026-08-05T04:02:29Z INFO  net_transport::video_receiver] Recv stats: 82700 packets, 0 dropped, 7371 assembled, 62 frame_drops
[2026-08-05T04:02:29Z INFO  remote_display_client] Decoded: 7320 frames, 56.9 fps, avg decode 1.6ms
[2026-08-05T04:02:30Z INFO  net_transport::video_receiver] Recv stats: 82800 packets, 0 dropped, 7400 assembled, 63 frame_drops
[2026-08-05T04:02:30Z INFO  net_transport::video_receiver] Recv stats: 82900 packets, 0 dropped, 7400 assembled, 63 frame_drops
[2026-08-05T04:02:30Z INFO  net_transport::video_receiver] Recv stats: 83000 packets, 0 dropped, 7400 assembled, 63 frame_drops
[2026-08-05T04:02:30Z INFO  net_transport::video_receiver] Recv stats: 83100 packets, 0 dropped, 7409 assembled, 64 frame_drops
[2026-08-05T04:02:30Z INFO  net_transport::video_receiver] Recv stats: 83200 packets, 0 dropped, 7429 assembled, 64 frame_drops
[2026-08-05T04:02:30Z INFO  net_transport::video_receiver] Recv stats: 83300 packets, 0 dropped, 7429 assembled, 64 frame_drops
[2026-08-05T04:02:30Z INFO  net_transport::video_receiver] Recv stats: 83400 packets, 0 dropped, 7429 assembled, 64 frame_drops
[2026-08-05T04:02:31Z INFO  remote_display_client] Decoded: 7380 frames, 56.9 fps, avg decode 1.6ms
[2026-08-05T04:02:31Z INFO  net_transport::video_receiver] Recv stats: 83500 packets, 0 dropped, 7447 assembled, 64 frame_drops
[2026-08-05T04:02:31Z INFO  net_transport::video_receiver] Recv stats: 83600 packets, 0 dropped, 7459 assembled, 64 frame_drops
[2026-08-05T04:02:31Z INFO  net_transport::video_receiver] Recv stats: 83700 packets, 0 dropped, 7459 assembled, 64 frame_drops
[2026-08-05T04:02:31Z INFO  net_transport::video_receiver] Recv stats: 83800 packets, 0 dropped, 7459 assembled, 64 frame_drops
[2026-08-05T04:02:31Z INFO  net_transport::video_receiver] Recv stats: 83900 packets, 0 dropped, 7485 assembled, 64 frame_drops
[2026-08-05T04:02:31Z INFO  net_transport::video_receiver] Recv stats: 84000 packets, 0 dropped, 7489 assembled, 64 frame_drops
[2026-08-05T04:02:31Z INFO  net_transport::video_receiver] Recv stats: 84100 packets, 0 dropped, 7489 assembled, 64 frame_drops
[2026-08-05T04:02:31Z INFO  net_transport::video_receiver] Recv stats: 84200 packets, 0 dropped, 7489 assembled, 64 frame_drops
[2026-08-05T04:02:32Z INFO  remote_display_client] Decoded: 7440 frames, 56.9 fps, avg decode 1.6ms
[2026-08-05T04:02:32Z INFO  net_transport::video_receiver] Recv stats: 84300 packets, 0 dropped, 7519 assembled, 64 frame_drops
[2026-08-05T04:02:32Z INFO  net_transport::video_receiver] Recv stats: 84400 packets, 0 dropped, 7519 assembled, 64 frame_drops
[2026-08-05T04:02:32Z INFO  net_transport::video_receiver] Recv stats: 84500 packets, 0 dropped, 7519 assembled, 64 frame_drops
[2026-08-05T04:02:32Z INFO  net_transport::video_receiver] Recv stats: 84600 packets, 0 dropped, 7519 assembled, 64 frame_drops
[2026-08-05T04:02:32Z INFO  net_transport::video_receiver] Recv stats: 84700 packets, 0 dropped, 7549 assembled, 64 frame_drops
[2026-08-05T04:02:32Z INFO  net_transport::video_receiver] Recv stats: 84800 packets, 0 dropped, 7549 assembled, 64 frame_drops
[2026-08-05T04:02:32Z INFO  net_transport::video_receiver] Recv stats: 84900 packets, 0 dropped, 7549 assembled, 64 frame_drops
[2026-08-05T04:02:32Z INFO  net_transport::video_receiver] Recv stats: 85000 packets, 0 dropped, 7549 assembled, 64 frame_drops
[2026-08-05T04:02:33Z INFO  remote_display_client] Decoded: 7500 frames, 56.9 fps, avg decode 1.6ms
[2026-08-05T04:02:33Z INFO  net_transport::video_receiver] Recv stats: 85100 packets, 0 dropped, 7579 assembled, 64 frame_drops
[2026-08-05T04:02:33Z INFO  net_transport::video_receiver] Recv stats: 85200 packets, 0 dropped, 7579 assembled, 64 frame_drops
[2026-08-05T04:02:33Z INFO  net_transport::video_receiver] Recv stats: 85300 packets, 0 dropped, 7579 assembled, 64 frame_drops
[2026-08-05T04:02:33Z INFO  net_transport::video_receiver] Recv stats: 85400 packets, 0 dropped, 7579 assembled, 64 frame_drops
[2026-08-05T04:02:34Z INFO  net_transport::video_receiver] Recv stats: 85500 packets, 0 dropped, 7609 assembled, 64 frame_drops
[2026-08-05T04:02:34Z INFO  net_transport::video_receiver] Recv stats: 85600 packets, 0 dropped, 7609 assembled, 64 frame_drops
[2026-08-05T04:02:34Z INFO  net_transport::video_receiver] Recv stats: 85700 packets, 0 dropped, 7609 assembled, 64 frame_drops
[2026-08-05T04:02:34Z INFO  net_transport::video_receiver] Recv stats: 85800 packets, 0 dropped, 7609 assembled, 64 frame_drops
[2026-08-05T04:02:34Z INFO  remote_display_client] Decoded: 7560 frames, 56.9 fps, avg decode 1.6ms
[2026-08-05T04:02:34Z INFO  net_transport::video_receiver] Recv stats: 85900 packets, 0 dropped, 7639 assembled, 64 frame_drops
[2026-08-05T04:02:34Z INFO  net_transport::video_receiver] Recv stats: 86000 packets, 0 dropped, 7639 assembled, 64 frame_drops
[2026-08-05T04:02:34Z INFO  net_transport::video_receiver] Recv stats: 86100 packets, 0 dropped, 7639 assembled, 64 frame_drops
[2026-08-05T04:02:34Z INFO  net_transport::video_receiver] Recv stats: 86200 packets, 0 dropped, 7639 assembled, 64 frame_drops
[2026-08-05T04:02:35Z INFO  net_transport::video_receiver] Recv stats: 86300 packets, 0 dropped, 7669 assembled, 64 frame_drops
[2026-08-05T04:02:35Z INFO  net_transport::video_receiver] Recv stats: 86400 packets, 0 dropped, 7669 assembled, 64 frame_drops
[2026-08-05T04:02:35Z INFO  net_transport::video_receiver] Recv stats: 86500 packets, 0 dropped, 7669 assembled, 64 frame_drops
[2026-08-05T04:02:35Z INFO  net_transport::video_receiver] Recv stats: 86600 packets, 0 dropped, 7669 assembled, 64 frame_drops
[2026-08-05T04:02:35Z INFO  remote_display_client] Decoded: 7620 frames, 56.9 fps, avg decode 1.6ms
[2026-08-05T04:02:35Z INFO  net_transport::video_receiver] Recv stats: 86700 packets, 0 dropped, 7698 assembled, 64 frame_drops
[2026-08-05T04:02:35Z INFO  net_transport::video_receiver] Recv stats: 86800 packets, 0 dropped, 7698 assembled, 64 frame_drops
[2026-08-05T04:02:35Z INFO  net_transport::video_receiver] Recv stats: 86900 packets, 0 dropped, 7698 assembled, 64 frame_drops
[2026-08-05T04:02:35Z INFO  net_transport::video_receiver] Recv stats: 87000 packets, 0 dropped, 7698 assembled, 64 frame_drops
[2026-08-05T04:02:36Z INFO  net_transport::video_receiver] Recv stats: 87100 packets, 0 dropped, 7728 assembled, 64 frame_drops
[2026-08-05T04:02:36Z INFO  net_transport::video_receiver] Recv stats: 87200 packets, 0 dropped, 7728 assembled, 64 frame_drops
[2026-08-05T04:02:36Z INFO  net_transport::video_receiver] Recv stats: 87300 packets, 0 dropped, 7728 assembled, 64 frame_drops
[2026-08-05T04:02:36Z INFO  net_transport::video_receiver] Recv stats: 87400 packets, 0 dropped, 7728 assembled, 64 frame_drops
[2026-08-05T04:02:36Z INFO  remote_display_client] Decoded: 7680 frames, 56.9 fps, avg decode 1.6ms
[2026-08-05T04:02:36Z INFO  net_transport::video_receiver] Recv stats: 87500 packets, 0 dropped, 7758 assembled, 64 frame_drops
[2026-08-05T04:02:36Z INFO  net_transport::video_receiver] Recv stats: 87600 packets, 0 dropped, 7758 assembled, 64 frame_drops
[2026-08-05T04:02:36Z INFO  net_transport::video_receiver] Recv stats: 87700 packets, 0 dropped, 7758 assembled, 64 frame_drops
[2026-08-05T04:02:36Z INFO  net_transport::video_receiver] Recv stats: 87800 packets, 0 dropped, 7765 assembled, 64 frame_drops
[2026-08-05T04:02:37Z INFO  net_transport::video_receiver] Recv stats: 87900 packets, 0 dropped, 7788 assembled, 64 frame_drops
[2026-08-05T04:02:37Z INFO  net_transport::video_receiver] Recv stats: 88000 packets, 0 dropped, 7788 assembled, 64 frame_drops
[2026-08-05T04:02:37Z INFO  net_transport::video_receiver] Recv stats: 88100 packets, 0 dropped, 7788 assembled, 64 frame_drops
[2026-08-05T04:02:37Z INFO  remote_display_client] Decoded: 7740 frames, 56.9 fps, avg decode 1.6ms
[2026-08-05T04:02:37Z INFO  net_transport::video_receiver] Recv stats: 88200 packets, 0 dropped, 7803 assembled, 64 frame_drops
[2026-08-05T04:02:37Z INFO  net_transport::video_receiver] Recv stats: 88300 packets, 0 dropped, 7818 assembled, 64 frame_drops
[2026-08-05T04:02:37Z INFO  net_transport::video_receiver] Recv stats: 88400 packets, 0 dropped, 7818 assembled, 64 frame_drops
[2026-08-05T04:02:37Z INFO  net_transport::video_receiver] Recv stats: 88500 packets, 0 dropped, 7818 assembled, 64 frame_drops
[2026-08-05T04:02:38Z INFO  net_transport::video_receiver] Recv stats: 88600 packets, 0 dropped, 7841 assembled, 64 frame_drops
[2026-08-05T04:02:38Z INFO  net_transport::video_receiver] Recv stats: 88700 packets, 0 dropped, 7848 assembled, 64 frame_drops
[2026-08-05T04:02:38Z INFO  net_transport::video_receiver] Recv stats: 88800 packets, 0 dropped, 7848 assembled, 64 frame_drops
[2026-08-05T04:02:38Z INFO  net_transport::video_receiver] Recv stats: 88900 packets, 0 dropped, 7848 assembled, 64 frame_drops
[2026-08-05T04:02:38Z INFO  remote_display_client] Decoded: 7800 frames, 56.9 fps, avg decode 1.6ms
[2026-08-05T04:02:38Z INFO  net_transport::video_receiver] Recv stats: 89000 packets, 0 dropped, 7877 assembled, 65 frame_drops
[2026-08-05T04:02:38Z INFO  net_transport::video_receiver] Recv stats: 89100 packets, 0 dropped, 7877 assembled, 65 frame_drops
[2026-08-05T04:02:38Z INFO  net_transport::video_receiver] Recv stats: 89200 packets, 0 dropped, 7877 assembled, 65 frame_drops
[2026-08-05T04:02:38Z INFO  net_transport::video_receiver] Recv stats: 89300 packets, 0 dropped, 7877 assembled, 65 frame_drops
[2026-08-05T04:02:39Z INFO  net_transport::video_receiver] Recv stats: 89400 packets, 0 dropped, 7907 assembled, 65 frame_drops
[2026-08-05T04:02:39Z INFO  net_transport::video_receiver] Recv stats: 89500 packets, 0 dropped, 7907 assembled, 65 frame_drops
[2026-08-05T04:02:39Z INFO  net_transport::video_receiver] Recv stats: 89600 packets, 0 dropped, 7907 assembled, 65 frame_drops
[2026-08-05T04:02:39Z INFO  net_transport::video_receiver] Recv stats: 89700 packets, 0 dropped, 7907 assembled, 65 frame_drops
[2026-08-05T04:02:39Z INFO  remote_display_client] Decoded: 7860 frames, 56.9 fps, avg decode 1.6ms
[2026-08-05T04:02:39Z INFO  net_transport::video_receiver] Recv stats: 89800 packets, 0 dropped, 7937 assembled, 65 frame_drops
[2026-08-05T04:02:39Z INFO  net_transport::video_receiver] Recv stats: 89900 packets, 0 dropped, 7937 assembled, 65 frame_drops
[2026-08-05T04:02:39Z INFO  net_transport::video_receiver] Recv stats: 90000 packets, 0 dropped, 7937 assembled, 65 frame_drops
[2026-08-05T04:02:39Z INFO  net_transport::video_receiver] Recv stats: 90100 packets, 0 dropped, 7937 assembled, 65 frame_drops
[2026-08-05T04:02:40Z INFO  net_transport::video_receiver] Recv stats: 90200 packets, 0 dropped, 7967 assembled, 65 frame_drops
[2026-08-05T04:02:40Z INFO  net_transport::video_receiver] Recv stats: 90300 packets, 0 dropped, 7967 assembled, 65 frame_drops
[2026-08-05T04:02:40Z INFO  net_transport::video_receiver] Recv stats: 90400 packets, 0 dropped, 7967 assembled, 65 frame_drops
[2026-08-05T04:02:40Z INFO  net_transport::video_receiver] Recv stats: 90500 packets, 0 dropped, 7974 assembled, 65 frame_drops
[2026-08-05T04:02:40Z INFO  remote_display_client] Decoded: 7920 frames, 56.9 fps, avg decode 1.6ms
[2026-08-05T04:02:40Z INFO  net_transport::video_receiver] Recv stats: 90600 packets, 0 dropped, 7997 assembled, 65 frame_drops
[2026-08-05T04:02:40Z INFO  net_transport::video_receiver] Recv stats: 90700 packets, 0 dropped, 7997 assembled, 65 frame_drops
[2026-08-05T04:02:40Z INFO  net_transport::video_receiver] Recv stats: 90800 packets, 0 dropped, 7997 assembled, 65 frame_drops
[2026-08-05T04:02:40Z INFO  net_transport::video_receiver] Recv stats: 90900 packets, 0 dropped, 8006 assembled, 65 frame_drops
[2026-08-05T04:02:41Z INFO  net_transport::video_receiver] Recv stats: 91000 packets, 0 dropped, 8027 assembled, 65 frame_drops
[2026-08-05T04:02:41Z INFO  net_transport::video_receiver] Recv stats: 91100 packets, 0 dropped, 8027 assembled, 65 frame_drops
[2026-08-05T04:02:41Z INFO  net_transport::video_receiver] Recv stats: 91200 packets, 0 dropped, 8027 assembled, 65 frame_drops
[2026-08-05T04:02:41Z INFO  remote_display_client] Decoded: 7980 frames, 56.9 fps, avg decode 1.6ms
[2026-08-05T04:02:41Z INFO  net_transport::video_receiver] Recv stats: 91300 packets, 0 dropped, 8053 assembled, 66 frame_drops
[2026-08-05T04:02:41Z INFO  net_transport::video_receiver] Recv stats: 91400 packets, 0 dropped, 8056 assembled, 66 frame_drops
[2026-08-05T04:02:41Z INFO  net_transport::video_receiver] Recv stats: 91500 packets, 0 dropped, 8056 assembled, 66 frame_drops
[2026-08-05T04:02:41Z INFO  net_transport::video_receiver] Recv stats: 91600 packets, 0 dropped, 8056 assembled, 66 frame_drops
[2026-08-05T04:02:42Z INFO  net_transport::video_receiver] Recv stats: 91700 packets, 0 dropped, 8073 assembled, 66 frame_drops
[2026-08-05T04:02:42Z INFO  net_transport::video_receiver] Recv stats: 91800 packets, 0 dropped, 8086 assembled, 66 frame_drops
[2026-08-05T04:02:42Z INFO  net_transport::video_receiver] Recv stats: 91900 packets, 0 dropped, 8086 assembled, 66 frame_drops
[2026-08-05T04:02:42Z INFO  net_transport::video_receiver] Recv stats: 92000 packets, 0 dropped, 8086 assembled, 66 frame_drops
[2026-08-05T04:02:42Z INFO  remote_display_client] Decoded: 8040 frames, 56.9 fps, avg decode 1.6ms
[2026-08-05T04:02:42Z INFO  net_transport::video_receiver] Recv stats: 92100 packets, 0 dropped, 8100 assembled, 66 frame_drops
[2026-08-05T04:02:42Z INFO  net_transport::video_receiver] Recv stats: 92200 packets, 0 dropped, 8116 assembled, 66 frame_drops
[2026-08-05T04:02:42Z INFO  net_transport::video_receiver] Recv stats: 92300 packets, 0 dropped, 8116 assembled, 66 frame_drops
[2026-08-05T04:02:42Z INFO  net_transport::video_receiver] Recv stats: 92400 packets, 0 dropped, 8116 assembled, 66 frame_drops
[2026-08-05T04:02:43Z INFO  net_transport::video_receiver] Recv stats: 92500 packets, 0 dropped, 8133 assembled, 66 frame_drops
[2026-08-05T04:02:43Z INFO  net_transport::video_receiver] Recv stats: 92600 packets, 0 dropped, 8146 assembled, 66 frame_drops
[2026-08-05T04:02:43Z INFO  net_transport::video_receiver] Recv stats: 92700 packets, 0 dropped, 8146 assembled, 66 frame_drops
[2026-08-05T04:02:43Z INFO  net_transport::video_receiver] Recv stats: 92800 packets, 0 dropped, 8146 assembled, 66 frame_drops
[2026-08-05T04:02:43Z INFO  remote_display_client] Decoded: 8100 frames, 56.9 fps, avg decode 1.6ms
[2026-08-05T04:02:43Z INFO  net_transport::video_receiver] Recv stats: 92900 packets, 0 dropped, 8166 assembled, 66 frame_drops
[2026-08-05T04:02:43Z INFO  net_transport::video_receiver] Recv stats: 93000 packets, 0 dropped, 8176 assembled, 66 frame_drops
[2026-08-05T04:02:43Z INFO  net_transport::video_receiver] Recv stats: 93100 packets, 0 dropped, 8176 assembled, 66 frame_drops
[2026-08-05T04:02:43Z INFO  net_transport::video_receiver] Recv stats: 93200 packets, 0 dropped, 8176 assembled, 66 frame_drops
[2026-08-05T04:02:44Z INFO  net_transport::video_receiver] Recv stats: 93300 packets, 0 dropped, 8199 assembled, 66 frame_drops
[2026-08-05T04:02:44Z INFO  net_transport::video_receiver] Recv stats: 93400 packets, 0 dropped, 8206 assembled, 66 frame_drops
[2026-08-05T04:02:44Z INFO  net_transport::video_receiver] Recv stats: 93500 packets, 0 dropped, 8206 assembled, 66 frame_drops
[2026-08-05T04:02:44Z INFO  net_transport::video_receiver] Recv stats: 93600 packets, 0 dropped, 8206 assembled, 66 frame_drops
[2026-08-05T04:02:44Z INFO  remote_display_client] Decoded: 8160 frames, 57.0 fps, avg decode 1.6ms
[2026-08-05T04:02:44Z INFO  net_transport::video_receiver] Recv stats: 93700 packets, 0 dropped, 8232 assembled, 66 frame_drops
[2026-08-05T04:02:44Z INFO  net_transport::video_receiver] Recv stats: 93800 packets, 0 dropped, 8236 assembled, 66 frame_drops
[2026-08-05T04:02:44Z INFO  net_transport::video_receiver] Recv stats: 93900 packets, 0 dropped, 8236 assembled, 66 frame_drops
[2026-08-05T04:02:44Z INFO  net_transport::video_receiver] Recv stats: 94000 packets, 0 dropped, 8236 assembled, 66 frame_drops
[2026-08-05T04:02:45Z INFO  net_transport::video_receiver] Recv stats: 94100 packets, 0 dropped, 8265 assembled, 66 frame_drops
[2026-08-05T04:02:45Z INFO  net_transport::video_receiver] Recv stats: 94200 packets, 0 dropped, 8266 assembled, 66 frame_drops
[2026-08-05T04:02:45Z INFO  net_transport::video_receiver] Recv stats: 94300 packets, 0 dropped, 8266 assembled, 66 frame_drops
[2026-08-05T04:02:45Z INFO  net_transport::video_receiver] Recv stats: 94400 packets, 0 dropped, 8266 assembled, 66 frame_drops
[2026-08-05T04:02:45Z INFO  remote_display_client] Decoded: 8220 frames, 57.0 fps, avg decode 1.6ms
[2026-08-05T04:02:45Z INFO  net_transport::video_receiver] Recv stats: 94500 packets, 0 dropped, 8280 assembled, 66 frame_drops
[2026-08-05T04:02:45Z INFO  net_transport::video_receiver] Recv stats: 94600 packets, 0 dropped, 8296 assembled, 66 frame_drops
[2026-08-05T04:02:45Z INFO  net_transport::video_receiver] Recv stats: 94700 packets, 0 dropped, 8296 assembled, 66 frame_drops
[2026-08-05T04:02:45Z INFO  net_transport::video_receiver] Recv stats: 94800 packets, 0 dropped, 8296 assembled, 66 frame_drops
[2026-08-05T04:02:46Z INFO  net_transport::video_receiver] Recv stats: 94900 packets, 0 dropped, 8315 assembled, 66 frame_drops
[2026-08-05T04:02:46Z INFO  net_transport::video_receiver] Recv stats: 95000 packets, 0 dropped, 8326 assembled, 66 frame_drops
[2026-08-05T04:02:46Z INFO  net_transport::video_receiver] Recv stats: 95100 packets, 0 dropped, 8326 assembled, 66 frame_drops
[2026-08-05T04:02:46Z INFO  net_transport::video_receiver] Recv stats: 95200 packets, 0 dropped, 8326 assembled, 66 frame_drops
[2026-08-05T04:02:46Z INFO  remote_display_client] Decoded: 8280 frames, 56.9 fps, avg decode 1.6ms
[2026-08-05T04:02:46Z INFO  net_transport::video_receiver] Recv stats: 95300 packets, 0 dropped, 8349 assembled, 66 frame_drops
[2026-08-05T04:02:47Z INFO  net_transport::video_receiver] Recv stats: 95400 packets, 0 dropped, 8356 assembled, 66 frame_drops
[2026-08-05T04:02:47Z INFO  net_transport::video_receiver] Recv stats: 95500 packets, 0 dropped, 8356 assembled, 66 frame_drops
[2026-08-05T04:02:47Z INFO  net_transport::video_receiver] Recv stats: 95600 packets, 0 dropped, 8356 assembled, 66 frame_drops
[2026-08-05T04:02:47Z INFO  net_transport::video_receiver] Recv stats: 95700 packets, 0 dropped, 8386 assembled, 66 frame_drops
[2026-08-05T04:02:47Z INFO  net_transport::video_receiver] Recv stats: 95800 packets, 0 dropped, 8386 assembled, 66 frame_drops
[2026-08-05T04:02:47Z INFO  net_transport::video_receiver] Recv stats: 95900 packets, 0 dropped, 8386 assembled, 66 frame_drops
[2026-08-05T04:02:47Z INFO  net_transport::video_receiver] Recv stats: 96000 packets, 0 dropped, 8386 assembled, 66 frame_drops
[2026-08-05T04:02:47Z INFO  remote_display_client] Decoded: 8340 frames, 56.9 fps, avg decode 1.6ms
[2026-08-05T04:02:48Z INFO  net_transport::video_receiver] Recv stats: 96100 packets, 0 dropped, 8416 assembled, 66 frame_drops
[2026-08-05T04:02:48Z INFO  net_transport::video_receiver] Recv stats: 96200 packets, 0 dropped, 8416 assembled, 66 frame_drops
[2026-08-05T04:02:48Z INFO  net_transport::video_receiver] Recv stats: 96300 packets, 0 dropped, 8416 assembled, 66 frame_drops
[2026-08-05T04:02:48Z INFO  net_transport::video_receiver] Recv stats: 96400 packets, 0 dropped, 8416 assembled, 66 frame_drops
[2026-08-05T04:02:48Z INFO  net_transport::video_receiver] Recv stats: 96500 packets, 0 dropped, 8446 assembled, 66 frame_drops
[2026-08-05T04:02:48Z INFO  net_transport::video_receiver] Recv stats: 96600 packets, 0 dropped, 8446 assembled, 66 frame_drops
[2026-08-05T04:02:48Z INFO  net_transport::video_receiver] Recv stats: 96700 packets, 0 dropped, 8446 assembled, 66 frame_drops
[2026-08-05T04:02:48Z INFO  net_transport::video_receiver] Recv stats: 96800 packets, 0 dropped, 8446 assembled, 66 frame_drops
[2026-08-05T04:02:48Z INFO  remote_display_client] Decoded: 8400 frames, 56.9 fps, avg decode 1.6ms
[2026-08-05T04:02:49Z INFO  net_transport::video_receiver] Recv stats: 96900 packets, 0 dropped, 8476 assembled, 66 frame_drops
[2026-08-05T04:02:49Z INFO  net_transport::video_receiver] Recv stats: 97000 packets, 0 dropped, 8476 assembled, 66 frame_drops
[2026-08-05T04:02:49Z INFO  net_transport::video_receiver] Recv stats: 97100 packets, 0 dropped, 8476 assembled, 66 frame_drops
[2026-08-05T04:02:49Z INFO  net_transport::video_receiver] Recv stats: 97200 packets, 0 dropped, 8476 assembled, 66 frame_drops
[2026-08-05T04:02:49Z INFO  net_transport::video_receiver] Recv stats: 97300 packets, 0 dropped, 8506 assembled, 66 frame_drops
[2026-08-05T04:02:49Z INFO  net_transport::video_receiver] Recv stats: 97400 packets, 0 dropped, 8506 assembled, 66 frame_drops
[2026-08-05T04:02:49Z INFO  net_transport::video_receiver] Recv stats: 97500 packets, 0 dropped, 8506 assembled, 66 frame_drops
[2026-08-05T04:02:49Z INFO  net_transport::video_receiver] Recv stats: 97600 packets, 0 dropped, 8506 assembled, 66 frame_drops
[2026-08-05T04:02:49Z INFO  remote_display_client] Decoded: 8460 frames, 57.0 fps, avg decode 1.6ms
[2026-08-05T04:02:50Z INFO  net_transport::video_receiver] Recv stats: 97700 packets, 0 dropped, 8536 assembled, 66 frame_drops
[2026-08-05T04:02:50Z INFO  net_transport::video_receiver] Recv stats: 97800 packets, 0 dropped, 8536 assembled, 66 frame_drops
[2026-08-05T04:02:50Z INFO  net_transport::video_receiver] Recv stats: 97900 packets, 0 dropped, 8536 assembled, 66 frame_drops
[2026-08-05T04:02:50Z INFO  net_transport::video_receiver] Recv stats: 98000 packets, 0 dropped, 8543 assembled, 67 frame_drops
[2026-08-05T04:02:50Z INFO  net_transport::video_receiver] Recv stats: 98100 packets, 0 dropped, 8565 assembled, 67 frame_drops
[2026-08-05T04:02:50Z INFO  net_transport::video_receiver] Recv stats: 98200 packets, 0 dropped, 8565 assembled, 67 frame_drops
[2026-08-05T04:02:50Z INFO  net_transport::video_receiver] Recv stats: 98300 packets, 0 dropped, 8565 assembled, 67 frame_drops
[2026-08-05T04:02:50Z INFO  net_transport::video_receiver] Recv stats: 98400 packets, 0 dropped, 8581 assembled, 67 frame_drops
[2026-08-05T04:02:51Z INFO  net_transport::video_receiver] Recv stats: 98500 packets, 0 dropped, 8595 assembled, 67 frame_drops
[2026-08-05T04:02:51Z INFO  net_transport::video_receiver] Recv stats: 98600 packets, 0 dropped, 8595 assembled, 67 frame_drops
[2026-08-05T04:02:51Z INFO  net_transport::video_receiver] Recv stats: 98700 packets, 0 dropped, 8595 assembled, 67 frame_drops
[2026-08-05T04:02:51Z INFO  net_transport::video_receiver] Recv stats: 98800 packets, 0 dropped, 8619 assembled, 67 frame_drops
[2026-08-05T04:02:51Z INFO  net_transport::video_receiver] Recv stats: 98900 packets, 0 dropped, 8625 assembled, 67 frame_drops
[2026-08-05T04:02:51Z INFO  net_transport::video_receiver] Recv stats: 99000 packets, 0 dropped, 8625 assembled, 67 frame_drops
[2026-08-05T04:02:51Z INFO  net_transport::video_receiver] Recv stats: 99100 packets, 0 dropped, 8625 assembled, 67 frame_drops
[2026-08-05T04:02:51Z INFO  remote_display_client] Decoded: 8580 frames, 56.9 fps, avg decode 1.6ms
[2026-08-05T04:02:52Z INFO  net_transport::video_receiver] Recv stats: 99200 packets, 0 dropped, 8655 assembled, 67 frame_drops
[2026-08-05T04:02:52Z INFO  net_transport::video_receiver] Recv stats: 99300 packets, 0 dropped, 8655 assembled, 67 frame_drops
[2026-08-05T04:02:52Z INFO  net_transport::video_receiver] Recv stats: 99400 packets, 0 dropped, 8655 assembled, 67 frame_drops
[2026-08-05T04:02:52Z INFO  net_transport::video_receiver] Recv stats: 99500 packets, 0 dropped, 8655 assembled, 67 frame_drops
[2026-08-05T04:02:52Z INFO  net_transport::video_receiver] Recv stats: 99600 packets, 0 dropped, 8685 assembled, 67 frame_drops
[2026-08-05T04:02:52Z INFO  net_transport::video_receiver] Recv stats: 99700 packets, 0 dropped, 8685 assembled, 67 frame_drops
[2026-08-05T04:02:52Z INFO  net_transport::video_receiver] Recv stats: 99800 packets, 0 dropped, 8685 assembled, 67 frame_drops
[2026-08-05T04:02:52Z INFO  net_transport::video_receiver] Recv stats: 99900 packets, 0 dropped, 8685 assembled, 67 frame_drops
[2026-08-05T04:02:53Z INFO  net_transport::video_receiver] Recv stats: 100000 packets, 0 dropped, 8713 assembled, 67 frame_drops
[2026-08-05T04:02:53Z INFO  net_transport::video_receiver] Recv stats: 100100 packets, 0 dropped, 8713 assembled, 67 frame_drops
[2026-08-05T04:02:53Z INFO  net_transport::video_receiver] Recv stats: 100200 packets, 0 dropped, 8713 assembled, 67 frame_drops
[2026-08-05T04:02:53Z INFO  net_transport::video_receiver] Recv stats: 100300 packets, 0 dropped, 8713 assembled, 67 frame_drops
[2026-08-05T04:02:53Z INFO  net_transport::video_receiver] Recv stats: 100400 packets, 0 dropped, 8743 assembled, 67 frame_drops
[2026-08-05T04:02:53Z INFO  net_transport::video_receiver] Recv stats: 100500 packets, 0 dropped, 8743 assembled, 67 frame_drops
[2026-08-05T04:02:53Z INFO  net_transport::video_receiver] Recv stats: 100600 packets, 0 dropped, 8743 assembled, 67 frame_drops
[2026-08-05T04:02:53Z INFO  net_transport::video_receiver] Recv stats: 100700 packets, 0 dropped, 8743 assembled, 67 frame_drops
[2026-08-05T04:02:54Z INFO  remote_display_client] Decoded: 8700 frames, 56.9 fps, avg decode 1.6ms
[2026-08-05T04:02:54Z INFO  net_transport::video_receiver] Recv stats: 100800 packets, 0 dropped, 8764 assembled, 67 frame_drops
[2026-08-05T04:02:54Z INFO  net_transport::video_receiver] Recv stats: 100900 packets, 0 dropped, 8769 assembled, 67 frame_drops
[2026-08-05T04:02:54Z INFO  net_transport::video_receiver] Recv stats: 101000 packets, 0 dropped, 8773 assembled, 67 frame_drops
[2026-08-05T04:02:54Z INFO  net_transport::video_receiver] Recv stats: 101100 packets, 0 dropped, 8773 assembled, 67 frame_drops
[2026-08-05T04:02:54Z INFO  net_transport::video_receiver] Recv stats: 101200 packets, 0 dropped, 8773 assembled, 67 frame_drops
[2026-08-05T04:02:54Z INFO  net_transport::video_receiver] Recv stats: 101300 packets, 0 dropped, 8777 assembled, 67 frame_drops
[2026-08-05T04:02:54Z INFO  net_transport::video_receiver] Recv stats: 101400 packets, 0 dropped, 8803 assembled, 67 frame_drops
[2026-08-05T04:02:54Z INFO  net_transport::video_receiver] Recv stats: 101500 packets, 0 dropped, 8803 assembled, 67 frame_drops
[2026-08-05T04:02:54Z INFO  net_transport::video_receiver] Recv stats: 101600 packets, 0 dropped, 8803 assembled, 67 frame_drops
[2026-08-05T04:02:54Z INFO  net_transport::video_receiver] Recv stats: 101700 packets, 0 dropped, 8803 assembled, 67 frame_drops
[2026-08-05T04:02:55Z INFO  remote_display_client] Decoded: 8760 frames, 56.9 fps, avg decode 1.6ms
[2026-08-05T04:02:55Z INFO  net_transport::video_receiver] Recv stats: 101800 packets, 0 dropped, 8826 assembled, 67 frame_drops
[2026-08-05T04:02:55Z INFO  net_transport::video_receiver] Recv stats: 101900 packets, 0 dropped, 8833 assembled, 67 frame_drops
[2026-08-05T04:02:55Z INFO  net_transport::video_receiver] Recv stats: 102000 packets, 0 dropped, 8833 assembled, 67 frame_drops
[2026-08-05T04:02:55Z INFO  net_transport::video_receiver] Recv stats: 102100 packets, 0 dropped, 8833 assembled, 67 frame_drops
[2026-08-05T04:02:55Z INFO  net_transport::video_receiver] Recv stats: 102200 packets, 0 dropped, 8833 assembled, 67 frame_drops
[2026-08-05T04:02:55Z INFO  net_transport::video_receiver] Recv stats: 102300 packets, 0 dropped, 8863 assembled, 67 frame_drops
[2026-08-05T04:02:55Z INFO  net_transport::video_receiver] Recv stats: 102400 packets, 0 dropped, 8863 assembled, 67 frame_drops
[2026-08-05T04:02:55Z INFO  net_transport::video_receiver] Recv stats: 102500 packets, 0 dropped, 8863 assembled, 67 frame_drops
[2026-08-05T04:02:55Z INFO  net_transport::video_receiver] Recv stats: 102600 packets, 0 dropped, 8863 assembled, 67 frame_drops
[2026-08-05T04:02:56Z INFO  remote_display_client] Decoded: 8820 frames, 56.9 fps, avg decode 1.6ms
[2026-08-05T04:02:56Z INFO  net_transport::video_receiver] Recv stats: 102700 packets, 0 dropped, 8893 assembled, 67 frame_drops
[2026-08-05T04:02:56Z INFO  net_transport::video_receiver] Recv stats: 102800 packets, 0 dropped, 8893 assembled, 67 frame_drops
[2026-08-05T04:02:56Z INFO  net_transport::video_receiver] Recv stats: 102900 packets, 0 dropped, 8893 assembled, 67 frame_drops
[2026-08-05T04:02:56Z INFO  net_transport::video_receiver] Recv stats: 103000 packets, 0 dropped, 8893 assembled, 67 frame_drops
[2026-08-05T04:02:57Z INFO  net_transport::video_receiver] Recv stats: 103100 packets, 0 dropped, 8923 assembled, 67 frame_drops
[2026-08-05T04:02:57Z INFO  net_transport::video_receiver] Recv stats: 103200 packets, 0 dropped, 8923 assembled, 67 frame_drops
[2026-08-05T04:02:57Z INFO  net_transport::video_receiver] Recv stats: 103300 packets, 0 dropped, 8923 assembled, 67 frame_drops
[2026-08-05T04:02:57Z INFO  net_transport::video_receiver] Recv stats: 103400 packets, 0 dropped, 8923 assembled, 67 frame_drops
[2026-08-05T04:02:57Z INFO  remote_display_client] Decoded: 8880 frames, 56.9 fps, avg decode 1.6ms
[2026-08-05T04:02:57Z INFO  net_transport::video_receiver] Recv stats: 103500 packets, 0 dropped, 8953 assembled, 67 frame_drops
[2026-08-05T04:02:57Z INFO  net_transport::video_receiver] Recv stats: 103600 packets, 0 dropped, 8953 assembled, 67 frame_drops
[2026-08-05T04:02:57Z INFO  net_transport::video_receiver] Recv stats: 103700 packets, 0 dropped, 8953 assembled, 67 frame_drops
[2026-08-05T04:02:57Z INFO  net_transport::video_receiver] Recv stats: 103800 packets, 0 dropped, 8953 assembled, 67 frame_drops
[2026-08-05T04:02:58Z INFO  net_transport::video_receiver] Recv stats: 103900 packets, 0 dropped, 8983 assembled, 67 frame_drops
[2026-08-05T04:02:58Z INFO  net_transport::video_receiver] Recv stats: 104000 packets, 0 dropped, 8983 assembled, 67 frame_drops
[2026-08-05T04:02:58Z INFO  net_transport::video_receiver] Recv stats: 104100 packets, 0 dropped, 8983 assembled, 67 frame_drops
[2026-08-05T04:02:58Z INFO  net_transport::video_receiver] Recv stats: 104200 packets, 0 dropped, 8983 assembled, 67 frame_drops
[2026-08-05T04:02:58Z INFO  remote_display_client] Decoded: 8940 frames, 56.9 fps, avg decode 1.6ms
[2026-08-05T04:02:58Z INFO  net_transport::video_receiver] Recv stats: 104300 packets, 0 dropped, 9013 assembled, 67 frame_drops
[2026-08-05T04:02:58Z INFO  net_transport::video_receiver] Recv stats: 104400 packets, 0 dropped, 9013 assembled, 67 frame_drops
[2026-08-05T04:02:58Z INFO  net_transport::video_receiver] Recv stats: 104500 packets, 0 dropped, 9013 assembled, 67 frame_drops
[2026-08-05T04:02:58Z INFO  net_transport::video_receiver] Recv stats: 104600 packets, 0 dropped, 9013 assembled, 67 frame_drops
[2026-08-05T04:02:59Z INFO  net_transport::video_receiver] Recv stats: 104700 packets, 0 dropped, 9043 assembled, 67 frame_drops
[2026-08-05T04:02:59Z INFO  net_transport::video_receiver] Recv stats: 104800 packets, 0 dropped, 9043 assembled, 67 frame_drops
[2026-08-05T04:02:59Z INFO  net_transport::video_receiver] Recv stats: 104900 packets, 0 dropped, 9043 assembled, 67 frame_drops
[2026-08-05T04:02:59Z INFO  net_transport::video_receiver] Recv stats: 105000 packets, 0 dropped, 9043 assembled, 67 frame_drops
[2026-08-05T04:02:59Z INFO  remote_display_client] Decoded: 9000 frames, 56.9 fps, avg decode 1.6ms
[2026-08-05T04:02:59Z INFO  net_transport::video_receiver] Recv stats: 105100 packets, 0 dropped, 9073 assembled, 67 frame_drops
[2026-08-05T04:02:59Z INFO  net_transport::video_receiver] Recv stats: 105200 packets, 0 dropped, 9073 assembled, 67 frame_drops
[2026-08-05T04:02:59Z INFO  net_transport::video_receiver] Recv stats: 105300 packets, 0 dropped, 9073 assembled, 67 frame_drops
[2026-08-05T04:02:59Z INFO  net_transport::video_receiver] Recv stats: 105400 packets, 0 dropped, 9073 assembled, 67 frame_drops
[2026-08-05T04:03:00Z INFO  net_transport::video_receiver] Recv stats: 105500 packets, 0 dropped, 9103 assembled, 67 frame_drops
[2026-08-05T04:03:00Z INFO  net_transport::video_receiver] Recv stats: 105600 packets, 0 dropped, 9103 assembled, 67 frame_drops
[2026-08-05T04:03:00Z INFO  net_transport::video_receiver] Recv stats: 105700 packets, 0 dropped, 9103 assembled, 67 frame_drops
[2026-08-05T04:03:00Z INFO  net_transport::video_receiver] Recv stats: 105800 packets, 0 dropped, 9103 assembled, 67 frame_drops
[2026-08-05T04:03:00Z INFO  remote_display_client] Decoded: 9060 frames, 56.9 fps, avg decode 1.6ms
[2026-08-05T04:03:00Z INFO  net_transport::video_receiver] Recv stats: 105900 packets, 0 dropped, 9133 assembled, 67 frame_drops
[2026-08-05T04:03:00Z INFO  net_transport::video_receiver] Recv stats: 106000 packets, 0 dropped, 9133 assembled, 67 frame_drops
[2026-08-05T04:03:00Z INFO  net_transport::video_receiver] Recv stats: 106100 packets, 0 dropped, 9133 assembled, 67 frame_drops
[2026-08-05T04:03:00Z INFO  net_transport::video_receiver] Recv stats: 106200 packets, 0 dropped, 9133 assembled, 67 frame_drops
[2026-08-05T04:03:01Z INFO  net_transport::video_receiver] Recv stats: 106300 packets, 0 dropped, 9163 assembled, 67 frame_drops
[2026-08-05T04:03:01Z INFO  net_transport::video_receiver] Recv stats: 106400 packets, 0 dropped, 9163 assembled, 67 frame_drops
[2026-08-05T04:03:01Z INFO  net_transport::video_receiver] Recv stats: 106500 packets, 0 dropped, 9163 assembled, 67 frame_drops
[2026-08-05T04:03:01Z INFO  net_transport::video_receiver] Recv stats: 106600 packets, 0 dropped, 9163 assembled, 67 frame_drops
[2026-08-05T04:03:01Z INFO  remote_display_client] Decoded: 9120 frames, 56.9 fps, avg decode 1.6ms
[2026-08-05T04:03:01Z INFO  net_transport::video_receiver] Recv stats: 106700 packets, 0 dropped, 9193 assembled, 67 frame_drops
[2026-08-05T04:03:01Z INFO  net_transport::video_receiver] Recv stats: 106800 packets, 0 dropped, 9193 assembled, 67 frame_drops
[2026-08-05T04:03:01Z INFO  net_transport::video_receiver] Recv stats: 106900 packets, 0 dropped, 9193 assembled, 67 frame_drops
[2026-08-05T04:03:01Z INFO  net_transport::video_receiver] Recv stats: 107000 packets, 0 dropped, 9193 assembled, 67 frame_drops
[2026-08-05T04:03:02Z INFO  net_transport::video_receiver] Recv stats: 107100 packets, 0 dropped, 9222 assembled, 68 frame_drops
[2026-08-05T04:03:02Z INFO  net_transport::video_receiver] Recv stats: 107200 packets, 0 dropped, 9222 assembled, 68 frame_drops
[2026-08-05T04:03:02Z INFO  net_transport::video_receiver] Recv stats: 107300 packets, 0 dropped, 9222 assembled, 68 frame_drops
[2026-08-05T04:03:02Z INFO  remote_display_client] Decoded: 9180 frames, 56.9 fps, avg decode 1.6ms
[2026-08-05T04:03:02Z INFO  net_transport::video_receiver] Recv stats: 107400 packets, 0 dropped, 9237 assembled, 69 frame_drops
[2026-08-05T04:03:03Z INFO  net_transport::video_receiver] Recv stats: 107500 packets, 0 dropped, 9251 assembled, 69 frame_drops
[2026-08-05T04:03:03Z INFO  net_transport::video_receiver] Recv stats: 107600 packets, 0 dropped, 9251 assembled, 69 frame_drops
[2026-08-05T04:03:03Z INFO  net_transport::video_receiver] Recv stats: 107700 packets, 0 dropped, 9251 assembled, 69 frame_drops
[2026-08-05T04:03:03Z INFO  net_transport::video_receiver] Recv stats: 107800 packets, 0 dropped, 9275 assembled, 69 frame_drops
[2026-08-05T04:03:03Z INFO  net_transport::video_receiver] Recv stats: 107900 packets, 0 dropped, 9281 assembled, 69 frame_drops
[2026-08-05T04:03:03Z INFO  net_transport::video_receiver] Recv stats: 108000 packets, 0 dropped, 9281 assembled, 69 frame_drops
[2026-08-05T04:03:03Z INFO  net_transport::video_receiver] Recv stats: 108100 packets, 0 dropped, 9281 assembled, 69 frame_drops
[2026-08-05T04:03:03Z INFO  remote_display_client] Decoded: 9240 frames, 56.9 fps, avg decode 1.6ms
[2026-08-05T04:03:04Z INFO  net_transport::video_receiver] Recv stats: 108200 packets, 0 dropped, 9311 assembled, 69 frame_drops
[2026-08-05T04:03:04Z INFO  net_transport::video_receiver] Recv stats: 108300 packets, 0 dropped, 9311 assembled, 69 frame_drops
[2026-08-05T04:03:04Z INFO  net_transport::video_receiver] Recv stats: 108400 packets, 0 dropped, 9311 assembled, 69 frame_drops
[2026-08-05T04:03:04Z INFO  net_transport::video_receiver] Recv stats: 108500 packets, 0 dropped, 9311 assembled, 69 frame_drops
[2026-08-05T04:03:04Z INFO  net_transport::video_receiver] Recv stats: 108600 packets, 0 dropped, 9341 assembled, 69 frame_drops
[2026-08-05T04:03:04Z INFO  net_transport::video_receiver] Recv stats: 108700 packets, 0 dropped, 9341 assembled, 69 frame_drops
[2026-08-05T04:03:04Z INFO  net_transport::video_receiver] Recv stats: 108800 packets, 0 dropped, 9341 assembled, 69 frame_drops
[2026-08-05T04:03:04Z INFO  net_transport::video_receiver] Recv stats: 108900 packets, 0 dropped, 9341 assembled, 69 frame_drops
[2026-08-05T04:03:04Z INFO  remote_display_client] Decoded: 9300 frames, 56.8 fps, avg decode 1.6ms
[2026-08-05T04:03:05Z INFO  net_transport::video_receiver] Recv stats: 109000 packets, 0 dropped, 9371 assembled, 69 frame_drops
[2026-08-05T04:03:05Z INFO  net_transport::video_receiver] Recv stats: 109100 packets, 0 dropped, 9371 assembled, 69 frame_drops
[2026-08-05T04:03:05Z INFO  net_transport::video_receiver] Recv stats: 109200 packets, 0 dropped, 9371 assembled, 69 frame_drops
[2026-08-05T04:03:05Z INFO  net_transport::video_receiver] Recv stats: 109300 packets, 0 dropped, 9371 assembled, 69 frame_drops
[2026-08-05T04:03:05Z INFO  net_transport::video_receiver] Recv stats: 109400 packets, 0 dropped, 9401 assembled, 69 frame_drops
[2026-08-05T04:03:05Z INFO  net_transport::video_receiver] Recv stats: 109500 packets, 0 dropped, 9401 assembled, 69 frame_drops
[2026-08-05T04:03:05Z INFO  net_transport::video_receiver] Recv stats: 109600 packets, 0 dropped, 9401 assembled, 69 frame_drops
[2026-08-05T04:03:05Z INFO  net_transport::video_receiver] Recv stats: 109700 packets, 0 dropped, 9401 assembled, 69 frame_drops
[2026-08-05T04:03:05Z INFO  remote_display_client] Decoded: 9360 frames, 56.9 fps, avg decode 1.6ms
[2026-08-05T04:03:06Z INFO  net_transport::video_receiver] Recv stats: 109800 packets, 0 dropped, 9431 assembled, 69 frame_drops
[2026-08-05T04:03:06Z INFO  net_transport::video_receiver] Recv stats: 109900 packets, 0 dropped, 9431 assembled, 69 frame_drops
[2026-08-05T04:03:06Z INFO  net_transport::video_receiver] Recv stats: 110000 packets, 0 dropped, 9431 assembled, 69 frame_drops
[2026-08-05T04:03:06Z INFO  net_transport::video_receiver] Recv stats: 110100 packets, 0 dropped, 9431 assembled, 69 frame_drops
[2026-08-05T04:03:06Z INFO  net_transport::video_receiver] Recv stats: 110200 packets, 0 dropped, 9461 assembled, 69 frame_drops
[2026-08-05T04:03:06Z INFO  net_transport::video_receiver] Recv stats: 110300 packets, 0 dropped, 9461 assembled, 69 frame_drops
[2026-08-05T04:03:06Z INFO  net_transport::video_receiver] Recv stats: 110400 packets, 0 dropped, 9461 assembled, 69 frame_drops
[2026-08-05T04:03:06Z INFO  net_transport::video_receiver] Recv stats: 110500 packets, 0 dropped, 9461 assembled, 69 frame_drops
[2026-08-05T04:03:06Z INFO  remote_display_client] Decoded: 9420 frames, 56.9 fps, avg decode 1.6ms
[2026-08-05T04:03:07Z INFO  net_transport::video_receiver] Recv stats: 110600 packets, 0 dropped, 9491 assembled, 69 frame_drops
[2026-08-05T04:03:07Z INFO  net_transport::video_receiver] Recv stats: 110700 packets, 0 dropped, 9491 assembled, 69 frame_drops
[2026-08-05T04:03:07Z INFO  net_transport::video_receiver] Recv stats: 110800 packets, 0 dropped, 9491 assembled, 69 frame_drops
[2026-08-05T04:03:07Z INFO  net_transport::video_receiver] Recv stats: 110900 packets, 0 dropped, 9491 assembled, 69 frame_drops
[2026-08-05T04:03:07Z INFO  net_transport::video_receiver] Recv stats: 111000 packets, 0 dropped, 9521 assembled, 69 frame_drops
[2026-08-05T04:03:07Z INFO  net_transport::video_receiver] Recv stats: 111100 packets, 0 dropped, 9521 assembled, 69 frame_drops
[2026-08-05T04:03:07Z INFO  net_transport::video_receiver] Recv stats: 111200 packets, 0 dropped, 9521 assembled, 69 frame_drops
[2026-08-05T04:03:07Z INFO  net_transport::video_receiver] Recv stats: 111300 packets, 0 dropped, 9521 assembled, 69 frame_drops
[2026-08-05T04:03:07Z INFO  remote_display_client] Decoded: 9480 frames, 56.9 fps, avg decode 1.6ms
[2026-08-05T04:03:08Z INFO  net_transport::video_receiver] Recv stats: 111400 packets, 0 dropped, 9551 assembled, 69 frame_drops
[2026-08-05T04:03:08Z INFO  net_transport::video_receiver] Recv stats: 111500 packets, 0 dropped, 9551 assembled, 69 frame_drops
[2026-08-05T04:03:08Z INFO  net_transport::video_receiver] Recv stats: 111600 packets, 0 dropped, 9551 assembled, 69 frame_drops
[2026-08-05T04:03:08Z INFO  net_transport::video_receiver] Recv stats: 111700 packets, 0 dropped, 9555 assembled, 69 frame_drops
[2026-08-05T04:03:08Z INFO  net_transport::video_receiver] Recv stats: 111800 packets, 0 dropped, 9581 assembled, 69 frame_drops
[2026-08-05T04:03:08Z INFO  net_transport::video_receiver] Recv stats: 111900 packets, 0 dropped, 9581 assembled, 69 frame_drops
[2026-08-05T04:03:08Z INFO  net_transport::video_receiver] Recv stats: 112000 packets, 0 dropped, 9581 assembled, 69 frame_drops
[2026-08-05T04:03:08Z INFO  net_transport::video_receiver] Recv stats: 112100 packets, 0 dropped, 9593 assembled, 69 frame_drops
[2026-08-05T04:03:09Z INFO  remote_display_client] Decoded: 9540 frames, 56.9 fps, avg decode 1.6ms
[2026-08-05T04:03:09Z INFO  net_transport::video_receiver] Recv stats: 112200 packets, 0 dropped, 9611 assembled, 69 frame_drops
[2026-08-05T04:03:09Z INFO  net_transport::video_receiver] Recv stats: 112300 packets, 0 dropped, 9611 assembled, 69 frame_drops
[2026-08-05T04:03:09Z INFO  net_transport::video_receiver] Recv stats: 112400 packets, 0 dropped, 9611 assembled, 69 frame_drops
[2026-08-05T04:03:09Z INFO  net_transport::video_receiver] Recv stats: 112500 packets, 0 dropped, 9615 assembled, 69 frame_drops
[2026-08-05T04:03:09Z INFO  net_transport::video_receiver] Recv stats: 112600 packets, 0 dropped, 9617 assembled, 69 frame_drops
[2026-08-05T04:03:09Z INFO  net_transport::video_receiver] Recv stats: 112700 packets, 0 dropped, 9619 assembled, 69 frame_drops
[2026-08-05T04:03:09Z INFO  net_transport::video_receiver] Recv stats: 112800 packets, 0 dropped, 9632 assembled, 69 frame_drops
[2026-08-05T04:03:09Z INFO  net_transport::video_receiver] Recv stats: 112900 packets, 0 dropped, 9641 assembled, 69 frame_drops
[2026-08-05T04:03:09Z INFO  net_transport::video_receiver] Recv stats: 113000 packets, 0 dropped, 9641 assembled, 69 frame_drops
[2026-08-05T04:03:09Z INFO  net_transport::video_receiver] Recv stats: 113100 packets, 0 dropped, 9641 assembled, 69 frame_drops
[2026-08-05T04:03:09Z INFO  net_transport::video_receiver] Recv stats: 113200 packets, 0 dropped, 9646 assembled, 69 frame_drops
[2026-08-05T04:03:10Z INFO  remote_display_client] Decoded: 9600 frames, 56.9 fps, avg decode 1.6ms
[2026-08-05T04:03:10Z INFO  net_transport::video_receiver] Recv stats: 113300 packets, 0 dropped, 9663 assembled, 69 frame_drops
[2026-08-05T04:03:10Z INFO  net_transport::video_receiver] Recv stats: 113400 packets, 0 dropped, 9671 assembled, 69 frame_drops
[2026-08-05T04:03:10Z INFO  net_transport::video_receiver] Recv stats: 113500 packets, 0 dropped, 9671 assembled, 69 frame_drops
[2026-08-05T04:03:10Z INFO  net_transport::video_receiver] Recv stats: 113600 packets, 0 dropped, 9671 assembled, 69 frame_drops
[2026-08-05T04:03:10Z INFO  net_transport::video_receiver] Recv stats: 113700 packets, 0 dropped, 9701 assembled, 69 frame_drops
[2026-08-05T04:03:10Z INFO  net_transport::video_receiver] Recv stats: 113800 packets, 0 dropped, 9701 assembled, 69 frame_drops
[2026-08-05T04:03:10Z INFO  net_transport::video_receiver] Recv stats: 113900 packets, 0 dropped, 9701 assembled, 69 frame_drops
[2026-08-05T04:03:11Z INFO  remote_display_client] Decoded: 9660 frames, 56.9 fps, avg decode 1.6ms
[2026-08-05T04:03:11Z INFO  net_transport::video_receiver] Recv stats: 114000 packets, 0 dropped, 9731 assembled, 69 frame_drops
[2026-08-05T04:03:11Z INFO  net_transport::video_receiver] Recv stats: 114100 packets, 0 dropped, 9731 assembled, 69 frame_drops
[2026-08-05T04:03:11Z INFO  net_transport::video_receiver] Recv stats: 114200 packets, 0 dropped, 9731 assembled, 69 frame_drops
[2026-08-05T04:03:11Z INFO  net_transport::video_receiver] Recv stats: 114300 packets, 0 dropped, 9731 assembled, 69 frame_drops
[2026-08-05T04:03:11Z INFO  net_transport::video_receiver] Recv stats: 114400 packets, 0 dropped, 9761 assembled, 69 frame_drops
[2026-08-05T04:03:11Z INFO  net_transport::video_receiver] Recv stats: 114500 packets, 0 dropped, 9761 assembled, 69 frame_drops
[2026-08-05T04:03:11Z INFO  net_transport::video_receiver] Recv stats: 114600 packets, 0 dropped, 9761 assembled, 69 frame_drops
[2026-08-05T04:03:12Z INFO  remote_display_client] Decoded: 9720 frames, 56.9 fps, avg decode 1.6ms
[2026-08-05T04:03:12Z INFO  net_transport::video_receiver] Recv stats: 114700 packets, 0 dropped, 9791 assembled, 69 frame_drops
[2026-08-05T04:03:12Z INFO  net_transport::video_receiver] Recv stats: 114800 packets, 0 dropped, 9791 assembled, 69 frame_drops
[2026-08-05T04:03:12Z INFO  net_transport::video_receiver] Recv stats: 114900 packets, 0 dropped, 9791 assembled, 69 frame_drops
[2026-08-05T04:03:12Z INFO  net_transport::video_receiver] Recv stats: 115000 packets, 0 dropped, 9803 assembled, 69 frame_drops
[2026-08-05T04:03:12Z INFO  net_transport::video_receiver] Recv stats: 115100 packets, 0 dropped, 9821 assembled, 69 frame_drops
[2026-08-05T04:03:12Z INFO  net_transport::video_receiver] Recv stats: 115200 packets, 0 dropped, 9821 assembled, 69 frame_drops
[2026-08-05T04:03:12Z INFO  net_transport::video_receiver] Recv stats: 115300 packets, 0 dropped, 9821 assembled, 69 frame_drops
[2026-08-05T04:03:13Z INFO  remote_display_client] Decoded: 9780 frames, 56.9 fps, avg decode 1.6ms
[2026-08-05T04:03:13Z INFO  net_transport::video_receiver] Recv stats: 115400 packets, 0 dropped, 9851 assembled, 69 frame_drops
[2026-08-05T04:03:13Z INFO  net_transport::video_receiver] Recv stats: 115500 packets, 0 dropped, 9851 assembled, 69 frame_drops
[2026-08-05T04:03:13Z INFO  net_transport::video_receiver] Recv stats: 115600 packets, 0 dropped, 9851 assembled, 69 frame_drops
[2026-08-05T04:03:13Z INFO  net_transport::video_receiver] Recv stats: 115700 packets, 0 dropped, 9857 assembled, 69 frame_drops
[2026-08-05T04:03:13Z INFO  net_transport::video_receiver] Recv stats: 115800 packets, 0 dropped, 9881 assembled, 69 frame_drops
[2026-08-05T04:03:13Z INFO  net_transport::video_receiver] Recv stats: 115900 packets, 0 dropped, 9881 assembled, 69 frame_drops
[2026-08-05T04:03:13Z INFO  net_transport::video_receiver] Recv stats: 116000 packets, 0 dropped, 9881 assembled, 69 frame_drops
[2026-08-05T04:03:14Z INFO  remote_display_client] Decoded: 9840 frames, 56.9 fps, avg decode 1.6ms
[2026-08-05T04:03:14Z INFO  net_transport::video_receiver] Recv stats: 116100 packets, 0 dropped, 9911 assembled, 69 frame_drops
[2026-08-05T04:03:14Z INFO  net_transport::video_receiver] Recv stats: 116200 packets, 0 dropped, 9911 assembled, 69 frame_drops
[2026-08-05T04:03:14Z INFO  net_transport::video_receiver] Recv stats: 116300 packets, 0 dropped, 9911 assembled, 69 frame_drops
[2026-08-05T04:03:14Z INFO  net_transport::video_receiver] Recv stats: 116400 packets, 0 dropped, 9927 assembled, 69 frame_drops
[2026-08-05T04:03:14Z INFO  net_transport::video_receiver] Recv stats: 116500 packets, 0 dropped, 9941 assembled, 69 frame_drops
[2026-08-05T04:03:14Z INFO  net_transport::video_receiver] Recv stats: 116600 packets, 0 dropped, 9941 assembled, 69 frame_drops
[2026-08-05T04:03:14Z INFO  net_transport::video_receiver] Recv stats: 116700 packets, 0 dropped, 9941 assembled, 69 frame_drops
[2026-08-05T04:03:15Z INFO  remote_display_client] Decoded: 9900 frames, 56.9 fps, avg decode 1.6ms
[2026-08-05T04:03:15Z INFO  net_transport::video_receiver] Recv stats: 116800 packets, 0 dropped, 9971 assembled, 69 frame_drops
[2026-08-05T04:03:15Z INFO  net_transport::video_receiver] Recv stats: 116900 packets, 0 dropped, 9971 assembled, 69 frame_drops
[2026-08-05T04:03:15Z INFO  net_transport::video_receiver] Recv stats: 117000 packets, 0 dropped, 9971 assembled, 69 frame_drops
[2026-08-05T04:03:15Z INFO  net_transport::video_receiver] Recv stats: 117100 packets, 0 dropped, 9994 assembled, 69 frame_drops
[2026-08-05T04:03:16Z INFO  net_transport::video_receiver] Recv stats: 117200 packets, 0 dropped, 10001 assembled, 69 frame_drops
[2026-08-05T04:03:16Z INFO  net_transport::video_receiver] Recv stats: 117300 packets, 0 dropped, 10001 assembled, 69 frame_drops
[2026-08-05T04:03:16Z INFO  net_transport::video_receiver] Recv stats: 117400 packets, 0 dropped, 10001 assembled, 69 frame_drops
[2026-08-05T04:03:16Z INFO  remote_display_client] Decoded: 9960 frames, 56.9 fps, avg decode 1.6ms
[2026-08-05T04:03:16Z INFO  net_transport::video_receiver] Recv stats: 117500 packets, 0 dropped, 10031 assembled, 69 frame_drops
[2026-08-05T04:03:16Z INFO  net_transport::video_receiver] Recv stats: 117600 packets, 0 dropped, 10031 assembled, 69 frame_drops
[2026-08-05T04:03:16Z INFO  net_transport::video_receiver] Recv stats: 117700 packets, 0 dropped, 10031 assembled, 69 frame_drops
[2026-08-05T04:03:17Z INFO  net_transport::video_receiver] Recv stats: 117800 packets, 0 dropped, 10060 assembled, 70 frame_drops
[2026-08-05T04:03:17Z INFO  net_transport::video_receiver] Recv stats: 117900 packets, 0 dropped, 10060 assembled, 70 frame_drops
[2026-08-05T04:03:17Z INFO  net_transport::video_receiver] Recv stats: 118000 packets, 0 dropped, 10060 assembled, 70 frame_drops
[2026-08-05T04:03:17Z INFO  remote_display_client] Decoded: 10020 frames, 56.9 fps, avg decode 1.6ms
[2026-08-05T04:03:17Z INFO  net_transport::video_receiver] Recv stats: 118100 packets, 0 dropped, 10089 assembled, 70 frame_drops
[2026-08-05T04:03:17Z INFO  net_transport::video_receiver] Recv stats: 118200 packets, 0 dropped, 10089 assembled, 70 frame_drops
[2026-08-05T04:03:17Z INFO  net_transport::video_receiver] Recv stats: 118300 packets, 0 dropped, 10089 assembled, 70 frame_drops
[2026-08-05T04:03:17Z INFO  net_transport::video_receiver] Recv stats: 118400 packets, 0 dropped, 10092 assembled, 70 frame_drops
[2026-08-05T04:03:18Z INFO  net_transport::video_receiver] Recv stats: 118500 packets, 0 dropped, 10119 assembled, 70 frame_drops
[2026-08-05T04:03:18Z INFO  net_transport::video_receiver] Recv stats: 118600 packets, 0 dropped, 10119 assembled, 70 frame_drops
[2026-08-05T04:03:18Z INFO  remote_display_client] Decoded: 10080 frames, 56.9 fps, avg decode 1.6ms
[2026-08-05T04:03:18Z INFO  net_transport::video_receiver] Recv stats: 118700 packets, 0 dropped, 10143 assembled, 71 frame_drops
[2026-08-05T04:03:18Z INFO  net_transport::video_receiver] Recv stats: 118800 packets, 0 dropped, 10148 assembled, 71 frame_drops
[2026-08-05T04:03:18Z INFO  net_transport::video_receiver] Recv stats: 118900 packets, 0 dropped, 10148 assembled, 71 frame_drops
[2026-08-05T04:03:18Z INFO  net_transport::video_receiver] Recv stats: 119000 packets, 0 dropped, 10148 assembled, 71 frame_drops
[2026-08-05T04:03:19Z INFO  net_transport::video_receiver] Recv stats: 119100 packets, 0 dropped, 10178 assembled, 71 frame_drops
[2026-08-05T04:03:19Z INFO  net_transport::video_receiver] Recv stats: 119200 packets, 0 dropped, 10178 assembled, 71 frame_drops
[2026-08-05T04:03:19Z INFO  net_transport::video_receiver] Recv stats: 119300 packets, 0 dropped, 10178 assembled, 71 frame_drops
[2026-08-05T04:03:19Z INFO  remote_display_client] Decoded: 10140 frames, 56.9 fps, avg decode 1.6ms
[2026-08-05T04:03:19Z INFO  net_transport::video_receiver] Recv stats: 119400 packets, 0 dropped, 10208 assembled, 71 frame_drops
[2026-08-05T04:03:19Z INFO  net_transport::video_receiver] Recv stats: 119500 packets, 0 dropped, 10208 assembled, 71 frame_drops
[2026-08-05T04:03:19Z INFO  net_transport::video_receiver] Recv stats: 119600 packets, 0 dropped, 10208 assembled, 71 frame_drops
[2026-08-05T04:03:19Z INFO  net_transport::video_receiver] Recv stats: 119700 packets, 0 dropped, 10208 assembled, 71 frame_drops
[2026-08-05T04:03:20Z INFO  net_transport::video_receiver] Recv stats: 119800 packets, 0 dropped, 10238 assembled, 71 frame_drops
[2026-08-05T04:03:20Z INFO  net_transport::video_receiver] Recv stats: 119900 packets, 0 dropped, 10238 assembled, 71 frame_drops
[2026-08-05T04:03:20Z INFO  net_transport::video_receiver] Recv stats: 120000 packets, 0 dropped, 10238 assembled, 71 frame_drops
[2026-08-05T04:03:20Z INFO  remote_display_client] Decoded: 10200 frames, 56.9 fps, avg decode 1.6ms
[2026-08-05T04:03:20Z INFO  net_transport::video_receiver] Recv stats: 120100 packets, 0 dropped, 10268 assembled, 71 frame_drops
[2026-08-05T04:03:20Z INFO  net_transport::video_receiver] Recv stats: 120200 packets, 0 dropped, 10268 assembled, 71 frame_drops
[2026-08-05T04:03:20Z INFO  net_transport::video_receiver] Recv stats: 120300 packets, 0 dropped, 10268 assembled, 71 frame_drops
[2026-08-05T04:03:20Z INFO  net_transport::video_receiver] Recv stats: 120400 packets, 0 dropped, 10283 assembled, 71 frame_drops
[2026-08-05T04:03:21Z INFO  net_transport::video_receiver] Recv stats: 120500 packets, 0 dropped, 10298 assembled, 71 frame_drops
[2026-08-05T04:03:21Z INFO  net_transport::video_receiver] Recv stats: 120600 packets, 0 dropped, 10298 assembled, 71 frame_drops
[2026-08-05T04:03:21Z INFO  net_transport::video_receiver] Recv stats: 120700 packets, 0 dropped, 10298 assembled, 71 frame_drops
[2026-08-05T04:03:21Z INFO  remote_display_client] Decoded: 10260 frames, 56.9 fps, avg decode 1.6ms
[2026-08-05T04:03:21Z INFO  net_transport::video_receiver] Recv stats: 120800 packets, 0 dropped, 10328 assembled, 71 frame_drops
[2026-08-05T04:03:21Z INFO  net_transport::video_receiver] Recv stats: 120900 packets, 0 dropped, 10328 assembled, 71 frame_drops
[2026-08-05T04:03:21Z INFO  net_transport::video_receiver] Recv stats: 121000 packets, 0 dropped, 10328 assembled, 71 frame_drops
[2026-08-05T04:03:22Z INFO  net_transport::video_receiver] Recv stats: 121100 packets, 0 dropped, 10348 assembled, 72 frame_drops
[2026-08-05T04:03:22Z INFO  net_transport::video_receiver] Recv stats: 121200 packets, 0 dropped, 10357 assembled, 72 frame_drops
[2026-08-05T04:03:22Z INFO  net_transport::video_receiver] Recv stats: 121300 packets, 0 dropped, 10357 assembled, 72 frame_drops
[2026-08-05T04:03:22Z INFO  net_transport::video_receiver] Recv stats: 121400 packets, 0 dropped, 10357 assembled, 72 frame_drops
[2026-08-05T04:03:22Z INFO  remote_display_client] Decoded: 10320 frames, 56.9 fps, avg decode 1.6ms
[2026-08-05T04:03:22Z INFO  net_transport::video_receiver] Recv stats: 121500 packets, 0 dropped, 10387 assembled, 72 frame_drops
[2026-08-05T04:03:22Z INFO  net_transport::video_receiver] Recv stats: 121600 packets, 0 dropped, 10387 assembled, 72 frame_drops
[2026-08-05T04:03:22Z INFO  net_transport::video_receiver] Recv stats: 121700 packets, 0 dropped, 10387 assembled, 72 frame_drops
[2026-08-05T04:03:23Z INFO  net_transport::video_receiver] Recv stats: 121800 packets, 0 dropped, 10417 assembled, 72 frame_drops
[2026-08-05T04:03:23Z INFO  net_transport::video_receiver] Recv stats: 121900 packets, 0 dropped, 10417 assembled, 72 frame_drops
[2026-08-05T04:03:23Z INFO  net_transport::video_receiver] Recv stats: 122000 packets, 0 dropped, 10417 assembled, 72 frame_drops
[2026-08-05T04:03:23Z INFO  net_transport::video_receiver] Recv stats: 122100 packets, 0 dropped, 10420 assembled, 72 frame_drops
[2026-08-05T04:03:23Z INFO  remote_display_client] Decoded: 10380 frames, 56.9 fps, avg decode 1.6ms
[2026-08-05T04:03:23Z INFO  net_transport::video_receiver] Recv stats: 122200 packets, 0 dropped, 10447 assembled, 72 frame_drops
[2026-08-05T04:03:23Z INFO  net_transport::video_receiver] Recv stats: 122300 packets, 0 dropped, 10447 assembled, 72 frame_drops
[2026-08-05T04:03:23Z INFO  net_transport::video_receiver] Recv stats: 122400 packets, 0 dropped, 10447 assembled, 72 frame_drops
[2026-08-05T04:03:24Z INFO  net_transport::video_receiver] Recv stats: 122500 packets, 0 dropped, 10477 assembled, 72 frame_drops
[2026-08-05T04:03:24Z INFO  net_transport::video_receiver] Recv stats: 122600 packets, 0 dropped, 10477 assembled, 72 frame_drops
[2026-08-05T04:03:24Z INFO  net_transport::video_receiver] Recv stats: 122700 packets, 0 dropped, 10477 assembled, 72 frame_drops
[2026-08-05T04:03:24Z INFO  remote_display_client] Decoded: 10440 frames, 56.9 fps, avg decode 1.6ms
[2026-08-05T04:03:24Z INFO  net_transport::video_receiver] Recv stats: 122800 packets, 0 dropped, 10502 assembled, 72 frame_drops
[2026-08-05T04:03:24Z INFO  net_transport::video_receiver] Recv stats: 122900 packets, 0 dropped, 10507 assembled, 72 frame_drops
[2026-08-05T04:03:24Z INFO  net_transport::video_receiver] Recv stats: 123000 packets, 0 dropped, 10507 assembled, 72 frame_drops
[2026-08-05T04:03:24Z INFO  net_transport::video_receiver] Recv stats: 123100 packets, 0 dropped, 10507 assembled, 72 frame_drops
[2026-08-05T04:03:25Z INFO  net_transport::video_receiver] Recv stats: 123200 packets, 0 dropped, 10537 assembled, 72 frame_drops
[2026-08-05T04:03:25Z INFO  net_transport::video_receiver] Recv stats: 123300 packets, 0 dropped, 10537 assembled, 72 frame_drops
[2026-08-05T04:03:25Z INFO  net_transport::video_receiver] Recv stats: 123400 packets, 0 dropped, 10537 assembled, 72 frame_drops
[2026-08-05T04:03:25Z INFO  remote_display_client] Decoded: 10500 frames, 56.9 fps, avg decode 1.6ms
[2026-08-05T04:03:25Z INFO  net_transport::video_receiver] Recv stats: 123500 packets, 0 dropped, 10565 assembled, 72 frame_drops
[2026-08-05T04:03:25Z INFO  net_transport::video_receiver] Recv stats: 123600 packets, 0 dropped, 10567 assembled, 72 frame_drops
[2026-08-05T04:03:25Z INFO  net_transport::video_receiver] Recv stats: 123700 packets, 0 dropped, 10567 assembled, 72 frame_drops
[2026-08-05T04:03:25Z INFO  net_transport::video_receiver] Recv stats: 123800 packets, 0 dropped, 10567 assembled, 72 frame_drops
[2026-08-05T04:03:26Z INFO  net_transport::video_receiver] Recv stats: 123900 packets, 0 dropped, 10597 assembled, 72 frame_drops
[2026-08-05T04:03:26Z INFO  net_transport::video_receiver] Recv stats: 124000 packets, 0 dropped, 10597 assembled, 72 frame_drops
[2026-08-05T04:03:26Z INFO  net_transport::video_receiver] Recv stats: 124100 packets, 0 dropped, 10597 assembled, 72 frame_drops
[2026-08-05T04:03:26Z INFO  remote_display_client] Decoded: 10560 frames, 56.9 fps, avg decode 1.6ms
[2026-08-05T04:03:27Z INFO  net_transport::video_receiver] Recv stats: 124200 packets, 0 dropped, 10627 assembled, 72 frame_drops
[2026-08-05T04:03:27Z INFO  net_transport::video_receiver] Recv stats: 124300 packets, 0 dropped, 10627 assembled, 72 frame_drops
[2026-08-05T04:03:27Z INFO  net_transport::video_receiver] Recv stats: 124400 packets, 0 dropped, 10627 assembled, 72 frame_drops
[2026-08-05T04:03:27Z INFO  net_transport::video_receiver] Recv stats: 124500 packets, 0 dropped, 10641 assembled, 72 frame_drops
[2026-08-05T04:03:27Z INFO  net_transport::video_receiver] Recv stats: 124600 packets, 0 dropped, 10657 assembled, 72 frame_drops
[2026-08-05T04:03:27Z INFO  net_transport::video_receiver] Recv stats: 124700 packets, 0 dropped, 10657 assembled, 72 frame_drops
[2026-08-05T04:03:27Z INFO  net_transport::video_receiver] Recv stats: 124800 packets, 0 dropped, 10657 assembled, 72 frame_drops
[2026-08-05T04:03:27Z INFO  remote_display_client] Decoded: 10620 frames, 56.9 fps, avg decode 1.6ms
[2026-08-05T04:03:28Z INFO  net_transport::video_receiver] Recv stats: 124900 packets, 0 dropped, 10687 assembled, 72 frame_drops
[2026-08-05T04:03:28Z INFO  net_transport::video_receiver] Recv stats: 125000 packets, 0 dropped, 10687 assembled, 72 frame_drops
[2026-08-05T04:03:28Z INFO  net_transport::video_receiver] Recv stats: 125100 packets, 0 dropped, 10687 assembled, 72 frame_drops
[2026-08-05T04:03:28Z INFO  net_transport::video_receiver] Recv stats: 125200 packets, 0 dropped, 10717 assembled, 72 frame_drops
[2026-08-05T04:03:28Z INFO  net_transport::video_receiver] Recv stats: 125300 packets, 0 dropped, 10717 assembled, 72 frame_drops
[2026-08-05T04:03:28Z INFO  net_transport::video_receiver] Recv stats: 125400 packets, 0 dropped, 10717 assembled, 72 frame_drops
[2026-08-05T04:03:28Z INFO  net_transport::video_receiver] Recv stats: 125500 packets, 0 dropped, 10717 assembled, 72 frame_drops
[2026-08-05T04:03:28Z INFO  remote_display_client] Decoded: 10680 frames, 56.9 fps, avg decode 1.6ms
[2026-08-05T04:03:29Z INFO  net_transport::video_receiver] Recv stats: 125600 packets, 0 dropped, 10747 assembled, 72 frame_drops
[2026-08-05T04:03:29Z INFO  net_transport::video_receiver] Recv stats: 125700 packets, 0 dropped, 10747 assembled, 72 frame_drops
[2026-08-05T04:03:29Z INFO  net_transport::video_receiver] Recv stats: 125800 packets, 0 dropped, 10747 assembled, 72 frame_drops
[2026-08-05T04:03:29Z INFO  net_transport::video_receiver] Recv stats: 125900 packets, 0 dropped, 10776 assembled, 73 frame_drops
[2026-08-05T04:03:29Z INFO  net_transport::video_receiver] Recv stats: 126000 packets, 0 dropped, 10776 assembled, 73 frame_drops
[2026-08-05T04:03:29Z INFO  net_transport::video_receiver] Recv stats: 126100 packets, 0 dropped, 10776 assembled, 73 frame_drops
[2026-08-05T04:03:29Z INFO  remote_display_client] Decoded: 10740 frames, 56.9 fps, avg decode 1.6ms
[2026-08-05T04:03:30Z INFO  net_transport::video_receiver] Recv stats: 126200 packets, 0 dropped, 10802 assembled, 73 frame_drops
[2026-08-05T04:03:30Z INFO  net_transport::video_receiver] Recv stats: 126300 packets, 0 dropped, 10806 assembled, 73 frame_drops
[2026-08-05T04:03:30Z INFO  net_transport::video_receiver] Recv stats: 126400 packets, 0 dropped, 10806 assembled, 73 frame_drops
[2026-08-05T04:03:30Z INFO  net_transport::video_receiver] Recv stats: 126500 packets, 0 dropped, 10806 assembled, 73 frame_drops
[2026-08-05T04:03:30Z INFO  net_transport::video_receiver] Recv stats: 126600 packets, 0 dropped, 10836 assembled, 73 frame_drops
[2026-08-05T04:03:30Z INFO  net_transport::video_receiver] Recv stats: 126700 packets, 0 dropped, 10836 assembled, 73 frame_drops
[2026-08-05T04:03:30Z INFO  net_transport::video_receiver] Recv stats: 126800 packets, 0 dropped, 10836 assembled, 73 frame_drops
[2026-08-05T04:03:31Z INFO  remote_display_client] Decoded: 10800 frames, 56.9 fps, avg decode 1.6ms
[2026-08-05T04:03:31Z INFO  net_transport::video_receiver] Recv stats: 126900 packets, 0 dropped, 10866 assembled, 73 frame_drops
[2026-08-05T04:03:31Z INFO  net_transport::video_receiver] Recv stats: 127000 packets, 0 dropped, 10866 assembled, 73 frame_drops
[2026-08-05T04:03:31Z INFO  net_transport::video_receiver] Recv stats: 127100 packets, 0 dropped, 10866 assembled, 73 frame_drops
[2026-08-05T04:03:31Z INFO  net_transport::video_receiver] Recv stats: 127200 packets, 0 dropped, 10878 assembled, 73 frame_drops
[2026-08-05T04:03:31Z INFO  net_transport::video_receiver] Recv stats: 127300 packets, 0 dropped, 10896 assembled, 73 frame_drops
[2026-08-05T04:03:31Z INFO  net_transport::video_receiver] Recv stats: 127400 packets, 0 dropped, 10896 assembled, 73 frame_drops
[2026-08-05T04:03:31Z INFO  net_transport::video_receiver] Recv stats: 127500 packets, 0 dropped, 10896 assembled, 73 frame_drops
[2026-08-05T04:03:32Z INFO  remote_display_client] Decoded: 10860 frames, 56.9 fps, avg decode 1.6ms
[2026-08-05T04:03:32Z INFO  net_transport::video_receiver] Recv stats: 127600 packets, 0 dropped, 10926 assembled, 73 frame_drops
[2026-08-05T04:03:32Z INFO  net_transport::video_receiver] Recv stats: 127700 packets, 0 dropped, 10926 assembled, 73 frame_drops
[2026-08-05T04:03:32Z INFO  net_transport::video_receiver] Recv stats: 127800 packets, 0 dropped, 10926 assembled, 73 frame_drops
[2026-08-05T04:03:32Z INFO  net_transport::video_receiver] Recv stats: 127900 packets, 0 dropped, 10956 assembled, 73 frame_drops
[2026-08-05T04:03:32Z INFO  net_transport::video_receiver] Recv stats: 128000 packets, 0 dropped, 10956 assembled, 73 frame_drops
[2026-08-05T04:03:32Z INFO  net_transport::video_receiver] Recv stats: 128100 packets, 0 dropped, 10956 assembled, 73 frame_drops
[2026-08-05T04:03:32Z INFO  net_transport::video_receiver] Recv stats: 128200 packets, 0 dropped, 10956 assembled, 73 frame_drops
[2026-08-05T04:03:33Z INFO  remote_display_client] Decoded: 10920 frames, 56.9 fps, avg decode 1.6ms
[2026-08-05T04:03:33Z INFO  net_transport::video_receiver] Recv stats: 128300 packets, 0 dropped, 10986 assembled, 73 frame_drops
[2026-08-05T04:03:33Z INFO  net_transport::video_receiver] Recv stats: 128400 packets, 0 dropped, 10986 assembled, 73 frame_drops
[2026-08-05T04:03:33Z INFO  net_transport::video_receiver] Recv stats: 128500 packets, 0 dropped, 10986 assembled, 73 frame_drops
[2026-08-05T04:03:33Z INFO  net_transport::video_receiver] Recv stats: 128600 packets, 0 dropped, 11016 assembled, 73 frame_drops
[2026-08-05T04:03:33Z INFO  net_transport::video_receiver] Recv stats: 128700 packets, 0 dropped, 11016 assembled, 73 frame_drops
[2026-08-05T04:03:33Z INFO  net_transport::video_receiver] Recv stats: 128800 packets, 0 dropped, 11016 assembled, 73 frame_drops
[2026-08-05T04:03:34Z INFO  remote_display_client] Decoded: 10980 frames, 56.9 fps, avg decode 1.6ms
[2026-08-05T04:03:34Z INFO  net_transport::video_receiver] Recv stats: 128900 packets, 0 dropped, 11038 assembled, 73 frame_drops
[2026-08-05T04:03:34Z INFO  net_transport::video_receiver] Recv stats: 129000 packets, 0 dropped, 11046 assembled, 73 frame_drops
[2026-08-05T04:03:34Z INFO  net_transport::video_receiver] Recv stats: 129100 packets, 0 dropped, 11046 assembled, 73 frame_drops
[2026-08-05T04:03:34Z INFO  net_transport::video_receiver] Recv stats: 129200 packets, 0 dropped, 11046 assembled, 73 frame_drops
[2026-08-05T04:03:34Z INFO  net_transport::video_receiver] Recv stats: 129300 packets, 0 dropped, 11075 assembled, 74 frame_drops
[2026-08-05T04:03:34Z INFO  net_transport::video_receiver] Recv stats: 129400 packets, 0 dropped, 11075 assembled, 74 frame_drops
[2026-08-05T04:03:34Z INFO  net_transport::video_receiver] Recv stats: 129500 packets, 0 dropped, 11075 assembled, 74 frame_drops
[2026-08-05T04:03:35Z INFO  remote_display_client] Decoded: 11040 frames, 56.9 fps, avg decode 1.6ms
[2026-08-05T04:03:35Z INFO  net_transport::video_receiver] Recv stats: 129600 packets, 0 dropped, 11105 assembled, 74 frame_drops
[2026-08-05T04:03:35Z INFO  net_transport::video_receiver] Recv stats: 129700 packets, 0 dropped, 11105 assembled, 74 frame_drops
[2026-08-05T04:03:35Z INFO  net_transport::video_receiver] Recv stats: 129800 packets, 0 dropped, 11105 assembled, 74 frame_drops
[2026-08-05T04:03:35Z INFO  net_transport::video_receiver] Recv stats: 129900 packets, 0 dropped, 11115 assembled, 74 frame_drops
[2026-08-05T04:03:35Z INFO  net_transport::video_receiver] Recv stats: 130000 packets, 0 dropped, 11135 assembled, 74 frame_drops
[2026-08-05T04:03:35Z INFO  net_transport::video_receiver] Recv stats: 130100 packets, 0 dropped, 11135 assembled, 74 frame_drops
[2026-08-05T04:03:35Z INFO  net_transport::video_receiver] Recv stats: 130200 packets, 0 dropped, 11135 assembled, 74 frame_drops
[2026-08-05T04:03:36Z INFO  remote_display_client] Decoded: 11100 frames, 56.9 fps, avg decode 1.6ms
[2026-08-05T04:03:36Z INFO  net_transport::video_receiver] Recv stats: 130300 packets, 0 dropped, 11165 assembled, 74 frame_drops
[2026-08-05T04:03:36Z INFO  net_transport::video_receiver] Recv stats: 130400 packets, 0 dropped, 11165 assembled, 74 frame_drops
[2026-08-05T04:03:36Z INFO  net_transport::video_receiver] Recv stats: 130500 packets, 0 dropped, 11165 assembled, 74 frame_drops
[2026-08-05T04:03:36Z INFO  net_transport::video_receiver] Recv stats: 130600 packets, 0 dropped, 11195 assembled, 74 frame_drops
[2026-08-05T04:03:36Z INFO  net_transport::video_receiver] Recv stats: 130700 packets, 0 dropped, 11195 assembled, 74 frame_drops
[2026-08-05T04:03:36Z INFO  net_transport::video_receiver] Recv stats: 130800 packets, 0 dropped, 11195 assembled, 74 frame_drops
[2026-08-05T04:03:36Z INFO  net_transport::video_receiver] Recv stats: 130900 packets, 0 dropped, 11195 assembled, 74 frame_drops
[2026-08-05T04:03:37Z INFO  remote_display_client] Decoded: 11160 frames, 57.0 fps, avg decode 1.6ms
[2026-08-05T04:03:37Z INFO  net_transport::video_receiver] Recv stats: 131000 packets, 0 dropped, 11225 assembled, 74 frame_drops
[2026-08-05T04:03:37Z INFO  net_transport::video_receiver] Recv stats: 131100 packets, 0 dropped, 11225 assembled, 74 frame_drops
[2026-08-05T04:03:37Z INFO  net_transport::video_receiver] Recv stats: 131200 packets, 0 dropped, 11225 assembled, 74 frame_drops
[2026-08-05T04:03:37Z INFO  net_transport::video_receiver] Recv stats: 131300 packets, 0 dropped, 11255 assembled, 74 frame_drops
[2026-08-05T04:03:37Z INFO  net_transport::video_receiver] Recv stats: 131400 packets, 0 dropped, 11255 assembled, 74 frame_drops
[2026-08-05T04:03:37Z INFO  net_transport::video_receiver] Recv stats: 131500 packets, 0 dropped, 11255 assembled, 74 frame_drops
[2026-08-05T04:03:38Z INFO  net_transport::video_receiver] Recv stats: 131600 packets, 0 dropped, 11276 assembled, 74 frame_drops
[2026-08-05T04:03:38Z INFO  remote_display_client] Decoded: 11220 frames, 57.0 fps, avg decode 1.6ms
[2026-08-05T04:03:38Z INFO  net_transport::video_receiver] Recv stats: 131700 packets, 0 dropped, 11285 assembled, 74 frame_drops
[2026-08-05T04:03:38Z INFO  net_transport::video_receiver] Recv stats: 131800 packets, 0 dropped, 11285 assembled, 74 frame_drops
[2026-08-05T04:03:38Z INFO  net_transport::video_receiver] Recv stats: 131900 packets, 0 dropped, 11285 assembled, 74 frame_drops
[2026-08-05T04:03:38Z INFO  net_transport::video_receiver] Recv stats: 132000 packets, 0 dropped, 11315 assembled, 74 frame_drops
[2026-08-05T04:03:38Z INFO  net_transport::video_receiver] Recv stats: 132100 packets, 0 dropped, 11315 assembled, 74 frame_drops
[2026-08-05T04:03:38Z INFO  net_transport::video_receiver] Recv stats: 132200 packets, 0 dropped, 11315 assembled, 74 frame_drops
[2026-08-05T04:03:39Z INFO  remote_display_client] Decoded: 11280 frames, 57.0 fps, avg decode 1.6ms
[2026-08-05T04:03:39Z INFO  net_transport::video_receiver] Recv stats: 132300 packets, 0 dropped, 11344 assembled, 75 frame_drops
[2026-08-05T04:03:39Z INFO  net_transport::video_receiver] Recv stats: 132400 packets, 0 dropped, 11344 assembled, 75 frame_drops
[2026-08-05T04:03:39Z INFO  net_transport::video_receiver] Recv stats: 132500 packets, 0 dropped, 11344 assembled, 75 frame_drops
[2026-08-05T04:03:39Z INFO  net_transport::video_receiver] Recv stats: 132600 packets, 0 dropped, 11374 assembled, 75 frame_drops
[2026-08-05T04:03:39Z INFO  net_transport::video_receiver] Recv stats: 132700 packets, 0 dropped, 11374 assembled, 75 frame_drops
[2026-08-05T04:03:39Z INFO  net_transport::video_receiver] Recv stats: 132800 packets, 0 dropped, 11374 assembled, 75 frame_drops
[2026-08-05T04:03:40Z INFO  remote_display_client] Decoded: 11340 frames, 57.0 fps, avg decode 1.6ms
[2026-08-05T04:03:40Z INFO  net_transport::video_receiver] Recv stats: 132900 packets, 0 dropped, 11403 assembled, 76 frame_drops
[2026-08-05T04:03:40Z INFO  net_transport::video_receiver] Recv stats: 133000 packets, 0 dropped, 11403 assembled, 76 frame_drops
[2026-08-05T04:03:40Z INFO  net_transport::video_receiver] Recv stats: 133100 packets, 0 dropped, 11403 assembled, 76 frame_drops
[2026-08-05T04:03:40Z INFO  net_transport::video_receiver] Recv stats: 133200 packets, 0 dropped, 11409 assembled, 76 frame_drops
[2026-08-05T04:03:41Z INFO  net_transport::video_receiver] Recv stats: 133300 packets, 0 dropped, 11433 assembled, 76 frame_drops
[2026-08-05T04:03:41Z INFO  net_transport::video_receiver] Recv stats: 133400 packets, 0 dropped, 11433 assembled, 76 frame_drops
[2026-08-05T04:03:41Z INFO  net_transport::video_receiver] Recv stats: 133500 packets, 0 dropped, 11433 assembled, 76 frame_drops
[2026-08-05T04:03:41Z INFO  remote_display_client] Decoded: 11400 frames, 57.0 fps, avg decode 1.6ms
[2026-08-05T04:03:41Z INFO  net_transport::video_receiver] Recv stats: 133600 packets, 0 dropped, 11463 assembled, 76 frame_drops
[2026-08-05T04:03:41Z INFO  net_transport::video_receiver] Recv stats: 133700 packets, 0 dropped, 11463 assembled, 76 frame_drops
[2026-08-05T04:03:41Z INFO  net_transport::video_receiver] Recv stats: 133800 packets, 0 dropped, 11463 assembled, 76 frame_drops
[2026-08-05T04:03:42Z INFO  net_transport::video_receiver] Recv stats: 133900 packets, 0 dropped, 11493 assembled, 76 frame_drops
[2026-08-05T04:03:42Z INFO  net_transport::video_receiver] Recv stats: 134000 packets, 0 dropped, 11493 assembled, 76 frame_drops
[2026-08-05T04:03:42Z INFO  net_transport::video_receiver] Recv stats: 134100 packets, 0 dropped, 11493 assembled, 76 frame_drops
[2026-08-05T04:03:42Z INFO  net_transport::video_receiver] Recv stats: 134200 packets, 0 dropped, 11493 assembled, 76 frame_drops
[2026-08-05T04:03:42Z INFO  remote_display_client] Decoded: 11460 frames, 57.0 fps, avg decode 1.6ms
[2026-08-05T04:03:42Z INFO  net_transport::video_receiver] Recv stats: 134300 packets, 0 dropped, 11523 assembled, 76 frame_drops
[2026-08-05T04:03:42Z INFO  net_transport::video_receiver] Recv stats: 134400 packets, 0 dropped, 11523 assembled, 76 frame_drops
[2026-08-05T04:03:42Z INFO  net_transport::video_receiver] Recv stats: 134500 packets, 0 dropped, 11523 assembled, 76 frame_drops
[2026-08-05T04:03:43Z INFO  net_transport::video_receiver] Recv stats: 134600 packets, 0 dropped, 11553 assembled, 76 frame_drops
[2026-08-05T04:03:43Z INFO  net_transport::video_receiver] Recv stats: 134700 packets, 0 dropped, 11553 assembled, 76 frame_drops
[2026-08-05T04:03:43Z INFO  net_transport::video_receiver] Recv stats: 134800 packets, 0 dropped, 11553 assembled, 76 frame_drops
[2026-08-05T04:03:43Z INFO  net_transport::video_receiver] Recv stats: 134900 packets, 0 dropped, 11574 assembled, 76 frame_drops
[2026-08-05T04:03:43Z INFO  remote_display_client] Decoded: 11520 frames, 57.0 fps, avg decode 1.6ms
[2026-08-05T04:03:43Z INFO  net_transport::video_receiver] Recv stats: 135000 packets, 0 dropped, 11583 assembled, 76 frame_drops
[2026-08-05T04:03:43Z INFO  net_transport::video_receiver] Recv stats: 135100 packets, 0 dropped, 11583 assembled, 76 frame_drops
[2026-08-05T04:03:43Z INFO  net_transport::video_receiver] Recv stats: 135200 packets, 0 dropped, 11583 assembled, 76 frame_drops
[2026-08-05T04:03:44Z INFO  net_transport::video_receiver] Recv stats: 135300 packets, 0 dropped, 11613 assembled, 76 frame_drops
[2026-08-05T04:03:44Z INFO  net_transport::video_receiver] Recv stats: 135400 packets, 0 dropped, 11613 assembled, 76 frame_drops
[2026-08-05T04:03:44Z INFO  net_transport::video_receiver] Recv stats: 135500 packets, 0 dropped, 11613 assembled, 76 frame_drops
[2026-08-05T04:03:44Z INFO  remote_display_client] Decoded: 11580 frames, 57.0 fps, avg decode 1.6ms
[2026-08-05T04:03:44Z INFO  net_transport::video_receiver] Recv stats: 135600 packets, 0 dropped, 11642 assembled, 77 frame_drops
[2026-08-05T04:03:44Z INFO  net_transport::video_receiver] Recv stats: 135700 packets, 0 dropped, 11642 assembled, 77 frame_drops
[2026-08-05T04:03:44Z INFO  net_transport::video_receiver] Recv stats: 135800 packets, 0 dropped, 11642 assembled, 77 frame_drops
[2026-08-05T04:03:45Z INFO  net_transport::video_receiver] Recv stats: 135900 packets, 0 dropped, 11662 assembled, 77 frame_drops
[2026-08-05T04:03:45Z INFO  net_transport::video_receiver] Recv stats: 136000 packets, 0 dropped, 11672 assembled, 77 frame_drops
[2026-08-05T04:03:45Z INFO  net_transport::video_receiver] Recv stats: 136100 packets, 0 dropped, 11672 assembled, 77 frame_drops
[2026-08-05T04:03:45Z INFO  net_transport::video_receiver] Recv stats: 136200 packets, 0 dropped, 11672 assembled, 77 frame_drops
[2026-08-05T04:03:45Z INFO  remote_display_client] Decoded: 11640 frames, 57.0 fps, avg decode 1.6ms
[2026-08-05T04:03:45Z INFO  net_transport::video_receiver] Recv stats: 136300 packets, 0 dropped, 11702 assembled, 77 frame_drops
[2026-08-05T04:03:45Z INFO  net_transport::video_receiver] Recv stats: 136400 packets, 0 dropped, 11702 assembled, 77 frame_drops
[2026-08-05T04:03:45Z INFO  net_transport::video_receiver] Recv stats: 136500 packets, 0 dropped, 11702 assembled, 77 frame_drops
[2026-08-05T04:03:46Z INFO  net_transport::video_receiver] Recv stats: 136600 packets, 0 dropped, 11732 assembled, 77 frame_drops
[2026-08-05T04:03:46Z INFO  net_transport::video_receiver] Recv stats: 136700 packets, 0 dropped, 11732 assembled, 77 frame_drops
[2026-08-05T04:03:46Z INFO  net_transport::video_receiver] Recv stats: 136800 packets, 0 dropped, 11732 assembled, 77 frame_drops
[2026-08-05T04:03:46Z INFO  net_transport::video_receiver] Recv stats: 136900 packets, 0 dropped, 11741 assembled, 77 frame_drops
[2026-08-05T04:03:46Z INFO  remote_display_client] Decoded: 11700 frames, 57.0 fps, avg decode 1.6ms
[2026-08-05T04:03:46Z INFO  net_transport::video_receiver] Recv stats: 137000 packets, 0 dropped, 11762 assembled, 77 frame_drops
[2026-08-05T04:03:46Z INFO  net_transport::video_receiver] Recv stats: 137100 packets, 0 dropped, 11762 assembled, 77 frame_drops
[2026-08-05T04:03:46Z INFO  net_transport::video_receiver] Recv stats: 137200 packets, 0 dropped, 11762 assembled, 77 frame_drops
[2026-08-05T04:03:47Z INFO  net_transport::video_receiver] Recv stats: 137300 packets, 0 dropped, 11792 assembled, 77 frame_drops
[2026-08-05T04:03:47Z INFO  net_transport::video_receiver] Recv stats: 137400 packets, 0 dropped, 11792 assembled, 77 frame_drops
[2026-08-05T04:03:47Z INFO  net_transport::video_receiver] Recv stats: 137500 packets, 0 dropped, 11792 assembled, 77 frame_drops
[2026-08-05T04:03:47Z INFO  remote_display_client] Decoded: 11760 frames, 57.0 fps, avg decode 1.6ms
[2026-08-05T04:03:47Z INFO  net_transport::video_receiver] Recv stats: 137600 packets, 0 dropped, 11821 assembled, 78 frame_drops
[2026-08-05T04:03:47Z INFO  net_transport::video_receiver] Recv stats: 137700 packets, 0 dropped, 11821 assembled, 78 frame_drops
[2026-08-05T04:03:47Z INFO  net_transport::video_receiver] Recv stats: 137800 packets, 0 dropped, 11821 assembled, 78 frame_drops
[2026-08-05T04:03:48Z INFO  net_transport::video_receiver] Recv stats: 137900 packets, 0 dropped, 11848 assembled, 78 frame_drops
[2026-08-05T04:03:48Z INFO  net_transport::video_receiver] Recv stats: 138000 packets, 0 dropped, 11851 assembled, 78 frame_drops
[2026-08-05T04:03:48Z INFO  net_transport::video_receiver] Recv stats: 138100 packets, 0 dropped, 11851 assembled, 78 frame_drops
[2026-08-05T04:03:48Z INFO  net_transport::video_receiver] Recv stats: 138200 packets, 0 dropped, 11851 assembled, 78 frame_drops
[2026-08-05T04:03:48Z INFO  remote_display_client] Decoded: 11820 frames, 57.0 fps, avg decode 1.6ms
[2026-08-05T04:03:48Z INFO  net_transport::video_receiver] Recv stats: 138300 packets, 0 dropped, 11881 assembled, 78 frame_drops
[2026-08-05T04:03:48Z INFO  net_transport::video_receiver] Recv stats: 138400 packets, 0 dropped, 11881 assembled, 78 frame_drops
[2026-08-05T04:03:48Z INFO  net_transport::video_receiver] Recv stats: 138500 packets, 0 dropped, 11881 assembled, 78 frame_drops
[2026-08-05T04:03:49Z INFO  net_transport::video_receiver] Recv stats: 138600 packets, 0 dropped, 11911 assembled, 78 frame_drops
[2026-08-05T04:03:49Z INFO  net_transport::video_receiver] Recv stats: 138700 packets, 0 dropped, 11911 assembled, 78 frame_drops
[2026-08-05T04:03:49Z INFO  net_transport::video_receiver] Recv stats: 138800 packets, 0 dropped, 11911 assembled, 78 frame_drops
[2026-08-05T04:03:49Z INFO  net_transport::video_receiver] Recv stats: 138900 packets, 0 dropped, 11927 assembled, 78 frame_drops
[2026-08-05T04:03:49Z INFO  remote_display_client] Decoded: 11880 frames, 57.0 fps, avg decode 1.6ms
[2026-08-05T04:03:49Z INFO  net_transport::video_receiver] Recv stats: 139000 packets, 0 dropped, 11941 assembled, 78 frame_drops
[2026-08-05T04:03:49Z INFO  net_transport::video_receiver] Recv stats: 139100 packets, 0 dropped, 11941 assembled, 78 frame_drops
[2026-08-05T04:03:49Z INFO  net_transport::video_receiver] Recv stats: 139200 packets, 0 dropped, 11941 assembled, 78 frame_drops
[2026-08-05T04:03:50Z INFO  net_transport::video_receiver] Recv stats: 139300 packets, 0 dropped, 11971 assembled, 78 frame_drops
[2026-08-05T04:03:50Z INFO  net_transport::video_receiver] Recv stats: 139400 packets, 0 dropped, 11971 assembled, 78 frame_drops
[2026-08-05T04:03:50Z INFO  net_transport::video_receiver] Recv stats: 139500 packets, 0 dropped, 11971 assembled, 78 frame_drops
[2026-08-05T04:03:50Z INFO  remote_display_client] Decoded: 11940 frames, 57.0 fps, avg decode 1.6ms
[2026-08-05T04:03:50Z INFO  net_transport::video_receiver] Recv stats: 139600 packets, 0 dropped, 12001 assembled, 78 frame_drops
[2026-08-05T04:03:50Z INFO  net_transport::video_receiver] Recv stats: 139700 packets, 0 dropped, 12001 assembled, 78 frame_drops
[2026-08-05T04:03:50Z INFO  net_transport::video_receiver] Recv stats: 139800 packets, 0 dropped, 12001 assembled, 78 frame_drops
[2026-08-05T04:03:51Z INFO  net_transport::video_receiver] Recv stats: 139900 packets, 0 dropped, 12006 assembled, 78 frame_drops
[2026-08-05T04:03:51Z INFO  net_transport::video_receiver] Recv stats: 140000 packets, 0 dropped, 12031 assembled, 78 frame_drops
[2026-08-05T04:03:51Z INFO  net_transport::video_receiver] Recv stats: 140100 packets, 0 dropped, 12031 assembled, 78 frame_drops
[2026-08-05T04:03:51Z INFO  net_transport::video_receiver] Recv stats: 140200 packets, 0 dropped, 12031 assembled, 78 frame_drops
[2026-08-05T04:03:51Z INFO  remote_display_client] Decoded: 12000 frames, 57.0 fps, avg decode 1.6ms
[2026-08-05T04:03:51Z INFO  net_transport::video_receiver] Recv stats: 140300 packets, 0 dropped, 12061 assembled, 78 frame_drops
[2026-08-05T04:03:51Z INFO  net_transport::video_receiver] Recv stats: 140400 packets, 0 dropped, 12061 assembled, 78 frame_drops
[2026-08-05T04:03:51Z INFO  net_transport::video_receiver] Recv stats: 140500 packets, 0 dropped, 12061 assembled, 78 frame_drops
[2026-08-05T04:03:52Z INFO  net_transport::video_receiver] Recv stats: 140600 packets, 0 dropped, 12091 assembled, 78 frame_drops
[2026-08-05T04:03:52Z INFO  net_transport::video_receiver] Recv stats: 140700 packets, 0 dropped, 12091 assembled, 78 frame_drops
[2026-08-05T04:03:52Z INFO  net_transport::video_receiver] Recv stats: 140800 packets, 0 dropped, 12091 assembled, 78 frame_drops
[2026-08-05T04:03:52Z INFO  net_transport::video_receiver] Recv stats: 140900 packets, 0 dropped, 12091 assembled, 78 frame_drops
[2026-08-05T04:03:52Z INFO  remote_display_client] Decoded: 12060 frames, 57.0 fps, avg decode 1.6ms
[2026-08-05T04:03:53Z INFO  net_transport::video_receiver] Recv stats: 141000 packets, 0 dropped, 12121 assembled, 78 frame_drops
[2026-08-05T04:03:53Z INFO  net_transport::video_receiver] Recv stats: 141100 packets, 0 dropped, 12121 assembled, 78 frame_drops
[2026-08-05T04:03:53Z INFO  net_transport::video_receiver] Recv stats: 141200 packets, 0 dropped, 12121 assembled, 78 frame_drops
[2026-08-05T04:03:53Z INFO  net_transport::video_receiver] Recv stats: 141300 packets, 0 dropped, 12151 assembled, 78 frame_drops
[2026-08-05T04:03:53Z INFO  net_transport::video_receiver] Recv stats: 141400 packets, 0 dropped, 12151 assembled, 78 frame_drops
[2026-08-05T04:03:53Z INFO  net_transport::video_receiver] Recv stats: 141500 packets, 0 dropped, 12151 assembled, 78 frame_drops
[2026-08-05T04:03:53Z INFO  net_transport::video_receiver] Recv stats: 141600 packets, 0 dropped, 12171 assembled, 78 frame_drops
[2026-08-05T04:03:53Z INFO  remote_display_client] Decoded: 12120 frames, 57.0 fps, avg decode 1.6ms
[2026-08-05T04:03:54Z INFO  net_transport::video_receiver] Recv stats: 141700 packets, 0 dropped, 12181 assembled, 78 frame_drops
[2026-08-05T04:03:54Z INFO  net_transport::video_receiver] Recv stats: 141800 packets, 0 dropped, 12181 assembled, 78 frame_drops
[2026-08-05T04:03:54Z INFO  net_transport::video_receiver] Recv stats: 141900 packets, 0 dropped, 12181 assembled, 78 frame_drops
[2026-08-05T04:03:54Z INFO  net_transport::video_receiver] Recv stats: 142000 packets, 0 dropped, 12211 assembled, 78 frame_drops
[2026-08-05T04:03:54Z INFO  net_transport::video_receiver] Recv stats: 142100 packets, 0 dropped, 12211 assembled, 78 frame_drops
[2026-08-05T04:03:54Z INFO  net_transport::video_receiver] Recv stats: 142200 packets, 0 dropped, 12211 assembled, 78 frame_drops
[2026-08-05T04:03:55Z INFO  remote_display_client] Decoded: 12180 frames, 57.0 fps, avg decode 1.6ms
[2026-08-05T04:03:55Z INFO  net_transport::video_receiver] Recv stats: 142300 packets, 0 dropped, 12241 assembled, 78 frame_drops
[2026-08-05T04:03:55Z INFO  net_transport::video_receiver] Recv stats: 142400 packets, 0 dropped, 12241 assembled, 78 frame_drops
[2026-08-05T04:03:55Z INFO  net_transport::video_receiver] Recv stats: 142500 packets, 0 dropped, 12241 assembled, 78 frame_drops
[2026-08-05T04:03:55Z INFO  net_transport::video_receiver] Recv stats: 142600 packets, 0 dropped, 12250 assembled, 78 frame_drops
[2026-08-05T04:03:55Z INFO  net_transport::video_receiver] Recv stats: 142700 packets, 0 dropped, 12271 assembled, 78 frame_drops
[2026-08-05T04:03:55Z INFO  net_transport::video_receiver] Recv stats: 142800 packets, 0 dropped, 12271 assembled, 78 frame_drops
[2026-08-05T04:03:55Z INFO  net_transport::video_receiver] Recv stats: 142900 packets, 0 dropped, 12271 assembled, 78 frame_drops
[2026-08-05T04:03:56Z INFO  remote_display_client] Decoded: 12240 frames, 57.0 fps, avg decode 1.6ms
[2026-08-05T04:03:56Z INFO  net_transport::video_receiver] Recv stats: 143000 packets, 0 dropped, 12301 assembled, 78 frame_drops
[2026-08-05T04:03:56Z INFO  net_transport::video_receiver] Recv stats: 143100 packets, 0 dropped, 12301 assembled, 78 frame_drops
[2026-08-05T04:03:56Z INFO  net_transport::video_receiver] Recv stats: 143200 packets, 0 dropped, 12301 assembled, 78 frame_drops
[2026-08-05T04:03:56Z INFO  net_transport::video_receiver] Recv stats: 143300 packets, 0 dropped, 12331 assembled, 78 frame_drops
[2026-08-05T04:03:56Z INFO  net_transport::video_receiver] Recv stats: 143400 packets, 0 dropped, 12331 assembled, 78 frame_drops
[2026-08-05T04:03:56Z INFO  net_transport::video_receiver] Recv stats: 143500 packets, 0 dropped, 12331 assembled, 78 frame_drops
[2026-08-05T04:03:56Z INFO  net_transport::video_receiver] Recv stats: 143600 packets, 0 dropped, 12331 assembled, 78 frame_drops
[2026-08-05T04:03:57Z INFO  remote_display_client] Decoded: 12300 frames, 57.0 fps, avg decode 1.6ms
[2026-08-05T04:03:57Z INFO  net_transport::video_receiver] Recv stats: 143700 packets, 0 dropped, 12361 assembled, 78 frame_drops
[2026-08-05T04:03:57Z INFO  net_transport::video_receiver] Recv stats: 143800 packets, 0 dropped, 12361 assembled, 78 frame_drops
[2026-08-05T04:03:57Z INFO  net_transport::video_receiver] Recv stats: 143900 packets, 0 dropped, 12361 assembled, 78 frame_drops
[2026-08-05T04:03:57Z INFO  net_transport::video_receiver] Recv stats: 144000 packets, 0 dropped, 12391 assembled, 78 frame_drops
[2026-08-05T04:03:57Z INFO  net_transport::video_receiver] Recv stats: 144100 packets, 0 dropped, 12391 assembled, 78 frame_drops
[2026-08-05T04:03:57Z INFO  net_transport::video_receiver] Recv stats: 144200 packets, 0 dropped, 12391 assembled, 78 frame_drops
[2026-08-05T04:03:58Z INFO  net_transport::video_receiver] Recv stats: 144300 packets, 0 dropped, 12415 assembled, 78 frame_drops
[2026-08-05T04:03:58Z INFO  remote_display_client] Decoded: 12360 frames, 57.0 fps, avg decode 1.6ms
[2026-08-05T04:03:58Z INFO  net_transport::video_receiver] Recv stats: 144400 packets, 0 dropped, 12421 assembled, 78 frame_drops
[2026-08-05T04:03:58Z INFO  net_transport::video_receiver] Recv stats: 144500 packets, 0 dropped, 12421 assembled, 78 frame_drops
[2026-08-05T04:03:58Z INFO  net_transport::video_receiver] Recv stats: 144600 packets, 0 dropped, 12421 assembled, 78 frame_drops
[2026-08-05T04:03:58Z INFO  net_transport::video_receiver] Recv stats: 144700 packets, 0 dropped, 12451 assembled, 78 frame_drops
[2026-08-05T04:03:58Z INFO  net_transport::video_receiver] Recv stats: 144800 packets, 0 dropped, 12451 assembled, 78 frame_drops
[2026-08-05T04:03:58Z INFO  net_transport::video_receiver] Recv stats: 144900 packets, 0 dropped, 12451 assembled, 78 frame_drops
[2026-08-05T04:03:59Z INFO  remote_display_client] Decoded: 12420 frames, 57.0 fps, avg decode 1.6ms
[2026-08-05T04:03:59Z INFO  net_transport::video_receiver] Recv stats: 145000 packets, 0 dropped, 12481 assembled, 78 frame_drops
[2026-08-05T04:03:59Z INFO  net_transport::video_receiver] Recv stats: 145100 packets, 0 dropped, 12481 assembled, 78 frame_drops
[2026-08-05T04:03:59Z INFO  net_transport::video_receiver] Recv stats: 145200 packets, 0 dropped, 12481 assembled, 78 frame_drops
[2026-08-05T04:03:59Z INFO  net_transport::video_receiver] Recv stats: 145300 packets, 0 dropped, 12494 assembled, 78 frame_drops
[2026-08-05T04:03:59Z INFO  net_transport::video_receiver] Recv stats: 145400 packets, 0 dropped, 12511 assembled, 78 frame_drops
[2026-08-05T04:03:59Z INFO  net_transport::video_receiver] Recv stats: 145500 packets, 0 dropped, 12511 assembled, 78 frame_drops
[2026-08-05T04:03:59Z INFO  net_transport::video_receiver] Recv stats: 145600 packets, 0 dropped, 12511 assembled, 78 frame_drops
[2026-08-05T04:04:00Z INFO  remote_display_client] Decoded: 12480 frames, 57.0 fps, avg decode 1.6ms
[2026-08-05T04:04:00Z INFO  net_transport::video_receiver] Recv stats: 145700 packets, 0 dropped, 12541 assembled, 78 frame_drops
[2026-08-05T04:04:00Z INFO  net_transport::video_receiver] Recv stats: 145800 packets, 0 dropped, 12541 assembled, 78 frame_drops
[2026-08-05T04:04:00Z INFO  net_transport::video_receiver] Recv stats: 145900 packets, 0 dropped, 12541 assembled, 78 frame_drops
[2026-08-05T04:04:00Z INFO  net_transport::video_receiver] Recv stats: 146000 packets, 0 dropped, 12571 assembled, 78 frame_drops
[2026-08-05T04:04:00Z INFO  net_transport::video_receiver] Recv stats: 146100 packets, 0 dropped, 12571 assembled, 78 frame_drops
[2026-08-05T04:04:00Z INFO  net_transport::video_receiver] Recv stats: 146200 packets, 0 dropped, 12571 assembled, 78 frame_drops
[2026-08-05T04:04:00Z INFO  net_transport::video_receiver] Recv stats: 146300 packets, 0 dropped, 12573 assembled, 78 frame_drops
[2026-08-05T04:04:01Z INFO  remote_display_client] Decoded: 12540 frames, 57.0 fps, avg decode 1.6ms
[2026-08-05T04:04:01Z INFO  net_transport::video_receiver] Recv stats: 146400 packets, 0 dropped, 12601 assembled, 78 frame_drops
[2026-08-05T04:04:01Z INFO  net_transport::video_receiver] Recv stats: 146500 packets, 0 dropped, 12601 assembled, 78 frame_drops
[2026-08-05T04:04:01Z INFO  net_transport::video_receiver] Recv stats: 146600 packets, 0 dropped, 12601 assembled, 78 frame_drops
[2026-08-05T04:04:01Z INFO  net_transport::video_receiver] Recv stats: 146700 packets, 0 dropped, 12631 assembled, 78 frame_drops
[2026-08-05T04:04:01Z INFO  net_transport::video_receiver] Recv stats: 146800 packets, 0 dropped, 12631 assembled, 78 frame_drops
[2026-08-05T04:04:01Z INFO  net_transport::video_receiver] Recv stats: 146900 packets, 0 dropped, 12631 assembled, 78 frame_drops
[2026-08-05T04:04:02Z INFO  remote_display_client] Decoded: 12600 frames, 57.0 fps, avg decode 1.6ms
[2026-08-05T04:04:02Z INFO  net_transport::video_receiver] Recv stats: 147000 packets, 0 dropped, 12659 assembled, 78 frame_drops
[2026-08-05T04:04:02Z INFO  net_transport::video_receiver] Recv stats: 147100 packets, 0 dropped, 12661 assembled, 78 frame_drops
[2026-08-05T04:04:02Z INFO  net_transport::video_receiver] Recv stats: 147200 packets, 0 dropped, 12661 assembled, 78 frame_drops
[2026-08-05T04:04:02Z INFO  net_transport::video_receiver] Recv stats: 147300 packets, 0 dropped, 12661 assembled, 78 frame_drops
[2026-08-05T04:04:02Z INFO  net_transport::video_receiver] Recv stats: 147400 packets, 0 dropped, 12691 assembled, 78 frame_drops
[2026-08-05T04:04:02Z INFO  net_transport::video_receiver] Recv stats: 147500 packets, 0 dropped, 12691 assembled, 78 frame_drops
[2026-08-05T04:04:02Z INFO  net_transport::video_receiver] Recv stats: 147600 packets, 0 dropped, 12691 assembled, 78 frame_drops
[2026-08-05T04:04:03Z INFO  remote_display_client] Decoded: 12660 frames, 57.0 fps, avg decode 1.6ms
[2026-08-05T04:04:03Z INFO  net_transport::video_receiver] Recv stats: 147700 packets, 0 dropped, 12721 assembled, 78 frame_drops
[2026-08-05T04:04:03Z INFO  net_transport::video_receiver] Recv stats: 147800 packets, 0 dropped, 12721 assembled, 78 frame_drops
[2026-08-05T04:04:03Z INFO  net_transport::video_receiver] Recv stats: 147900 packets, 0 dropped, 12721 assembled, 78 frame_drops
[2026-08-05T04:04:03Z INFO  net_transport::video_receiver] Recv stats: 148000 packets, 0 dropped, 12738 assembled, 78 frame_drops
[2026-08-05T04:04:03Z INFO  net_transport::video_receiver] Recv stats: 148100 packets, 0 dropped, 12751 assembled, 78 frame_drops
[2026-08-05T04:04:03Z INFO  net_transport::video_receiver] Recv stats: 148200 packets, 0 dropped, 12751 assembled, 78 frame_drops
[2026-08-05T04:04:03Z INFO  net_transport::video_receiver] Recv stats: 148300 packets, 0 dropped, 12751 assembled, 78 frame_drops
[2026-08-05T04:04:04Z INFO  remote_display_client] Decoded: 12720 frames, 57.0 fps, avg decode 1.6ms
[2026-08-05T04:04:04Z INFO  net_transport::video_receiver] Recv stats: 148400 packets, 0 dropped, 12781 assembled, 78 frame_drops
[2026-08-05T04:04:04Z INFO  net_transport::video_receiver] Recv stats: 148500 packets, 0 dropped, 12781 assembled, 78 frame_drops
[2026-08-05T04:04:04Z INFO  net_transport::video_receiver] Recv stats: 148600 packets, 0 dropped, 12781 assembled, 78 frame_drops
[2026-08-05T04:04:04Z INFO  net_transport::video_receiver] Recv stats: 148700 packets, 0 dropped, 12811 assembled, 78 frame_drops
[2026-08-05T04:04:04Z INFO  net_transport::video_receiver] Recv stats: 148800 packets, 0 dropped, 12811 assembled, 78 frame_drops
[2026-08-05T04:04:04Z INFO  net_transport::video_receiver] Recv stats: 148900 packets, 0 dropped, 12811 assembled, 78 frame_drops
[2026-08-05T04:04:05Z INFO  net_transport::video_receiver] Recv stats: 149000 packets, 0 dropped, 12817 assembled, 78 frame_drops
[2026-08-05T04:04:05Z INFO  remote_display_client] Decoded: 12780 frames, 57.0 fps, avg decode 1.6ms
[2026-08-05T04:04:05Z INFO  net_transport::video_receiver] Recv stats: 149100 packets, 0 dropped, 12841 assembled, 78 frame_drops
[2026-08-05T04:04:05Z INFO  net_transport::video_receiver] Recv stats: 149200 packets, 0 dropped, 12841 assembled, 78 frame_drops
[2026-08-05T04:04:05Z INFO  net_transport::video_receiver] Recv stats: 149300 packets, 0 dropped, 12841 assembled, 78 frame_drops
[2026-08-05T04:04:05Z INFO  net_transport::video_receiver] Recv stats: 149400 packets, 0 dropped, 12871 assembled, 78 frame_drops
[2026-08-05T04:04:05Z INFO  net_transport::video_receiver] Recv stats: 149500 packets, 0 dropped, 12871 assembled, 78 frame_drops
[2026-08-05T04:04:05Z INFO  net_transport::video_receiver] Recv stats: 149600 packets, 0 dropped, 12871 assembled, 78 frame_drops
[2026-08-05T04:04:06Z INFO  remote_display_client] Decoded: 12840 frames, 57.0 fps, avg decode 1.6ms
[2026-08-05T04:04:06Z INFO  net_transport::video_receiver] Recv stats: 149700 packets, 0 dropped, 12901 assembled, 78 frame_drops
[2026-08-05T04:04:06Z INFO  net_transport::video_receiver] Recv stats: 149800 packets, 0 dropped, 12901 assembled, 78 frame_drops
[2026-08-05T04:04:06Z INFO  net_transport::video_receiver] Recv stats: 149900 packets, 0 dropped, 12901 assembled, 78 frame_drops
[2026-08-05T04:04:06Z INFO  net_transport::video_receiver] Recv stats: 150000 packets, 0 dropped, 12901 assembled, 78 frame_drops
[2026-08-05T04:04:06Z INFO  net_transport::video_receiver] Recv stats: 150100 packets, 0 dropped, 12931 assembled, 78 frame_drops
[2026-08-05T04:04:06Z INFO  net_transport::video_receiver] Recv stats: 150200 packets, 0 dropped, 12931 assembled, 78 frame_drops
[2026-08-05T04:04:06Z INFO  net_transport::video_receiver] Recv stats: 150300 packets, 0 dropped, 12931 assembled, 78 frame_drops
[2026-08-05T04:04:07Z INFO  remote_display_client] Decoded: 12900 frames, 57.0 fps, avg decode 1.6ms
[2026-08-05T04:04:07Z INFO  net_transport::video_receiver] Recv stats: 150400 packets, 0 dropped, 12961 assembled, 78 frame_drops
[2026-08-05T04:04:07Z INFO  net_transport::video_receiver] Recv stats: 150500 packets, 0 dropped, 12961 assembled, 78 frame_drops
[2026-08-05T04:04:07Z INFO  net_transport::video_receiver] Recv stats: 150600 packets, 0 dropped, 12961 assembled, 78 frame_drops
[2026-08-05T04:04:07Z INFO  net_transport::video_receiver] Recv stats: 150700 packets, 0 dropped, 12982 assembled, 78 frame_drops
[2026-08-05T04:04:08Z INFO  net_transport::video_receiver] Recv stats: 150800 packets, 0 dropped, 12991 assembled, 78 frame_drops
[2026-08-05T04:04:08Z INFO  net_transport::video_receiver] Recv stats: 150900 packets, 0 dropped, 12991 assembled, 78 frame_drops
[2026-08-05T04:04:08Z INFO  net_transport::video_receiver] Recv stats: 151000 packets, 0 dropped, 12991 assembled, 78 frame_drops
[2026-08-05T04:04:08Z INFO  remote_display_client] Decoded: 12960 frames, 57.1 fps, avg decode 1.6ms
[2026-08-05T04:04:08Z INFO  net_transport::video_receiver] Recv stats: 151100 packets, 0 dropped, 13021 assembled, 78 frame_drops
[2026-08-05T04:04:08Z INFO  net_transport::video_receiver] Recv stats: 151200 packets, 0 dropped, 13021 assembled, 78 frame_drops
[2026-08-05T04:04:08Z INFO  net_transport::video_receiver] Recv stats: 151300 packets, 0 dropped, 13021 assembled, 78 frame_drops
[2026-08-05T04:04:09Z INFO  net_transport::video_receiver] Recv stats: 151400 packets, 0 dropped, 13051 assembled, 78 frame_drops
[2026-08-05T04:04:09Z INFO  net_transport::video_receiver] Recv stats: 151500 packets, 0 dropped, 13051 assembled, 78 frame_drops
[2026-08-05T04:04:09Z INFO  net_transport::video_receiver] Recv stats: 151600 packets, 0 dropped, 13051 assembled, 78 frame_drops
[2026-08-05T04:04:09Z INFO  net_transport::video_receiver] Recv stats: 151700 packets, 0 dropped, 13061 assembled, 78 frame_drops
[2026-08-05T04:04:09Z INFO  remote_display_client] Decoded: 13020 frames, 57.0 fps, avg decode 1.6ms
[2026-08-05T04:04:09Z INFO  net_transport::video_receiver] Recv stats: 151800 packets, 0 dropped, 13081 assembled, 78 frame_drops
[2026-08-05T04:04:09Z INFO  net_transport::video_receiver] Recv stats: 151900 packets, 0 dropped, 13081 assembled, 78 frame_drops
[2026-08-05T04:04:09Z INFO  net_transport::video_receiver] Recv stats: 152000 packets, 0 dropped, 13081 assembled, 78 frame_drops
[2026-08-05T04:04:10Z INFO  net_transport::video_receiver] Recv stats: 152100 packets, 0 dropped, 13111 assembled, 78 frame_drops
[2026-08-05T04:04:10Z INFO  net_transport::video_receiver] Recv stats: 152200 packets, 0 dropped, 13111 assembled, 78 frame_drops
[2026-08-05T04:04:10Z INFO  net_transport::video_receiver] Recv stats: 152300 packets, 0 dropped, 13111 assembled, 78 frame_drops
[2026-08-05T04:04:10Z INFO  remote_display_client] Decoded: 13080 frames, 57.1 fps, avg decode 1.6ms
[2026-08-05T04:04:10Z INFO  net_transport::video_receiver] Recv stats: 152400 packets, 0 dropped, 13141 assembled, 78 frame_drops
[2026-08-05T04:04:10Z INFO  net_transport::video_receiver] Recv stats: 152500 packets, 0 dropped, 13141 assembled, 78 frame_drops
[2026-08-05T04:04:10Z INFO  net_transport::video_receiver] Recv stats: 152600 packets, 0 dropped, 13141 assembled, 78 frame_drops
[2026-08-05T04:04:10Z INFO  net_transport::video_receiver] Recv stats: 152700 packets, 0 dropped, 13141 assembled, 78 frame_drops
[2026-08-05T04:04:11Z INFO  net_transport::video_receiver] Recv stats: 152800 packets, 0 dropped, 13171 assembled, 78 frame_drops
[2026-08-05T04:04:11Z INFO  net_transport::video_receiver] Recv stats: 152900 packets, 0 dropped, 13171 assembled, 78 frame_drops
[2026-08-05T04:04:11Z INFO  net_transport::video_receiver] Recv stats: 153000 packets, 0 dropped, 13171 assembled, 78 frame_drops
[2026-08-05T04:04:11Z INFO  remote_display_client] Decoded: 13140 frames, 57.1 fps, avg decode 1.6ms
[2026-08-05T04:04:11Z INFO  net_transport::video_receiver] Recv stats: 153100 packets, 0 dropped, 13201 assembled, 78 frame_drops
[2026-08-05T04:04:11Z INFO  net_transport::video_receiver] Recv stats: 153200 packets, 0 dropped, 13201 assembled, 78 frame_drops
[2026-08-05T04:04:11Z INFO  net_transport::video_receiver] Recv stats: 153300 packets, 0 dropped, 13201 assembled, 78 frame_drops
[2026-08-05T04:04:12Z INFO  net_transport::video_receiver] Recv stats: 153400 packets, 0 dropped, 13226 assembled, 78 frame_drops
[2026-08-05T04:04:12Z INFO  net_transport::video_receiver] Recv stats: 153500 packets, 0 dropped, 13231 assembled, 78 frame_drops
[2026-08-05T04:04:12Z INFO  net_transport::video_receiver] Recv stats: 153600 packets, 0 dropped, 13231 assembled, 78 frame_drops
[2026-08-05T04:04:12Z INFO  net_transport::video_receiver] Recv stats: 153700 packets, 0 dropped, 13231 assembled, 78 frame_drops
[2026-08-05T04:04:12Z INFO  remote_display_client] Decoded: 13200 frames, 57.1 fps, avg decode 1.6ms
[2026-08-05T04:04:12Z INFO  net_transport::video_receiver] Recv stats: 153800 packets, 0 dropped, 13261 assembled, 78 frame_drops
[2026-08-05T04:04:12Z INFO  net_transport::video_receiver] Recv stats: 153900 packets, 0 dropped, 13261 assembled, 78 frame_drops
[2026-08-05T04:04:12Z INFO  net_transport::video_receiver] Recv stats: 154000 packets, 0 dropped, 13261 assembled, 78 frame_drops
[2026-08-05T04:04:13Z INFO  net_transport::video_receiver] Recv stats: 154100 packets, 0 dropped, 13291 assembled, 78 frame_drops
[2026-08-05T04:04:13Z INFO  net_transport::video_receiver] Recv stats: 154200 packets, 0 dropped, 13291 assembled, 78 frame_drops
[2026-08-05T04:04:13Z INFO  net_transport::video_receiver] Recv stats: 154300 packets, 0 dropped, 13291 assembled, 78 frame_drops
[2026-08-05T04:04:13Z INFO  net_transport::video_receiver] Recv stats: 154400 packets, 0 dropped, 13305 assembled, 78 frame_drops
[2026-08-05T04:04:13Z INFO  net_transport::video_receiver] Recv stats: 154500 packets, 0 dropped, 13321 assembled, 78 frame_drops
[2026-08-05T04:04:13Z INFO  net_transport::video_receiver] Recv stats: 154600 packets, 0 dropped, 13321 assembled, 78 frame_drops
[2026-08-05T04:04:13Z INFO  net_transport::video_receiver] Recv stats: 154700 packets, 0 dropped, 13321 assembled, 78 frame_drops
[2026-08-05T04:04:14Z INFO  net_transport::video_receiver] Recv stats: 154800 packets, 0 dropped, 13351 assembled, 78 frame_drops
[2026-08-05T04:04:14Z INFO  net_transport::video_receiver] Recv stats: 154900 packets, 0 dropped, 13351 assembled, 78 frame_drops
[2026-08-05T04:04:14Z INFO  net_transport::video_receiver] Recv stats: 155000 packets, 0 dropped, 13351 assembled, 78 frame_drops
[2026-08-05T04:04:14Z INFO  remote_display_client] Decoded: 13320 frames, 57.1 fps, avg decode 1.6ms
[2026-08-05T04:04:14Z INFO  net_transport::video_receiver] Recv stats: 155100 packets, 0 dropped, 13381 assembled, 78 frame_drops
[2026-08-05T04:04:14Z INFO  net_transport::video_receiver] Recv stats: 155200 packets, 0 dropped, 13381 assembled, 78 frame_drops
[2026-08-05T04:04:14Z INFO  net_transport::video_receiver] Recv stats: 155300 packets, 0 dropped, 13381 assembled, 78 frame_drops
[2026-08-05T04:04:14Z INFO  net_transport::video_receiver] Recv stats: 155400 packets, 0 dropped, 13384 assembled, 78 frame_drops
[2026-08-05T04:04:15Z INFO  net_transport::video_receiver] Recv stats: 155500 packets, 0 dropped, 13411 assembled, 78 frame_drops
[2026-08-05T04:04:15Z INFO  net_transport::video_receiver] Recv stats: 155600 packets, 0 dropped, 13411 assembled, 78 frame_drops
[2026-08-05T04:04:15Z INFO  net_transport::video_receiver] Recv stats: 155700 packets, 0 dropped, 13411 assembled, 78 frame_drops
[2026-08-05T04:04:15Z INFO  remote_display_client] Decoded: 13380 frames, 57.1 fps, avg decode 1.6ms
[2026-08-05T04:04:15Z INFO  net_transport::video_receiver] Recv stats: 155800 packets, 0 dropped, 13441 assembled, 78 frame_drops
[2026-08-05T04:04:15Z INFO  net_transport::video_receiver] Recv stats: 155900 packets, 0 dropped, 13441 assembled, 78 frame_drops
[2026-08-05T04:04:15Z INFO  net_transport::video_receiver] Recv stats: 156000 packets, 0 dropped, 13441 assembled, 78 frame_drops
[2026-08-05T04:04:16Z INFO  net_transport::video_receiver] Recv stats: 156100 packets, 0 dropped, 13470 assembled, 79 frame_drops
[2026-08-05T04:04:16Z INFO  net_transport::video_receiver] Recv stats: 156200 packets, 0 dropped, 13470 assembled, 79 frame_drops
[2026-08-05T04:04:16Z INFO  net_transport::video_receiver] Recv stats: 156300 packets, 0 dropped, 13470 assembled, 79 frame_drops
[2026-08-05T04:04:16Z INFO  net_transport::video_receiver] Recv stats: 156400 packets, 0 dropped, 13474 assembled, 79 frame_drops
[2026-08-05T04:04:16Z INFO  remote_display_client] Decoded: 13440 frames, 57.1 fps, avg decode 1.6ms
[2026-08-05T04:04:16Z INFO  net_transport::video_receiver] Recv stats: 156500 packets, 0 dropped, 13500 assembled, 79 frame_drops
[2026-08-05T04:04:16Z INFO  net_transport::video_receiver] Recv stats: 156600 packets, 0 dropped, 13500 assembled, 79 frame_drops
[2026-08-05T04:04:16Z INFO  net_transport::video_receiver] Recv stats: 156700 packets, 0 dropped, 13500 assembled, 79 frame_drops
[2026-08-05T04:04:17Z INFO  net_transport::video_receiver] Recv stats: 156800 packets, 0 dropped, 13530 assembled, 79 frame_drops
[2026-08-05T04:04:17Z INFO  net_transport::video_receiver] Recv stats: 156900 packets, 0 dropped, 13530 assembled, 79 frame_drops
[2026-08-05T04:04:17Z INFO  net_transport::video_receiver] Recv stats: 157000 packets, 0 dropped, 13530 assembled, 79 frame_drops
[2026-08-05T04:04:17Z INFO  remote_display_client] Decoded: 13500 frames, 57.1 fps, avg decode 1.6ms
[2026-08-05T04:04:17Z INFO  net_transport::video_receiver] Recv stats: 157100 packets, 0 dropped, 13560 assembled, 79 frame_drops
[2026-08-05T04:04:17Z INFO  net_transport::video_receiver] Recv stats: 157200 packets, 0 dropped, 13560 assembled, 79 frame_drops
[2026-08-05T04:04:17Z INFO  net_transport::video_receiver] Recv stats: 157300 packets, 0 dropped, 13560 assembled, 79 frame_drops
[2026-08-05T04:04:17Z INFO  net_transport::video_receiver] Recv stats: 157400 packets, 0 dropped, 13560 assembled, 79 frame_drops
[2026-08-05T04:04:18Z INFO  net_transport::video_receiver] Recv stats: 157500 packets, 0 dropped, 13590 assembled, 79 frame_drops
[2026-08-05T04:04:18Z INFO  net_transport::video_receiver] Recv stats: 157600 packets, 0 dropped, 13590 assembled, 79 frame_drops
[2026-08-05T04:04:18Z INFO  net_transport::video_receiver] Recv stats: 157700 packets, 0 dropped, 13590 assembled, 79 frame_drops
[2026-08-05T04:04:18Z INFO  remote_display_client] Decoded: 13560 frames, 57.1 fps, avg decode 1.6ms
[2026-08-05T04:04:18Z INFO  net_transport::video_receiver] Recv stats: 157800 packets, 0 dropped, 13620 assembled, 79 frame_drops
[2026-08-05T04:04:18Z INFO  net_transport::video_receiver] Recv stats: 157900 packets, 0 dropped, 13620 assembled, 79 frame_drops
[2026-08-05T04:04:18Z INFO  net_transport::video_receiver] Recv stats: 158000 packets, 0 dropped, 13620 assembled, 79 frame_drops
[2026-08-05T04:04:19Z INFO  net_transport::video_receiver] Recv stats: 158100 packets, 0 dropped, 13639 assembled, 79 frame_drops
[2026-08-05T04:04:19Z INFO  net_transport::video_receiver] Recv stats: 158200 packets, 0 dropped, 13650 assembled, 79 frame_drops
[2026-08-05T04:04:19Z INFO  net_transport::video_receiver] Recv stats: 158300 packets, 0 dropped, 13650 assembled, 79 frame_drops
[2026-08-05T04:04:19Z INFO  net_transport::video_receiver] Recv stats: 158400 packets, 0 dropped, 13650 assembled, 79 frame_drops
[2026-08-05T04:04:19Z INFO  remote_display_client] Decoded: 13620 frames, 57.1 fps, avg decode 1.6ms
[2026-08-05T04:04:19Z INFO  net_transport::video_receiver] Recv stats: 158500 packets, 0 dropped, 13680 assembled, 79 frame_drops
[2026-08-05T04:04:19Z INFO  net_transport::video_receiver] Recv stats: 158600 packets, 0 dropped, 13680 assembled, 79 frame_drops
[2026-08-05T04:04:19Z INFO  net_transport::video_receiver] Recv stats: 158700 packets, 0 dropped, 13680 assembled, 79 frame_drops
[2026-08-05T04:04:20Z INFO  net_transport::video_receiver] Recv stats: 158800 packets, 0 dropped, 13710 assembled, 79 frame_drops
[2026-08-05T04:04:20Z INFO  net_transport::video_receiver] Recv stats: 158900 packets, 0 dropped, 13710 assembled, 79 frame_drops
[2026-08-05T04:04:20Z INFO  net_transport::video_receiver] Recv stats: 159000 packets, 0 dropped, 13710 assembled, 79 frame_drops
[2026-08-05T04:04:20Z INFO  net_transport::video_receiver] Recv stats: 159100 packets, 0 dropped, 13718 assembled, 79 frame_drops
[2026-08-05T04:04:20Z INFO  remote_display_client] Decoded: 13680 frames, 57.1 fps, avg decode 1.6ms
[2026-08-05T04:04:21Z INFO  net_transport::video_receiver] Recv stats: 159200 packets, 0 dropped, 13740 assembled, 79 frame_drops
[2026-08-05T04:04:21Z INFO  net_transport::video_receiver] Recv stats: 159300 packets, 0 dropped, 13740 assembled, 79 frame_drops
[2026-08-05T04:04:21Z INFO  net_transport::video_receiver] Recv stats: 159400 packets, 0 dropped, 13740 assembled, 79 frame_drops
[2026-08-05T04:04:21Z INFO  net_transport::video_receiver] Recv stats: 159500 packets, 0 dropped, 13770 assembled, 79 frame_drops
[2026-08-05T04:04:21Z INFO  net_transport::video_receiver] Recv stats: 159600 packets, 0 dropped, 13770 assembled, 79 frame_drops
[2026-08-05T04:04:21Z INFO  net_transport::video_receiver] Recv stats: 159700 packets, 0 dropped, 13770 assembled, 79 frame_drops
[2026-08-05T04:04:22Z INFO  remote_display_client] Decoded: 13740 frames, 57.1 fps, avg decode 1.6ms
[2026-08-05T04:04:22Z INFO  net_transport::video_receiver] Recv stats: 159800 packets, 0 dropped, 13800 assembled, 79 frame_drops
[2026-08-05T04:04:22Z INFO  net_transport::video_receiver] Recv stats: 159900 packets, 0 dropped, 13800 assembled, 79 frame_drops
[2026-08-05T04:04:22Z INFO  net_transport::video_receiver] Recv stats: 160000 packets, 0 dropped, 13800 assembled, 79 frame_drops
[2026-08-05T04:04:22Z INFO  net_transport::video_receiver] Recv stats: 160100 packets, 0 dropped, 13800 assembled, 79 frame_drops
[2026-08-05T04:04:22Z INFO  net_transport::video_receiver] Recv stats: 160200 packets, 0 dropped, 13830 assembled, 79 frame_drops
[2026-08-05T04:04:22Z INFO  net_transport::video_receiver] Recv stats: 160300 packets, 0 dropped, 13830 assembled, 79 frame_drops
[2026-08-05T04:04:22Z INFO  net_transport::video_receiver] Recv stats: 160400 packets, 0 dropped, 13830 assembled, 79 frame_drops
[2026-08-05T04:04:23Z INFO  remote_display_client] Decoded: 13800 frames, 57.1 fps, avg decode 1.6ms
[2026-08-05T04:04:23Z INFO  net_transport::video_receiver] Recv stats: 160500 packets, 0 dropped, 13860 assembled, 79 frame_drops
[2026-08-05T04:04:23Z INFO  net_transport::video_receiver] Recv stats: 160600 packets, 0 dropped, 13860 assembled, 79 frame_drops
[2026-08-05T04:04:23Z INFO  net_transport::video_receiver] Recv stats: 160700 packets, 0 dropped, 13860 assembled, 79 frame_drops
[2026-08-05T04:04:23Z INFO  net_transport::video_receiver] Recv stats: 160800 packets, 0 dropped, 13883 assembled, 79 frame_drops
[2026-08-05T04:04:23Z INFO  net_transport::video_receiver] Recv stats: 160900 packets, 0 dropped, 13890 assembled, 79 frame_drops
[2026-08-05T04:04:23Z INFO  net_transport::video_receiver] Recv stats: 161000 packets, 0 dropped, 13890 assembled, 79 frame_drops
[2026-08-05T04:04:23Z INFO  net_transport::video_receiver] Recv stats: 161100 packets, 0 dropped, 13890 assembled, 79 frame_drops
[2026-08-05T04:04:24Z INFO  remote_display_client] Decoded: 13860 frames, 57.1 fps, avg decode 1.6ms
[2026-08-05T04:04:24Z INFO  net_transport::video_receiver] Recv stats: 161200 packets, 0 dropped, 13920 assembled, 79 frame_drops
[2026-08-05T04:04:24Z INFO  net_transport::video_receiver] Recv stats: 161300 packets, 0 dropped, 13920 assembled, 79 frame_drops
[2026-08-05T04:04:24Z INFO  net_transport::video_receiver] Recv stats: 161400 packets, 0 dropped, 13920 assembled, 79 frame_drops
[2026-08-05T04:04:24Z INFO  net_transport::video_receiver] Recv stats: 161500 packets, 0 dropped, 13950 assembled, 79 frame_drops
[2026-08-05T04:04:24Z INFO  net_transport::video_receiver] Recv stats: 161600 packets, 0 dropped, 13950 assembled, 79 frame_drops
[2026-08-05T04:04:24Z INFO  net_transport::video_receiver] Recv stats: 161700 packets, 0 dropped, 13950 assembled, 79 frame_drops
[2026-08-05T04:04:24Z INFO  net_transport::video_receiver] Recv stats: 161800 packets, 0 dropped, 13962 assembled, 79 frame_drops
[2026-08-05T04:04:25Z INFO  remote_display_client] Decoded: 13920 frames, 57.1 fps, avg decode 1.6ms
[2026-08-05T04:04:25Z INFO  net_transport::video_receiver] Recv stats: 161900 packets, 0 dropped, 13980 assembled, 79 frame_drops
[2026-08-05T04:04:25Z INFO  net_transport::video_receiver] Recv stats: 162000 packets, 0 dropped, 13980 assembled, 79 frame_drops
[2026-08-05T04:04:25Z INFO  net_transport::video_receiver] Recv stats: 162100 packets, 0 dropped, 13980 assembled, 79 frame_drops
[2026-08-05T04:04:25Z INFO  net_transport::video_receiver] Recv stats: 162200 packets, 0 dropped, 14010 assembled, 79 frame_drops
[2026-08-05T04:04:25Z INFO  net_transport::video_receiver] Recv stats: 162300 packets, 0 dropped, 14010 assembled, 79 frame_drops
[2026-08-05T04:04:25Z INFO  net_transport::video_receiver] Recv stats: 162400 packets, 0 dropped, 14010 assembled, 79 frame_drops
[2026-08-05T04:04:26Z INFO  remote_display_client] Decoded: 13980 frames, 57.1 fps, avg decode 1.6ms
[2026-08-05T04:04:26Z INFO  net_transport::video_receiver] Recv stats: 162500 packets, 0 dropped, 14040 assembled, 79 frame_drops
[2026-08-05T04:04:26Z INFO  net_transport::video_receiver] Recv stats: 162600 packets, 0 dropped, 14040 assembled, 79 frame_drops
[2026-08-05T04:04:26Z INFO  net_transport::video_receiver] Recv stats: 162700 packets, 0 dropped, 14040 assembled, 79 frame_drops
[2026-08-05T04:04:26Z INFO  net_transport::video_receiver] Recv stats: 162800 packets, 0 dropped, 14041 assembled, 79 frame_drops
[2026-08-05T04:04:26Z INFO  net_transport::video_receiver] Recv stats: 162900 packets, 0 dropped, 14070 assembled, 79 frame_drops
[2026-08-05T04:04:26Z INFO  net_transport::video_receiver] Recv stats: 163000 packets, 0 dropped, 14070 assembled, 79 frame_drops
[2026-08-05T04:04:26Z INFO  net_transport::video_receiver] Recv stats: 163100 packets, 0 dropped, 14070 assembled, 79 frame_drops
[2026-08-05T04:04:27Z INFO  remote_display_client] Decoded: 14040 frames, 57.1 fps, avg decode 1.6ms
[2026-08-05T04:04:27Z INFO  net_transport::video_receiver] Recv stats: 163200 packets, 0 dropped, 14100 assembled, 79 frame_drops
[2026-08-05T04:04:27Z INFO  net_transport::video_receiver] Recv stats: 163300 packets, 0 dropped, 14100 assembled, 79 frame_drops
[2026-08-05T04:04:27Z INFO  net_transport::video_receiver] Recv stats: 163400 packets, 0 dropped, 14100 assembled, 79 frame_drops
[2026-08-05T04:04:27Z INFO  net_transport::video_receiver] Recv stats: 163500 packets, 0 dropped, 14127 assembled, 79 frame_drops
[2026-08-05T04:04:27Z INFO  net_transport::video_receiver] Recv stats: 163600 packets, 0 dropped, 14130 assembled, 79 frame_drops
[2026-08-05T04:04:27Z INFO  net_transport::video_receiver] Recv stats: 163700 packets, 0 dropped, 14130 assembled, 79 frame_drops
[2026-08-05T04:04:27Z INFO  net_transport::video_receiver] Recv stats: 163800 packets, 0 dropped, 14130 assembled, 79 frame_drops
[2026-08-05T04:04:28Z INFO  remote_display_client] Decoded: 14100 frames, 57.1 fps, avg decode 1.6ms
[2026-08-05T04:04:28Z INFO  net_transport::video_receiver] Recv stats: 163900 packets, 0 dropped, 14160 assembled, 79 frame_drops
[2026-08-05T04:04:28Z INFO  net_transport::video_receiver] Recv stats: 164000 packets, 0 dropped, 14160 assembled, 79 frame_drops
[2026-08-05T04:04:28Z INFO  net_transport::video_receiver] Recv stats: 164100 packets, 0 dropped, 14160 assembled, 79 frame_drops
[2026-08-05T04:04:28Z INFO  net_transport::video_receiver] Recv stats: 164200 packets, 0 dropped, 14190 assembled, 79 frame_drops
[2026-08-05T04:04:28Z INFO  net_transport::video_receiver] Recv stats: 164300 packets, 0 dropped, 14190 assembled, 79 frame_drops
[2026-08-05T04:04:28Z INFO  net_transport::video_receiver] Recv stats: 164400 packets, 0 dropped, 14190 assembled, 79 frame_drops
[2026-08-05T04:04:29Z INFO  net_transport::video_receiver] Recv stats: 164500 packets, 0 dropped, 14206 assembled, 79 frame_drops
[2026-08-05T04:04:29Z INFO  remote_display_client] Decoded: 14160 frames, 57.1 fps, avg decode 1.6ms
[2026-08-05T04:04:29Z INFO  net_transport::video_receiver] Recv stats: 164600 packets, 0 dropped, 14220 assembled, 79 frame_drops
[2026-08-05T04:04:29Z INFO  net_transport::video_receiver] Recv stats: 164700 packets, 0 dropped, 14220 assembled, 79 frame_drops
[2026-08-05T04:04:29Z INFO  net_transport::video_receiver] Recv stats: 164800 packets, 0 dropped, 14220 assembled, 79 frame_drops
[2026-08-05T04:04:29Z INFO  net_transport::video_receiver] Recv stats: 164900 packets, 0 dropped, 14250 assembled, 79 frame_drops
[2026-08-05T04:04:29Z INFO  net_transport::video_receiver] Recv stats: 165000 packets, 0 dropped, 14250 assembled, 79 frame_drops
[2026-08-05T04:04:29Z INFO  net_transport::video_receiver] Recv stats: 165100 packets, 0 dropped, 14250 assembled, 79 frame_drops
[2026-08-05T04:04:30Z INFO  remote_display_client] Decoded: 14220 frames, 57.1 fps, avg decode 1.6ms
[2026-08-05T04:04:30Z INFO  net_transport::video_receiver] Recv stats: 165200 packets, 0 dropped, 14280 assembled, 79 frame_drops
[2026-08-05T04:04:30Z INFO  net_transport::video_receiver] Recv stats: 165300 packets, 0 dropped, 14280 assembled, 79 frame_drops
[2026-08-05T04:04:30Z INFO  net_transport::video_receiver] Recv stats: 165400 packets, 0 dropped, 14280 assembled, 79 frame_drops
[2026-08-05T04:04:30Z INFO  net_transport::video_receiver] Recv stats: 165500 packets, 0 dropped, 14285 assembled, 79 frame_drops
[2026-08-05T04:04:30Z INFO  net_transport::video_receiver] Recv stats: 165600 packets, 0 dropped, 14310 assembled, 79 frame_drops
[2026-08-05T04:04:30Z INFO  net_transport::video_receiver] Recv stats: 165700 packets, 0 dropped, 14310 assembled, 79 frame_drops
[2026-08-05T04:04:30Z INFO  net_transport::video_receiver] Recv stats: 165800 packets, 0 dropped, 14310 assembled, 79 frame_drops
[2026-08-05T04:04:31Z INFO  remote_display_client] Decoded: 14280 frames, 57.1 fps, avg decode 1.6ms
[2026-08-05T04:04:31Z INFO  net_transport::video_receiver] Recv stats: 165900 packets, 0 dropped, 14340 assembled, 79 frame_drops
[2026-08-05T04:04:31Z INFO  net_transport::video_receiver] Recv stats: 166000 packets, 0 dropped, 14340 assembled, 79 frame_drops
[2026-08-05T04:04:31Z INFO  net_transport::video_receiver] Recv stats: 166100 packets, 0 dropped, 14340 assembled, 79 frame_drops
[2026-08-05T04:04:31Z INFO  net_transport::video_receiver] Recv stats: 166200 packets, 0 dropped, 14370 assembled, 79 frame_drops
[2026-08-05T04:04:31Z INFO  net_transport::video_receiver] Recv stats: 166300 packets, 0 dropped, 14370 assembled, 79 frame_drops
[2026-08-05T04:04:31Z INFO  net_transport::video_receiver] Recv stats: 166400 packets, 0 dropped, 14370 assembled, 79 frame_drops
[2026-08-05T04:04:31Z INFO  net_transport::video_receiver] Recv stats: 166500 packets, 0 dropped, 14370 assembled, 79 frame_drops
[2026-08-05T04:04:32Z INFO  remote_display_client] Decoded: 14340 frames, 57.1 fps, avg decode 1.6ms
[2026-08-05T04:04:32Z INFO  net_transport::video_receiver] Recv stats: 166600 packets, 0 dropped, 14400 assembled, 79 frame_drops
[2026-08-05T04:04:32Z INFO  net_transport::video_receiver] Recv stats: 166700 packets, 0 dropped, 14400 assembled, 79 frame_drops
[2026-08-05T04:04:32Z INFO  net_transport::video_receiver] Recv stats: 166800 packets, 0 dropped, 14400 assembled, 79 frame_drops
[2026-08-05T04:04:33Z INFO  net_transport::video_receiver] Recv stats: 166900 packets, 0 dropped, 14430 assembled, 79 frame_drops
[2026-08-05T04:04:33Z INFO  net_transport::video_receiver] Recv stats: 167000 packets, 0 dropped, 14430 assembled, 79 frame_drops
[2026-08-05T04:04:33Z INFO  net_transport::video_receiver] Recv stats: 167100 packets, 0 dropped, 14430 assembled, 79 frame_drops
[2026-08-05T04:04:33Z INFO  net_transport::video_receiver] Recv stats: 167200 packets, 0 dropped, 14450 assembled, 79 frame_drops
[2026-08-05T04:04:33Z INFO  remote_display_client] Decoded: 14400 frames, 57.1 fps, avg decode 1.6ms
[2026-08-05T04:04:33Z INFO  net_transport::video_receiver] Recv stats: 167300 packets, 0 dropped, 14460 assembled, 79 frame_drops
[2026-08-05T04:04:33Z INFO  net_transport::video_receiver] Recv stats: 167400 packets, 0 dropped, 14460 assembled, 79 frame_drops
[2026-08-05T04:04:33Z INFO  net_transport::video_receiver] Recv stats: 167500 packets, 0 dropped, 14460 assembled, 79 frame_drops
[2026-08-05T04:04:34Z INFO  net_transport::video_receiver] Recv stats: 167600 packets, 0 dropped, 14490 assembled, 79 frame_drops
[2026-08-05T04:04:34Z INFO  net_transport::video_receiver] Recv stats: 167700 packets, 0 dropped, 14490 assembled, 79 frame_drops
[2026-08-05T04:04:34Z INFO  net_transport::video_receiver] Recv stats: 167800 packets, 0 dropped, 14490 assembled, 79 frame_drops
[2026-08-05T04:04:34Z INFO  remote_display_client] Decoded: 14460 frames, 57.1 fps, avg decode 1.6ms
[2026-08-05T04:04:34Z INFO  net_transport::video_receiver] Recv stats: 167900 packets, 0 dropped, 14520 assembled, 79 frame_drops
[2026-08-05T04:04:34Z INFO  net_transport::video_receiver] Recv stats: 168000 packets, 0 dropped, 14520 assembled, 79 frame_drops
[2026-08-05T04:04:34Z INFO  net_transport::video_receiver] Recv stats: 168100 packets, 0 dropped, 14520 assembled, 79 frame_drops
[2026-08-05T04:04:34Z INFO  net_transport::video_receiver] Recv stats: 168200 packets, 0 dropped, 14529 assembled, 79 frame_drops
[2026-08-05T04:04:35Z INFO  net_transport::video_receiver] Recv stats: 168300 packets, 0 dropped, 14550 assembled, 79 frame_drops
[2026-08-05T04:04:35Z INFO  net_transport::video_receiver] Recv stats: 168400 packets, 0 dropped, 14550 assembled, 79 frame_drops
[2026-08-05T04:04:35Z INFO  net_transport::video_receiver] Recv stats: 168500 packets, 0 dropped, 14550 assembled, 79 frame_drops
[2026-08-05T04:04:35Z INFO  remote_display_client] Decoded: 14520 frames, 57.1 fps, avg decode 1.6ms
[2026-08-05T04:04:35Z INFO  net_transport::video_receiver] Recv stats: 168600 packets, 0 dropped, 14580 assembled, 79 frame_drops
[2026-08-05T04:04:35Z INFO  net_transport::video_receiver] Recv stats: 168700 packets, 0 dropped, 14580 assembled, 79 frame_drops
[2026-08-05T04:04:35Z INFO  net_transport::video_receiver] Recv stats: 168800 packets, 0 dropped, 14580 assembled, 79 frame_drops
[2026-08-05T04:04:36Z INFO  net_transport::video_receiver] Recv stats: 168900 packets, 0 dropped, 14610 assembled, 79 frame_drops
[2026-08-05T04:04:36Z INFO  net_transport::video_receiver] Recv stats: 169000 packets, 0 dropped, 14610 assembled, 79 frame_drops
[2026-08-05T04:04:36Z INFO  net_transport::video_receiver] Recv stats: 169100 packets, 0 dropped, 14610 assembled, 79 frame_drops
[2026-08-05T04:04:36Z INFO  net_transport::video_receiver] Recv stats: 169200 packets, 0 dropped, 14610 assembled, 79 frame_drops
[2026-08-05T04:04:36Z INFO  remote_display_client] Decoded: 14580 frames, 57.1 fps, avg decode 1.6ms
[2026-08-05T04:04:36Z INFO  net_transport::video_receiver] Recv stats: 169300 packets, 0 dropped, 14640 assembled, 79 frame_drops
[2026-08-05T04:04:36Z INFO  net_transport::video_receiver] Recv stats: 169400 packets, 0 dropped, 14640 assembled, 79 frame_drops
[2026-08-05T04:04:36Z INFO  net_transport::video_receiver] Recv stats: 169500 packets, 0 dropped, 14640 assembled, 79 frame_drops
[2026-08-05T04:04:37Z INFO  net_transport::video_receiver] Recv stats: 169600 packets, 0 dropped, 14670 assembled, 79 frame_drops
[2026-08-05T04:04:37Z INFO  net_transport::video_receiver] Recv stats: 169700 packets, 0 dropped, 14670 assembled, 79 frame_drops
[2026-08-05T04:04:37Z INFO  net_transport::video_receiver] Recv stats: 169800 packets, 0 dropped, 14670 assembled, 79 frame_drops
[2026-08-05T04:04:37Z INFO  net_transport::video_receiver] Recv stats: 169900 packets, 0 dropped, 14694 assembled, 79 frame_drops
[2026-08-05T04:04:37Z INFO  remote_display_client] Decoded: 14640 frames, 57.1 fps, avg decode 1.6ms
[2026-08-05T04:04:37Z INFO  net_transport::video_receiver] Recv stats: 170000 packets, 0 dropped, 14700 assembled, 79 frame_drops
[2026-08-05T04:04:37Z INFO  net_transport::video_receiver] Recv stats: 170100 packets, 0 dropped, 14700 assembled, 79 frame_drops
[2026-08-05T04:04:37Z INFO  net_transport::video_receiver] Recv stats: 170200 packets, 0 dropped, 14700 assembled, 79 frame_drops
[2026-08-05T04:04:38Z INFO  net_transport::video_receiver] Recv stats: 170300 packets, 0 dropped, 14730 assembled, 79 frame_drops
[2026-08-05T04:04:38Z INFO  net_transport::video_receiver] Recv stats: 170400 packets, 0 dropped, 14730 assembled, 79 frame_drops
[2026-08-05T04:04:38Z INFO  net_transport::video_receiver] Recv stats: 170500 packets, 0 dropped, 14730 assembled, 79 frame_drops
[2026-08-05T04:04:38Z INFO  remote_display_client] Decoded: 14700 frames, 57.1 fps, avg decode 1.6ms
[2026-08-05T04:04:38Z INFO  net_transport::video_receiver] Recv stats: 170600 packets, 0 dropped, 14760 assembled, 79 frame_drops
[2026-08-05T04:04:38Z INFO  net_transport::video_receiver] Recv stats: 170700 packets, 0 dropped, 14760 assembled, 79 frame_drops
[2026-08-05T04:04:38Z INFO  net_transport::video_receiver] Recv stats: 170800 packets, 0 dropped, 14760 assembled, 79 frame_drops
[2026-08-05T04:04:39Z INFO  net_transport::video_receiver] Recv stats: 170900 packets, 0 dropped, 14773 assembled, 79 frame_drops
[2026-08-05T04:04:39Z INFO  net_transport::video_receiver] Recv stats: 171000 packets, 0 dropped, 14790 assembled, 79 frame_drops
[2026-08-05T04:04:39Z INFO  net_transport::video_receiver] Recv stats: 171100 packets, 0 dropped, 14790 assembled, 79 frame_drops
[2026-08-05T04:04:39Z INFO  net_transport::video_receiver] Recv stats: 171200 packets, 0 dropped, 14790 assembled, 79 frame_drops
[2026-08-05T04:04:39Z INFO  remote_display_client] Decoded: 14760 frames, 57.1 fps, avg decode 1.6ms
[2026-08-05T04:04:40Z INFO  net_transport::video_receiver] Recv stats: 171300 packets, 0 dropped, 14820 assembled, 79 frame_drops
[2026-08-05T04:04:40Z INFO  net_transport::video_receiver] Recv stats: 171400 packets, 0 dropped, 14820 assembled, 79 frame_drops
[2026-08-05T04:04:40Z INFO  net_transport::video_receiver] Recv stats: 171500 packets, 0 dropped, 14820 assembled, 79 frame_drops
[2026-08-05T04:04:40Z INFO  net_transport::video_receiver] Recv stats: 171600 packets, 0 dropped, 14850 assembled, 79 frame_drops
[2026-08-05T04:04:40Z INFO  net_transport::video_receiver] Recv stats: 171700 packets, 0 dropped, 14850 assembled, 79 frame_drops
[2026-08-05T04:04:40Z INFO  net_transport::video_receiver] Recv stats: 171800 packets, 0 dropped, 14850 assembled, 79 frame_drops
[2026-08-05T04:04:40Z INFO  net_transport::video_receiver] Recv stats: 171900 packets, 0 dropped, 14852 assembled, 79 frame_drops
[2026-08-05T04:04:41Z INFO  net_transport::video_receiver] Recv stats: 172000 packets, 0 dropped, 14880 assembled, 79 frame_drops
[2026-08-05T04:04:41Z INFO  net_transport::video_receiver] Recv stats: 172100 packets, 0 dropped, 14880 assembled, 79 frame_drops
[2026-08-05T04:04:41Z INFO  net_transport::video_receiver] Recv stats: 172200 packets, 0 dropped, 14880 assembled, 79 frame_drops
[2026-08-05T04:04:41Z INFO  net_transport::video_receiver] Recv stats: 172300 packets, 0 dropped, 14910 assembled, 79 frame_drops
[2026-08-05T04:04:41Z INFO  net_transport::video_receiver] Recv stats: 172400 packets, 0 dropped, 14910 assembled, 79 frame_drops
[2026-08-05T04:04:41Z INFO  net_transport::video_receiver] Recv stats: 172500 packets, 0 dropped, 14910 assembled, 79 frame_drops
[2026-08-05T04:04:42Z INFO  remote_display_client] Decoded: 14880 frames, 57.1 fps, avg decode 1.6ms
[2026-08-05T04:04:42Z INFO  net_transport::video_receiver] Recv stats: 172600 packets, 0 dropped, 14938 assembled, 79 frame_drops
[2026-08-05T04:04:42Z INFO  net_transport::video_receiver] Recv stats: 172700 packets, 0 dropped, 14940 assembled, 79 frame_drops
[2026-08-05T04:04:42Z INFO  net_transport::video_receiver] Recv stats: 172800 packets, 0 dropped, 14940 assembled, 79 frame_drops
[2026-08-05T04:04:42Z INFO  net_transport::video_receiver] Recv stats: 172900 packets, 0 dropped, 14940 assembled, 79 frame_drops
[2026-08-05T04:04:42Z INFO  net_transport::video_receiver] Recv stats: 173000 packets, 0 dropped, 14969 assembled, 80 frame_drops
[2026-08-05T04:04:42Z INFO  net_transport::video_receiver] Recv stats: 173100 packets, 0 dropped, 14969 assembled, 80 frame_drops
[2026-08-05T04:04:42Z INFO  net_transport::video_receiver] Recv stats: 173200 packets, 0 dropped, 14969 assembled, 80 frame_drops
[2026-08-05T04:04:43Z INFO  remote_display_client] Decoded: 14940 frames, 57.1 fps, avg decode 1.6ms
[2026-08-05T04:04:43Z INFO  net_transport::video_receiver] Recv stats: 173300 packets, 0 dropped, 14999 assembled, 80 frame_drops
[2026-08-05T04:04:43Z INFO  net_transport::video_receiver] Recv stats: 173400 packets, 0 dropped, 14999 assembled, 80 frame_drops
[2026-08-05T04:04:43Z INFO  net_transport::video_receiver] Recv stats: 173500 packets, 0 dropped, 14999 assembled, 80 frame_drops
[2026-08-05T04:04:43Z INFO  net_transport::video_receiver] Recv stats: 173600 packets, 0 dropped, 15020 assembled, 80 frame_drops
[2026-08-05T04:04:43Z INFO  net_transport::video_receiver] Recv stats: 173700 packets, 0 dropped, 15029 assembled, 80 frame_drops
[2026-08-05T04:04:43Z INFO  net_transport::video_receiver] Recv stats: 173800 packets, 0 dropped, 15029 assembled, 80 frame_drops
[2026-08-05T04:04:43Z INFO  net_transport::video_receiver] Recv stats: 173900 packets, 0 dropped, 15029 assembled, 80 frame_drops
[2026-08-05T04:04:44Z INFO  remote_display_client] Decoded: 15000 frames, 57.1 fps, avg decode 1.6ms
[2026-08-05T04:04:44Z INFO  net_transport::video_receiver] Recv stats: 174000 packets, 0 dropped, 15059 assembled, 80 frame_drops
[2026-08-05T04:04:44Z INFO  net_transport::video_receiver] Recv stats: 174100 packets, 0 dropped, 15059 assembled, 80 frame_drops
[2026-08-05T04:04:44Z INFO  net_transport::video_receiver] Recv stats: 174200 packets, 0 dropped, 15059 assembled, 80 frame_drops
[2026-08-05T04:04:44Z INFO  net_transport::video_receiver] Recv stats: 174300 packets, 0 dropped, 15089 assembled, 80 frame_drops
[2026-08-05T04:04:44Z INFO  net_transport::video_receiver] Recv stats: 174400 packets, 0 dropped, 15089 assembled, 80 frame_drops
[2026-08-05T04:04:44Z INFO  net_transport::video_receiver] Recv stats: 174500 packets, 0 dropped, 15089 assembled, 80 frame_drops
[2026-08-05T04:04:44Z INFO  net_transport::video_receiver] Recv stats: 174600 packets, 0 dropped, 15099 assembled, 80 frame_drops
[2026-08-05T04:04:45Z INFO  remote_display_client] Decoded: 15060 frames, 57.1 fps, avg decode 1.6ms
[2026-08-05T04:04:45Z INFO  net_transport::video_receiver] Recv stats: 174700 packets, 0 dropped, 15119 assembled, 80 frame_drops
[2026-08-05T04:04:45Z INFO  net_transport::video_receiver] Recv stats: 174800 packets, 0 dropped, 15119 assembled, 80 frame_drops
[2026-08-05T04:04:45Z INFO  net_transport::video_receiver] Recv stats: 174900 packets, 0 dropped, 15119 assembled, 80 frame_drops
[2026-08-05T04:04:45Z INFO  net_transport::video_receiver] Recv stats: 175000 packets, 0 dropped, 15149 assembled, 80 frame_drops
[2026-08-05T04:04:45Z INFO  net_transport::video_receiver] Recv stats: 175100 packets, 0 dropped, 15149 assembled, 80 frame_drops
[2026-08-05T04:04:45Z INFO  net_transport::video_receiver] Recv stats: 175200 packets, 0 dropped, 15149 assembled, 80 frame_drops
[2026-08-05T04:04:46Z INFO  remote_display_client] Decoded: 15120 frames, 57.1 fps, avg decode 1.6ms
[2026-08-05T04:04:46Z INFO  net_transport::video_receiver] Recv stats: 175300 packets, 0 dropped, 15179 assembled, 80 frame_drops
[2026-08-05T04:04:46Z INFO  net_transport::video_receiver] Recv stats: 175400 packets, 0 dropped, 15179 assembled, 80 frame_drops
[2026-08-05T04:04:46Z INFO  net_transport::video_receiver] Recv stats: 175500 packets, 0 dropped, 15179 assembled, 80 frame_drops
[2026-08-05T04:04:46Z INFO  net_transport::video_receiver] Recv stats: 175600 packets, 0 dropped, 15179 assembled, 80 frame_drops
[2026-08-05T04:04:46Z INFO  net_transport::video_receiver] Recv stats: 175700 packets, 0 dropped, 15209 assembled, 80 frame_drops
[2026-08-05T04:04:46Z INFO  net_transport::video_receiver] Recv stats: 175800 packets, 0 dropped, 15209 assembled, 80 frame_drops
[2026-08-05T04:04:46Z INFO  net_transport::video_receiver] Recv stats: 175900 packets, 0 dropped, 15209 assembled, 80 frame_drops
[2026-08-05T04:04:47Z INFO  remote_display_client] Decoded: 15180 frames, 57.1 fps, avg decode 1.6ms
[2026-08-05T04:04:47Z INFO  net_transport::video_receiver] Recv stats: 176000 packets, 0 dropped, 15239 assembled, 80 frame_drops
[2026-08-05T04:04:47Z INFO  net_transport::video_receiver] Recv stats: 176100 packets, 0 dropped, 15239 assembled, 80 frame_drops
[2026-08-05T04:04:47Z INFO  net_transport::video_receiver] Recv stats: 176200 packets, 0 dropped, 15239 assembled, 80 frame_drops
[2026-08-05T04:04:47Z INFO  net_transport::video_receiver] Recv stats: 176300 packets, 0 dropped, 15264 assembled, 80 frame_drops
[2026-08-05T04:04:47Z INFO  net_transport::video_receiver] Recv stats: 176400 packets, 0 dropped, 15269 assembled, 80 frame_drops
[2026-08-05T04:04:47Z INFO  net_transport::video_receiver] Recv stats: 176500 packets, 0 dropped, 15269 assembled, 80 frame_drops
[2026-08-05T04:04:47Z INFO  net_transport::video_receiver] Recv stats: 176600 packets, 0 dropped, 15269 assembled, 80 frame_drops
[2026-08-05T04:04:48Z INFO  remote_display_client] Decoded: 15240 frames, 57.0 fps, avg decode 1.6ms
[2026-08-05T04:04:48Z INFO  net_transport::video_receiver] Recv stats: 176700 packets, 0 dropped, 15299 assembled, 80 frame_drops
[2026-08-05T04:04:48Z INFO  net_transport::video_receiver] Recv stats: 176800 packets, 0 dropped, 15299 assembled, 80 frame_drops
[2026-08-05T04:04:48Z INFO  net_transport::video_receiver] Recv stats: 176900 packets, 0 dropped, 15299 assembled, 80 frame_drops
[2026-08-05T04:04:49Z INFO  net_transport::video_receiver] Recv stats: 177000 packets, 0 dropped, 15329 assembled, 80 frame_drops
[2026-08-05T04:04:49Z INFO  net_transport::video_receiver] Recv stats: 177100 packets, 0 dropped, 15329 assembled, 80 frame_drops
[2026-08-05T04:04:49Z INFO  net_transport::video_receiver] Recv stats: 177200 packets, 0 dropped, 15329 assembled, 80 frame_drops
[2026-08-05T04:04:49Z INFO  net_transport::video_receiver] Recv stats: 177300 packets, 0 dropped, 15343 assembled, 80 frame_drops
[2026-08-05T04:04:49Z INFO  remote_display_client] Decoded: 15300 frames, 57.0 fps, avg decode 1.6ms
[2026-08-05T04:04:49Z INFO  net_transport::video_receiver] Recv stats: 177400 packets, 0 dropped, 15359 assembled, 80 frame_drops
[2026-08-05T04:04:49Z INFO  net_transport::video_receiver] Recv stats: 177500 packets, 0 dropped, 15359 assembled, 80 frame_drops
[2026-08-05T04:04:49Z INFO  net_transport::video_receiver] Recv stats: 177600 packets, 0 dropped, 15359 assembled, 80 frame_drops
[2026-08-05T04:04:50Z INFO  net_transport::video_receiver] Recv stats: 177700 packets, 0 dropped, 15389 assembled, 80 frame_drops
[2026-08-05T04:04:50Z INFO  net_transport::video_receiver] Recv stats: 177800 packets, 0 dropped, 15389 assembled, 80 frame_drops
[2026-08-05T04:04:50Z INFO  net_transport::video_receiver] Recv stats: 177900 packets, 0 dropped, 15389 assembled, 80 frame_drops
[2026-08-05T04:04:50Z INFO  remote_display_client] Decoded: 15360 frames, 57.0 fps, avg decode 1.6ms
[2026-08-05T04:04:50Z INFO  net_transport::video_receiver] Recv stats: 178000 packets, 0 dropped, 15419 assembled, 80 frame_drops
[2026-08-05T04:04:50Z INFO  net_transport::video_receiver] Recv stats: 178100 packets, 0 dropped, 15419 assembled, 80 frame_drops
[2026-08-05T04:04:50Z INFO  net_transport::video_receiver] Recv stats: 178200 packets, 0 dropped, 15419 assembled, 80 frame_drops
[2026-08-05T04:04:50Z INFO  net_transport::video_receiver] Recv stats: 178300 packets, 0 dropped, 15422 assembled, 80 frame_drops
[2026-08-05T04:04:51Z INFO  net_transport::video_receiver] Recv stats: 178400 packets, 0 dropped, 15449 assembled, 80 frame_drops
[2026-08-05T04:04:51Z INFO  net_transport::video_receiver] Recv stats: 178500 packets, 0 dropped, 15449 assembled, 80 frame_drops
[2026-08-05T04:04:51Z INFO  net_transport::video_receiver] Recv stats: 178600 packets, 0 dropped, 15449 assembled, 80 frame_drops
[2026-08-05T04:04:51Z INFO  remote_display_client] Decoded: 15420 frames, 57.0 fps, avg decode 1.6ms
[2026-08-05T04:04:51Z INFO  net_transport::video_receiver] Recv stats: 178700 packets, 0 dropped, 15479 assembled, 80 frame_drops
[2026-08-05T04:04:51Z INFO  net_transport::video_receiver] Recv stats: 178800 packets, 0 dropped, 15479 assembled, 80 frame_drops
[2026-08-05T04:04:51Z INFO  net_transport::video_receiver] Recv stats: 178900 packets, 0 dropped, 15479 assembled, 80 frame_drops
[2026-08-05T04:04:52Z INFO  net_transport::video_receiver] Recv stats: 179000 packets, 0 dropped, 15508 assembled, 80 frame_drops
[2026-08-05T04:04:52Z INFO  net_transport::video_receiver] Recv stats: 179100 packets, 0 dropped, 15509 assembled, 80 frame_drops
[2026-08-05T04:04:52Z INFO  net_transport::video_receiver] Recv stats: 179200 packets, 0 dropped, 15509 assembled, 80 frame_drops
[2026-08-05T04:04:52Z INFO  net_transport::video_receiver] Recv stats: 179300 packets, 0 dropped, 15509 assembled, 80 frame_drops
[2026-08-05T04:04:52Z INFO  remote_display_client] Decoded: 15480 frames, 57.0 fps, avg decode 1.6ms
[2026-08-05T04:04:52Z INFO  net_transport::video_receiver] Recv stats: 179400 packets, 0 dropped, 15539 assembled, 80 frame_drops
[2026-08-05T04:04:52Z INFO  net_transport::video_receiver] Recv stats: 179500 packets, 0 dropped, 15539 assembled, 80 frame_drops
[2026-08-05T04:04:52Z INFO  net_transport::video_receiver] Recv stats: 179600 packets, 0 dropped, 15539 assembled, 80 frame_drops
[2026-08-05T04:04:53Z INFO  net_transport::video_receiver] Recv stats: 179700 packets, 0 dropped, 15569 assembled, 80 frame_drops
[2026-08-05T04:04:53Z INFO  net_transport::video_receiver] Recv stats: 179800 packets, 0 dropped, 15569 assembled, 80 frame_drops
[2026-08-05T04:04:53Z INFO  net_transport::video_receiver] Recv stats: 179900 packets, 0 dropped, 15569 assembled, 80 frame_drops
[2026-08-05T04:04:53Z INFO  net_transport::video_receiver] Recv stats: 180000 packets, 0 dropped, 15587 assembled, 80 frame_drops
[2026-08-05T04:04:53Z INFO  remote_display_client] Decoded: 15540 frames, 57.0 fps, avg decode 1.6ms
[2026-08-05T04:04:53Z INFO  net_transport::video_receiver] Recv stats: 180100 packets, 0 dropped, 15599 assembled, 80 frame_drops
[2026-08-05T04:04:53Z INFO  net_transport::video_receiver] Recv stats: 180200 packets, 0 dropped, 15599 assembled, 80 frame_drops
[2026-08-05T04:04:53Z INFO  net_transport::video_receiver] Recv stats: 180300 packets, 0 dropped, 15599 assembled, 80 frame_drops
[2026-08-05T04:04:54Z INFO  net_transport::video_receiver] Recv stats: 180400 packets, 0 dropped, 15629 assembled, 80 frame_drops
[2026-08-05T04:04:54Z INFO  net_transport::video_receiver] Recv stats: 180500 packets, 0 dropped, 15629 assembled, 80 frame_drops
[2026-08-05T04:04:54Z INFO  net_transport::video_receiver] Recv stats: 180600 packets, 0 dropped, 15629 assembled, 80 frame_drops
[2026-08-05T04:04:54Z INFO  remote_display_client] Decoded: 15600 frames, 57.0 fps, avg decode 1.6ms
[2026-08-05T04:04:54Z INFO  net_transport::video_receiver] Recv stats: 180700 packets, 0 dropped, 15659 assembled, 80 frame_drops
[2026-08-05T04:04:54Z INFO  net_transport::video_receiver] Recv stats: 180800 packets, 0 dropped, 15659 assembled, 80 frame_drops
[2026-08-05T04:04:54Z INFO  net_transport::video_receiver] Recv stats: 180900 packets, 0 dropped, 15659 assembled, 80 frame_drops
[2026-08-05T04:04:55Z INFO  net_transport::video_receiver] Recv stats: 181000 packets, 0 dropped, 15666 assembled, 80 frame_drops
[2026-08-05T04:04:55Z INFO  net_transport::video_receiver] Recv stats: 181100 packets, 0 dropped, 15689 assembled, 80 frame_drops
[2026-08-05T04:04:55Z INFO  net_transport::video_receiver] Recv stats: 181200 packets, 0 dropped, 15689 assembled, 80 frame_drops
[2026-08-05T04:04:55Z INFO  net_transport::video_receiver] Recv stats: 181300 packets, 0 dropped, 15689 assembled, 80 frame_drops
[2026-08-05T04:04:55Z INFO  remote_display_client] Decoded: 15660 frames, 57.0 fps, avg decode 1.6ms
[2026-08-05T04:04:55Z INFO  net_transport::video_receiver] Recv stats: 181400 packets, 0 dropped, 15719 assembled, 80 frame_drops
[2026-08-05T04:04:55Z INFO  net_transport::video_receiver] Recv stats: 181500 packets, 0 dropped, 15719 assembled, 80 frame_drops
[2026-08-05T04:04:55Z INFO  net_transport::video_receiver] Recv stats: 181600 packets, 0 dropped, 15719 assembled, 80 frame_drops
[2026-08-05T04:04:56Z INFO  net_transport::video_receiver] Recv stats: 181700 packets, 0 dropped, 15749 assembled, 80 frame_drops
[2026-08-05T04:04:56Z INFO  net_transport::video_receiver] Recv stats: 181800 packets, 0 dropped, 15749 assembled, 80 frame_drops
[2026-08-05T04:04:56Z INFO  net_transport::video_receiver] Recv stats: 181900 packets, 0 dropped, 15749 assembled, 80 frame_drops
[2026-08-05T04:04:56Z INFO  net_transport::video_receiver] Recv stats: 182000 packets, 0 dropped, 15749 assembled, 80 frame_drops
[2026-08-05T04:04:57Z INFO  remote_display_client] Decoded: 15720 frames, 57.0 fps, avg decode 1.6ms
[2026-08-05T04:04:57Z INFO  net_transport::video_receiver] Recv stats: 182100 packets, 0 dropped, 15779 assembled, 80 frame_drops
[2026-08-05T04:04:57Z INFO  net_transport::video_receiver] Recv stats: 182200 packets, 0 dropped, 15779 assembled, 80 frame_drops
[2026-08-05T04:04:57Z INFO  net_transport::video_receiver] Recv stats: 182300 packets, 0 dropped, 15779 assembled, 80 frame_drops
[2026-08-05T04:04:57Z INFO  net_transport::video_receiver] Recv stats: 182400 packets, 0 dropped, 15809 assembled, 80 frame_drops
[2026-08-05T04:04:57Z INFO  net_transport::video_receiver] Recv stats: 182500 packets, 0 dropped, 15809 assembled, 80 frame_drops
[2026-08-05T04:04:57Z INFO  net_transport::video_receiver] Recv stats: 182600 packets, 0 dropped, 15809 assembled, 80 frame_drops
[2026-08-05T04:04:57Z INFO  net_transport::video_receiver] Recv stats: 182700 packets, 0 dropped, 15831 assembled, 80 frame_drops
[2026-08-05T04:04:58Z INFO  remote_display_client] Decoded: 15780 frames, 57.0 fps, avg decode 1.6ms
[2026-08-05T04:04:58Z INFO  net_transport::video_receiver] Recv stats: 182800 packets, 0 dropped, 15839 assembled, 80 frame_drops
[2026-08-05T04:04:58Z INFO  net_transport::video_receiver] Recv stats: 182900 packets, 0 dropped, 15839 assembled, 80 frame_drops
[2026-08-05T04:04:58Z INFO  net_transport::video_receiver] Recv stats: 183000 packets, 0 dropped, 15839 assembled, 80 frame_drops
[2026-08-05T04:04:58Z INFO  net_transport::video_receiver] Recv stats: 183100 packets, 0 dropped, 15869 assembled, 80 frame_drops
[2026-08-05T04:04:58Z INFO  net_transport::video_receiver] Recv stats: 183200 packets, 0 dropped, 15869 assembled, 80 frame_drops
[2026-08-05T04:04:58Z INFO  net_transport::video_receiver] Recv stats: 183300 packets, 0 dropped, 15869 assembled, 80 frame_drops
[2026-08-05T04:04:59Z INFO  remote_display_client] Decoded: 15840 frames, 57.0 fps, avg decode 1.6ms
[2026-08-05T04:04:59Z INFO  net_transport::video_receiver] Recv stats: 183400 packets, 0 dropped, 15899 assembled, 80 frame_drops
[2026-08-05T04:04:59Z INFO  net_transport::video_receiver] Recv stats: 183500 packets, 0 dropped, 15899 assembled, 80 frame_drops
[2026-08-05T04:04:59Z INFO  net_transport::video_receiver] Recv stats: 183600 packets, 0 dropped, 15899 assembled, 80 frame_drops
[2026-08-05T04:04:59Z INFO  net_transport::video_receiver] Recv stats: 183700 packets, 0 dropped, 15910 assembled, 80 frame_drops
[2026-08-05T04:04:59Z INFO  net_transport::video_receiver] Recv stats: 183800 packets, 0 dropped, 15929 assembled, 80 frame_drops
[2026-08-05T04:04:59Z INFO  net_transport::video_receiver] Recv stats: 183900 packets, 0 dropped, 15929 assembled, 80 frame_drops
[2026-08-05T04:05:00Z INFO  net_transport::video_receiver] Recv stats: 184000 packets, 0 dropped, 15952 assembled, 81 frame_drops
[2026-08-05T04:05:00Z INFO  remote_display_client] Decoded: 15900 frames, 57.0 fps, avg decode 1.6ms
[2026-08-05T04:05:00Z INFO  net_transport::video_receiver] Recv stats: 184100 packets, 0 dropped, 15958 assembled, 81 frame_drops
[2026-08-05T04:05:00Z INFO  net_transport::video_receiver] Recv stats: 184200 packets, 0 dropped, 15958 assembled, 81 frame_drops
[2026-08-05T04:05:00Z INFO  net_transport::video_receiver] Recv stats: 184300 packets, 0 dropped, 15958 assembled, 81 frame_drops
[2026-08-05T04:05:00Z INFO  net_transport::video_receiver] Recv stats: 184400 packets, 0 dropped, 15988 assembled, 81 frame_drops
[2026-08-05T04:05:00Z INFO  net_transport::video_receiver] Recv stats: 184500 packets, 0 dropped, 15988 assembled, 81 frame_drops
[2026-08-05T04:05:00Z INFO  net_transport::video_receiver] Recv stats: 184600 packets, 0 dropped, 15988 assembled, 81 frame_drops
[2026-08-05T04:05:01Z INFO  remote_display_client] Decoded: 15960 frames, 57.0 fps, avg decode 1.6ms
[2026-08-05T04:05:01Z INFO  net_transport::video_receiver] Recv stats: 184700 packets, 0 dropped, 16018 assembled, 81 frame_drops
[2026-08-05T04:05:01Z INFO  net_transport::video_receiver] Recv stats: 184800 packets, 0 dropped, 16018 assembled, 81 frame_drops
[2026-08-05T04:05:01Z INFO  net_transport::video_receiver] Recv stats: 184900 packets, 0 dropped, 16018 assembled, 81 frame_drops
[2026-08-05T04:05:01Z INFO  net_transport::video_receiver] Recv stats: 185000 packets, 0 dropped, 16031 assembled, 81 frame_drops
[2026-08-05T04:05:01Z INFO  net_transport::video_receiver] Recv stats: 185100 packets, 0 dropped, 16048 assembled, 81 frame_drops
[2026-08-05T04:05:01Z INFO  net_transport::video_receiver] Recv stats: 185200 packets, 0 dropped, 16048 assembled, 81 frame_drops
[2026-08-05T04:05:01Z INFO  net_transport::video_receiver] Recv stats: 185300 packets, 0 dropped, 16048 assembled, 81 frame_drops
[2026-08-05T04:05:02Z INFO  remote_display_client] Decoded: 16020 frames, 57.0 fps, avg decode 1.6ms
[2026-08-05T04:05:02Z INFO  net_transport::video_receiver] Recv stats: 185400 packets, 0 dropped, 16078 assembled, 81 frame_drops
[2026-08-05T04:05:02Z INFO  net_transport::video_receiver] Recv stats: 185500 packets, 0 dropped, 16078 assembled, 81 frame_drops
[2026-08-05T04:05:02Z INFO  net_transport::video_receiver] Recv stats: 185600 packets, 0 dropped, 16078 assembled, 81 frame_drops
[2026-08-05T04:05:02Z INFO  net_transport::video_receiver] Recv stats: 185700 packets, 0 dropped, 16108 assembled, 81 frame_drops
[2026-08-05T04:05:02Z INFO  net_transport::video_receiver] Recv stats: 185800 packets, 0 dropped, 16108 assembled, 81 frame_drops
[2026-08-05T04:05:02Z INFO  net_transport::video_receiver] Recv stats: 185900 packets, 0 dropped, 16108 assembled, 81 frame_drops
[2026-08-05T04:05:02Z INFO  net_transport::video_receiver] Recv stats: 186000 packets, 0 dropped, 16110 assembled, 81 frame_drops
[2026-08-05T04:05:03Z INFO  net_transport::video_receiver] Recv stats: 186100 packets, 0 dropped, 16138 assembled, 81 frame_drops
[2026-08-05T04:05:03Z INFO  net_transport::video_receiver] Recv stats: 186200 packets, 0 dropped, 16138 assembled, 81 frame_drops
[2026-08-05T04:05:03Z INFO  net_transport::video_receiver] Recv stats: 186300 packets, 0 dropped, 16138 assembled, 81 frame_drops
[2026-08-05T04:05:03Z INFO  net_transport::video_receiver] Recv stats: 186400 packets, 0 dropped, 16168 assembled, 81 frame_drops
[2026-08-05T04:05:03Z INFO  net_transport::video_receiver] Recv stats: 186500 packets, 0 dropped, 16168 assembled, 81 frame_drops
[2026-08-05T04:05:03Z INFO  net_transport::video_receiver] Recv stats: 186600 packets, 0 dropped, 16168 assembled, 81 frame_drops
[2026-08-05T04:05:04Z INFO  net_transport::video_receiver] Recv stats: 186700 packets, 0 dropped, 16196 assembled, 81 frame_drops
[2026-08-05T04:05:04Z INFO  remote_display_client] Decoded: 16140 frames, 57.0 fps, avg decode 1.6ms
[2026-08-05T04:05:04Z INFO  net_transport::video_receiver] Recv stats: 186800 packets, 0 dropped, 16198 assembled, 81 frame_drops
[2026-08-05T04:05:04Z INFO  net_transport::video_receiver] Recv stats: 186900 packets, 0 dropped, 16198 assembled, 81 frame_drops
[2026-08-05T04:05:04Z INFO  net_transport::video_receiver] Recv stats: 187000 packets, 0 dropped, 16218 assembled, 82 frame_drops
[2026-08-05T04:05:05Z INFO  net_transport::video_receiver] Recv stats: 187100 packets, 0 dropped, 16227 assembled, 82 frame_drops
[2026-08-05T04:05:05Z INFO  net_transport::video_receiver] Recv stats: 187200 packets, 0 dropped, 16227 assembled, 82 frame_drops
[2026-08-05T04:05:05Z INFO  net_transport::video_receiver] Recv stats: 187300 packets, 0 dropped, 16227 assembled, 82 frame_drops
[2026-08-05T04:05:05Z INFO  remote_display_client] Decoded: 16200 frames, 57.0 fps, avg decode 1.6ms
[2026-08-05T04:05:05Z INFO  net_transport::video_receiver] Recv stats: 187400 packets, 0 dropped, 16257 assembled, 82 frame_drops
[2026-08-05T04:05:05Z INFO  net_transport::video_receiver] Recv stats: 187500 packets, 0 dropped, 16257 assembled, 82 frame_drops
[2026-08-05T04:05:05Z INFO  net_transport::video_receiver] Recv stats: 187600 packets, 0 dropped, 16257 assembled, 82 frame_drops
[2026-08-05T04:05:06Z INFO  net_transport::video_receiver] Recv stats: 187700 packets, 0 dropped, 16287 assembled, 82 frame_drops
[2026-08-05T04:05:06Z INFO  net_transport::video_receiver] Recv stats: 187800 packets, 0 dropped, 16287 assembled, 82 frame_drops
[2026-08-05T04:05:06Z INFO  net_transport::video_receiver] Recv stats: 187900 packets, 0 dropped, 16287 assembled, 82 frame_drops
[2026-08-05T04:05:06Z INFO  net_transport::video_receiver] Recv stats: 188000 packets, 0 dropped, 16297 assembled, 82 frame_drops
[2026-08-05T04:05:06Z INFO  remote_display_client] Decoded: 16260 frames, 57.0 fps, avg decode 1.6ms
[2026-08-05T04:05:06Z INFO  net_transport::video_receiver] Recv stats: 188100 packets, 0 dropped, 16317 assembled, 82 frame_drops
[2026-08-05T04:05:06Z INFO  net_transport::video_receiver] Recv stats: 188200 packets, 0 dropped, 16317 assembled, 82 frame_drops
[2026-08-05T04:05:06Z INFO  net_transport::video_receiver] Recv stats: 188300 packets, 0 dropped, 16317 assembled, 82 frame_drops
[2026-08-05T04:05:07Z INFO  net_transport::video_receiver] Recv stats: 188400 packets, 0 dropped, 16347 assembled, 82 frame_drops
[2026-08-05T04:05:07Z INFO  net_transport::video_receiver] Recv stats: 188500 packets, 0 dropped, 16347 assembled, 82 frame_drops
[2026-08-05T04:05:07Z INFO  net_transport::video_receiver] Recv stats: 188600 packets, 0 dropped, 16347 assembled, 82 frame_drops
[2026-08-05T04:05:07Z INFO  remote_display_client] Decoded: 16320 frames, 57.0 fps, avg decode 1.6ms
[2026-08-05T04:05:07Z INFO  net_transport::video_receiver] Recv stats: 188700 packets, 0 dropped, 16377 assembled, 82 frame_drops
[2026-08-05T04:05:07Z INFO  net_transport::video_receiver] Recv stats: 188800 packets, 0 dropped, 16377 assembled, 82 frame_drops
[2026-08-05T04:05:07Z INFO  net_transport::video_receiver] Recv stats: 188900 packets, 0 dropped, 16377 assembled, 82 frame_drops
[2026-08-05T04:05:07Z INFO  net_transport::video_receiver] Recv stats: 189000 packets, 0 dropped, 16377 assembled, 82 frame_drops
[2026-08-05T04:05:08Z INFO  net_transport::video_receiver] Recv stats: 189100 packets, 0 dropped, 16407 assembled, 82 frame_drops
[2026-08-05T04:05:08Z INFO  net_transport::video_receiver] Recv stats: 189200 packets, 0 dropped, 16407 assembled, 82 frame_drops
[2026-08-05T04:05:08Z INFO  net_transport::video_receiver] Recv stats: 189300 packets, 0 dropped, 16407 assembled, 82 frame_drops
[2026-08-05T04:05:08Z INFO  remote_display_client] Decoded: 16380 frames, 57.0 fps, avg decode 1.6ms
[2026-08-05T04:05:08Z INFO  net_transport::video_receiver] Recv stats: 189400 packets, 0 dropped, 16437 assembled, 82 frame_drops
[2026-08-05T04:05:08Z INFO  net_transport::video_receiver] Recv stats: 189500 packets, 0 dropped, 16437 assembled, 82 frame_drops
[2026-08-05T04:05:08Z INFO  net_transport::video_receiver] Recv stats: 189600 packets, 0 dropped, 16437 assembled, 82 frame_drops
[2026-08-05T04:05:09Z INFO  net_transport::video_receiver] Recv stats: 189700 packets, 0 dropped, 16462 assembled, 82 frame_drops
[2026-08-05T04:05:09Z INFO  net_transport::video_receiver] Recv stats: 189800 packets, 0 dropped, 16467 assembled, 82 frame_drops
[2026-08-05T04:05:09Z INFO  net_transport::video_receiver] Recv stats: 189900 packets, 0 dropped, 16467 assembled, 82 frame_drops
[2026-08-05T04:05:09Z INFO  net_transport::video_receiver] Recv stats: 190000 packets, 0 dropped, 16467 assembled, 82 frame_drops
[2026-08-05T04:05:09Z INFO  remote_display_client] Decoded: 16440 frames, 57.0 fps, avg decode 1.6ms
[2026-08-05T04:05:09Z INFO  net_transport::video_receiver] Recv stats: 190100 packets, 0 dropped, 16497 assembled, 82 frame_drops
[2026-08-05T04:05:09Z INFO  net_transport::video_receiver] Recv stats: 190200 packets, 0 dropped, 16497 assembled, 82 frame_drops
[2026-08-05T04:05:09Z INFO  net_transport::video_receiver] Recv stats: 190300 packets, 0 dropped, 16497 assembled, 82 frame_drops
[2026-08-05T04:05:10Z INFO  net_transport::video_receiver] Recv stats: 190400 packets, 0 dropped, 16527 assembled, 82 frame_drops
[2026-08-05T04:05:10Z INFO  net_transport::video_receiver] Recv stats: 190500 packets, 0 dropped, 16527 assembled, 82 frame_drops
[2026-08-05T04:05:10Z INFO  net_transport::video_receiver] Recv stats: 190600 packets, 0 dropped, 16527 assembled, 82 frame_drops
[2026-08-05T04:05:10Z INFO  net_transport::video_receiver] Recv stats: 190700 packets, 0 dropped, 16541 assembled, 82 frame_drops
[2026-08-05T04:05:10Z INFO  remote_display_client] Decoded: 16500 frames, 57.0 fps, avg decode 1.6ms
[2026-08-05T04:05:11Z INFO  net_transport::video_receiver] Recv stats: 190800 packets, 0 dropped, 16557 assembled, 82 frame_drops
[2026-08-05T04:05:11Z INFO  net_transport::video_receiver] Recv stats: 190900 packets, 0 dropped, 16557 assembled, 82 frame_drops
[2026-08-05T04:05:11Z INFO  net_transport::video_receiver] Recv stats: 191000 packets, 0 dropped, 16557 assembled, 82 frame_drops
[2026-08-05T04:05:11Z INFO  net_transport::video_receiver] Recv stats: 191100 packets, 0 dropped, 16587 assembled, 82 frame_drops
[2026-08-05T04:05:11Z INFO  net_transport::video_receiver] Recv stats: 191200 packets, 0 dropped, 16587 assembled, 82 frame_drops
[2026-08-05T04:05:11Z INFO  net_transport::video_receiver] Recv stats: 191300 packets, 0 dropped, 16587 assembled, 82 frame_drops
[2026-08-05T04:05:12Z INFO  remote_display_client] Decoded: 16560 frames, 56.9 fps, avg decode 1.6ms
[2026-08-05T04:05:12Z INFO  net_transport::video_receiver] Recv stats: 191400 packets, 0 dropped, 16617 assembled, 82 frame_drops
[2026-08-05T04:05:12Z INFO  net_transport::video_receiver] Recv stats: 191500 packets, 0 dropped, 16617 assembled, 82 frame_drops
[2026-08-05T04:05:12Z INFO  net_transport::video_receiver] Recv stats: 191600 packets, 0 dropped, 16617 assembled, 82 frame_drops
[2026-08-05T04:05:12Z INFO  net_transport::video_receiver] Recv stats: 191700 packets, 0 dropped, 16619 assembled, 82 frame_drops
[2026-08-05T04:05:12Z INFO  net_transport::video_receiver] Recv stats: 191800 packets, 0 dropped, 16647 assembled, 82 frame_drops
[2026-08-05T04:05:12Z INFO  net_transport::video_receiver] Recv stats: 191900 packets, 0 dropped, 16647 assembled, 82 frame_drops
[2026-08-05T04:05:12Z INFO  net_transport::video_receiver] Recv stats: 192000 packets, 0 dropped, 16647 assembled, 82 frame_drops
[2026-08-05T04:05:13Z INFO  remote_display_client] Decoded: 16620 frames, 56.9 fps, avg decode 1.6ms
[2026-08-05T04:05:13Z INFO  net_transport::video_receiver] Recv stats: 192100 packets, 0 dropped, 16677 assembled, 82 frame_drops
[2026-08-05T04:05:13Z INFO  net_transport::video_receiver] Recv stats: 192200 packets, 0 dropped, 16677 assembled, 82 frame_drops
[2026-08-05T04:05:13Z INFO  net_transport::video_receiver] Recv stats: 192300 packets, 0 dropped, 16677 assembled, 82 frame_drops
[2026-08-05T04:05:13Z INFO  net_transport::video_receiver] Recv stats: 192400 packets, 0 dropped, 16705 assembled, 82 frame_drops
[2026-08-05T04:05:13Z INFO  net_transport::video_receiver] Recv stats: 192500 packets, 0 dropped, 16707 assembled, 82 frame_drops
[2026-08-05T04:05:13Z INFO  net_transport::video_receiver] Recv stats: 192600 packets, 0 dropped, 16707 assembled, 82 frame_drops
[2026-08-05T04:05:13Z INFO  net_transport::video_receiver] Recv stats: 192700 packets, 0 dropped, 16707 assembled, 82 frame_drops
[2026-08-05T04:05:14Z INFO  remote_display_client] Decoded: 16680 frames, 56.9 fps, avg decode 1.6ms
[2026-08-05T04:05:14Z INFO  net_transport::video_receiver] Recv stats: 192800 packets, 0 dropped, 16737 assembled, 82 frame_drops
[2026-08-05T04:05:14Z INFO  net_transport::video_receiver] Recv stats: 192900 packets, 0 dropped, 16737 assembled, 82 frame_drops
[2026-08-05T04:05:14Z INFO  net_transport::video_receiver] Recv stats: 193000 packets, 0 dropped, 16737 assembled, 82 frame_drops
[2026-08-05T04:05:14Z INFO  net_transport::video_receiver] Recv stats: 193100 packets, 0 dropped, 16766 assembled, 83 frame_drops
[2026-08-05T04:05:14Z INFO  net_transport::video_receiver] Recv stats: 193200 packets, 0 dropped, 16766 assembled, 83 frame_drops
[2026-08-05T04:05:14Z INFO  net_transport::video_receiver] Recv stats: 193300 packets, 0 dropped, 16766 assembled, 83 frame_drops
[2026-08-05T04:05:15Z INFO  net_transport::video_receiver] Recv stats: 193400 packets, 0 dropped, 16785 assembled, 83 frame_drops
[2026-08-05T04:05:15Z INFO  net_transport::video_receiver] Recv stats: 193500 packets, 0 dropped, 16796 assembled, 83 frame_drops
[2026-08-05T04:05:15Z INFO  net_transport::video_receiver] Recv stats: 193600 packets, 0 dropped, 16796 assembled, 83 frame_drops
[2026-08-05T04:05:15Z INFO  net_transport::video_receiver] Recv stats: 193700 packets, 0 dropped, 16796 assembled, 83 frame_drops
[2026-08-05T04:05:15Z INFO  remote_display_client] Decoded: 16740 frames, 56.9 fps, avg decode 1.6ms
[2026-08-05T04:05:15Z INFO  net_transport::video_receiver] Recv stats: 193800 packets, 0 dropped, 16826 assembled, 83 frame_drops
[2026-08-05T04:05:15Z INFO  net_transport::video_receiver] Recv stats: 193900 packets, 0 dropped, 16826 assembled, 83 frame_drops
[2026-08-05T04:05:15Z INFO  net_transport::video_receiver] Recv stats: 194000 packets, 0 dropped, 16826 assembled, 83 frame_drops
[2026-08-05T04:05:16Z INFO  net_transport::video_receiver] Recv stats: 194100 packets, 0 dropped, 16856 assembled, 83 frame_drops
[2026-08-05T04:05:16Z INFO  net_transport::video_receiver] Recv stats: 194200 packets, 0 dropped, 16856 assembled, 83 frame_drops
[2026-08-05T04:05:16Z INFO  net_transport::video_receiver] Recv stats: 194300 packets, 0 dropped, 16856 assembled, 83 frame_drops
[2026-08-05T04:05:16Z INFO  remote_display_client] Decoded: 16800 frames, 56.9 fps, avg decode 1.6ms
[2026-08-05T04:05:16Z INFO  net_transport::video_receiver] Recv stats: 194400 packets, 0 dropped, 16864 assembled, 83 frame_drops
[2026-08-05T04:05:16Z INFO  net_transport::video_receiver] Recv stats: 194500 packets, 0 dropped, 16886 assembled, 83 frame_drops
[2026-08-05T04:05:16Z INFO  net_transport::video_receiver] Recv stats: 194600 packets, 0 dropped, 16886 assembled, 83 frame_drops
[2026-08-05T04:05:16Z INFO  net_transport::video_receiver] Recv stats: 194700 packets, 0 dropped, 16886 assembled, 83 frame_drops
[2026-08-05T04:05:17Z INFO  net_transport::video_receiver] Recv stats: 194800 packets, 0 dropped, 16916 assembled, 83 frame_drops
[2026-08-05T04:05:17Z INFO  net_transport::video_receiver] Recv stats: 194900 packets, 0 dropped, 16916 assembled, 83 frame_drops
[2026-08-05T04:05:17Z INFO  net_transport::video_receiver] Recv stats: 195000 packets, 0 dropped, 16916 assembled, 83 frame_drops
[2026-08-05T04:05:17Z INFO  net_transport::video_receiver] Recv stats: 195100 packets, 0 dropped, 16946 assembled, 83 frame_drops
[2026-08-05T04:05:17Z INFO  net_transport::video_receiver] Recv stats: 195200 packets, 0 dropped, 16946 assembled, 83 frame_drops
[2026-08-05T04:05:17Z INFO  net_transport::video_receiver] Recv stats: 195300 packets, 0 dropped, 16946 assembled, 83 frame_drops
[2026-08-05T04:05:17Z INFO  net_transport::video_receiver] Recv stats: 195400 packets, 0 dropped, 16946 assembled, 83 frame_drops
[2026-08-05T04:05:18Z INFO  net_transport::video_receiver] Recv stats: 195500 packets, 0 dropped, 16976 assembled, 83 frame_drops
[2026-08-05T04:05:18Z INFO  net_transport::video_receiver] Recv stats: 195600 packets, 0 dropped, 16976 assembled, 83 frame_drops
[2026-08-05T04:05:18Z INFO  net_transport::video_receiver] Recv stats: 195700 packets, 0 dropped, 16976 assembled, 83 frame_drops
[2026-08-05T04:05:18Z INFO  remote_display_client] Decoded: 16920 frames, 56.9 fps, avg decode 1.6ms
[2026-08-05T04:05:18Z INFO  net_transport::video_receiver] Recv stats: 195800 packets, 0 dropped, 17006 assembled, 83 frame_drops
[2026-08-05T04:05:18Z INFO  net_transport::video_receiver] Recv stats: 195900 packets, 0 dropped, 17006 assembled, 83 frame_drops
[2026-08-05T04:05:18Z INFO  net_transport::video_receiver] Recv stats: 196000 packets, 0 dropped, 17006 assembled, 83 frame_drops
[2026-08-05T04:05:19Z INFO  net_transport::video_receiver] Recv stats: 196100 packets, 0 dropped, 17029 assembled, 83 frame_drops
[2026-08-05T04:05:19Z INFO  net_transport::video_receiver] Recv stats: 196200 packets, 0 dropped, 17036 assembled, 83 frame_drops
[2026-08-05T04:05:19Z INFO  net_transport::video_receiver] Recv stats: 196300 packets, 0 dropped, 17036 assembled, 83 frame_drops
[2026-08-05T04:05:19Z INFO  net_transport::video_receiver] Recv stats: 196400 packets, 0 dropped, 17036 assembled, 83 frame_drops
[2026-08-05T04:05:20Z INFO  net_transport::video_receiver] Recv stats: 196500 packets, 0 dropped, 17066 assembled, 83 frame_drops
[2026-08-05T04:05:20Z INFO  net_transport::video_receiver] Recv stats: 196600 packets, 0 dropped, 17066 assembled, 83 frame_drops
[2026-08-05T04:05:20Z INFO  net_transport::video_receiver] Recv stats: 196700 packets, 0 dropped, 17066 assembled, 83 frame_drops
[2026-08-05T04:05:20Z INFO  net_transport::video_receiver] Recv stats: 196800 packets, 0 dropped, 17096 assembled, 83 frame_drops
[2026-08-05T04:05:20Z INFO  net_transport::video_receiver] Recv stats: 196900 packets, 0 dropped, 17096 assembled, 83 frame_drops
[2026-08-05T04:05:20Z INFO  net_transport::video_receiver] Recv stats: 197000 packets, 0 dropped, 17096 assembled, 83 frame_drops
[2026-08-05T04:05:20Z INFO  net_transport::video_receiver] Recv stats: 197100 packets, 0 dropped, 17096 assembled, 83 frame_drops
[2026-08-05T04:05:21Z INFO  net_transport::video_receiver] Recv stats: 197200 packets, 0 dropped, 17126 assembled, 83 frame_drops
[2026-08-05T04:05:21Z INFO  net_transport::video_receiver] Recv stats: 197300 packets, 0 dropped, 17126 assembled, 83 frame_drops
[2026-08-05T04:05:21Z INFO  net_transport::video_receiver] Recv stats: 197400 packets, 0 dropped, 17126 assembled, 83 frame_drops
[2026-08-05T04:05:21Z INFO  net_transport::video_receiver] Recv stats: 197500 packets, 0 dropped, 17153 assembled, 83 frame_drops
[2026-08-05T04:05:21Z INFO  net_transport::video_receiver] Recv stats: 197600 packets, 0 dropped, 17156 assembled, 83 frame_drops
[2026-08-05T04:05:21Z INFO  net_transport::video_receiver] Recv stats: 197700 packets, 0 dropped, 17156 assembled, 83 frame_drops
[2026-08-05T04:05:21Z INFO  net_transport::video_receiver] Recv stats: 197800 packets, 0 dropped, 17156 assembled, 83 frame_drops
[2026-08-05T04:05:21Z INFO  remote_display_client] Decoded: 17100 frames, 56.9 fps, avg decode 1.6ms
[2026-08-05T04:05:22Z INFO  net_transport::video_receiver] Recv stats: 197900 packets, 0 dropped, 17186 assembled, 83 frame_drops
[2026-08-05T04:05:22Z INFO  net_transport::video_receiver] Recv stats: 198000 packets, 0 dropped, 17186 assembled, 83 frame_drops
[2026-08-05T04:05:22Z INFO  net_transport::video_receiver] Recv stats: 198100 packets, 0 dropped, 17186 assembled, 83 frame_drops
[2026-08-05T04:05:22Z INFO  net_transport::video_receiver] Recv stats: 198200 packets, 0 dropped, 17211 assembled, 83 frame_drops
[2026-08-05T04:05:22Z INFO  net_transport::video_receiver] Recv stats: 198300 packets, 0 dropped, 17216 assembled, 83 frame_drops
[2026-08-05T04:05:22Z INFO  net_transport::video_receiver] Recv stats: 198400 packets, 0 dropped, 17216 assembled, 83 frame_drops
[2026-08-05T04:05:22Z INFO  net_transport::video_receiver] Recv stats: 198500 packets, 0 dropped, 17216 assembled, 83 frame_drops
[2026-08-05T04:05:22Z INFO  remote_display_client] Decoded: 17160 frames, 56.9 fps, avg decode 1.6ms
[2026-08-05T04:05:23Z INFO  net_transport::video_receiver] Recv stats: 198600 packets, 0 dropped, 17246 assembled, 83 frame_drops
[2026-08-05T04:05:23Z INFO  net_transport::video_receiver] Recv stats: 198700 packets, 0 dropped, 17246 assembled, 83 frame_drops
[2026-08-05T04:05:23Z INFO  net_transport::video_receiver] Recv stats: 198800 packets, 0 dropped, 17246 assembled, 83 frame_drops
[2026-08-05T04:05:23Z INFO  net_transport::video_receiver] Recv stats: 198900 packets, 0 dropped, 17275 assembled, 83 frame_drops
[2026-08-05T04:05:23Z INFO  net_transport::video_receiver] Recv stats: 199000 packets, 0 dropped, 17276 assembled, 83 frame_drops
[2026-08-05T04:05:23Z INFO  net_transport::video_receiver] Recv stats: 199100 packets, 0 dropped, 17276 assembled, 83 frame_drops
[2026-08-05T04:05:23Z INFO  net_transport::video_receiver] Recv stats: 199200 packets, 0 dropped, 17276 assembled, 83 frame_drops
[2026-08-05T04:05:24Z INFO  net_transport::video_receiver] Recv stats: 199300 packets, 0 dropped, 17306 assembled, 83 frame_drops
[2026-08-05T04:05:24Z INFO  net_transport::video_receiver] Recv stats: 199400 packets, 0 dropped, 17306 assembled, 83 frame_drops
[2026-08-05T04:05:24Z INFO  net_transport::video_receiver] Recv stats: 199500 packets, 0 dropped, 17306 assembled, 83 frame_drops
[2026-08-05T04:05:24Z INFO  net_transport::video_receiver] Recv stats: 199600 packets, 0 dropped, 17336 assembled, 83 frame_drops
[2026-08-05T04:05:24Z INFO  net_transport::video_receiver] Recv stats: 199700 packets, 0 dropped, 17336 assembled, 83 frame_drops
[2026-08-05T04:05:24Z INFO  net_transport::video_receiver] Recv stats: 199800 packets, 0 dropped, 17336 assembled, 83 frame_drops
[2026-08-05T04:05:24Z INFO  net_transport::video_receiver] Recv stats: 199900 packets, 0 dropped, 17340 assembled, 83 frame_drops
[2026-08-05T04:05:25Z INFO  net_transport::video_receiver] Recv stats: 200000 packets, 0 dropped, 17366 assembled, 83 frame_drops
[2026-08-05T04:05:25Z INFO  net_transport::video_receiver] Recv stats: 200100 packets, 0 dropped, 17366 assembled, 83 frame_drops
[2026-08-05T04:05:25Z INFO  net_transport::video_receiver] Recv stats: 200200 packets, 0 dropped, 17366 assembled, 83 frame_drops
[2026-08-05T04:05:25Z INFO  net_transport::video_receiver] Recv stats: 200300 packets, 0 dropped, 17396 assembled, 83 frame_drops
[2026-08-05T04:05:25Z INFO  net_transport::video_receiver] Recv stats: 200400 packets, 0 dropped, 17396 assembled, 83 frame_drops
[2026-08-05T04:05:25Z INFO  net_transport::video_receiver] Recv stats: 200500 packets, 0 dropped, 17396 assembled, 83 frame_drops
[2026-08-05T04:05:26Z INFO  net_transport::video_receiver] Recv stats: 200600 packets, 0 dropped, 17420 assembled, 84 frame_drops
[2026-08-05T04:05:26Z INFO  net_transport::video_receiver] Recv stats: 200700 packets, 0 dropped, 17426 assembled, 84 frame_drops
[2026-08-05T04:05:26Z INFO  net_transport::video_receiver] Recv stats: 200800 packets, 0 dropped, 17426 assembled, 84 frame_drops
[2026-08-05T04:05:26Z INFO  net_transport::video_receiver] Recv stats: 200900 packets, 0 dropped, 17426 assembled, 84 frame_drops
[2026-08-05T04:05:26Z INFO  net_transport::video_receiver] Recv stats: 201000 packets, 0 dropped, 17456 assembled, 84 frame_drops
[2026-08-05T04:05:26Z INFO  net_transport::video_receiver] Recv stats: 201100 packets, 0 dropped, 17456 assembled, 84 frame_drops
[2026-08-05T04:05:26Z INFO  net_transport::video_receiver] Recv stats: 201200 packets, 0 dropped, 17456 assembled, 84 frame_drops
[2026-08-05T04:05:26Z INFO  remote_display_client] Decoded: 17400 frames, 56.9 fps, avg decode 1.6ms
[2026-08-05T04:05:27Z INFO  net_transport::video_receiver] Recv stats: 201300 packets, 0 dropped, 17486 assembled, 84 frame_drops
[2026-08-05T04:05:27Z INFO  net_transport::video_receiver] Recv stats: 201400 packets, 0 dropped, 17486 assembled, 84 frame_drops
[2026-08-05T04:05:27Z INFO  net_transport::video_receiver] Recv stats: 201500 packets, 0 dropped, 17486 assembled, 84 frame_drops
[2026-08-05T04:05:27Z INFO  net_transport::video_receiver] Recv stats: 201600 packets, 0 dropped, 17488 assembled, 84 frame_drops
[2026-08-05T04:05:27Z INFO  net_transport::video_receiver] Recv stats: 201700 packets, 0 dropped, 17516 assembled, 84 frame_drops
[2026-08-05T04:05:27Z INFO  net_transport::video_receiver] Recv stats: 201800 packets, 0 dropped, 17516 assembled, 84 frame_drops
[2026-08-05T04:05:27Z INFO  net_transport::video_receiver] Recv stats: 201900 packets, 0 dropped, 17516 assembled, 84 frame_drops
[2026-08-05T04:05:27Z INFO  remote_display_client] Decoded: 17460 frames, 56.9 fps, avg decode 1.6ms
[2026-08-05T04:05:28Z INFO  net_transport::video_receiver] Recv stats: 202000 packets, 0 dropped, 17545 assembled, 85 frame_drops
[2026-08-05T04:05:28Z INFO  net_transport::video_receiver] Recv stats: 202100 packets, 0 dropped, 17545 assembled, 85 frame_drops
[2026-08-05T04:05:28Z INFO  net_transport::video_receiver] Recv stats: 202200 packets, 0 dropped, 17545 assembled, 85 frame_drops
[2026-08-05T04:05:28Z INFO  net_transport::video_receiver] Recv stats: 202300 packets, 0 dropped, 17575 assembled, 85 frame_drops
[2026-08-05T04:05:28Z INFO  net_transport::video_receiver] Recv stats: 202400 packets, 0 dropped, 17575 assembled, 85 frame_drops
[2026-08-05T04:05:28Z INFO  net_transport::video_receiver] Recv stats: 202500 packets, 0 dropped, 17575 assembled, 85 frame_drops
[2026-08-05T04:05:28Z INFO  net_transport::video_receiver] Recv stats: 202600 packets, 0 dropped, 17575 assembled, 85 frame_drops
[2026-08-05T04:05:28Z INFO  remote_display_client] Decoded: 17520 frames, 56.9 fps, avg decode 1.6ms
[2026-08-05T04:05:29Z INFO  net_transport::video_receiver] Recv stats: 202700 packets, 0 dropped, 17605 assembled, 85 frame_drops
[2026-08-05T04:05:29Z INFO  net_transport::video_receiver] Recv stats: 202800 packets, 0 dropped, 17605 assembled, 85 frame_drops
[2026-08-05T04:05:29Z INFO  net_transport::video_receiver] Recv stats: 202900 packets, 0 dropped, 17605 assembled, 85 frame_drops
[2026-08-05T04:05:29Z INFO  net_transport::video_receiver] Recv stats: 203000 packets, 0 dropped, 17635 assembled, 85 frame_drops
[2026-08-05T04:05:30Z INFO  net_transport::video_receiver] Recv stats: 203100 packets, 0 dropped, 17635 assembled, 85 frame_drops
[2026-08-05T04:05:30Z INFO  net_transport::video_receiver] Recv stats: 203200 packets, 0 dropped, 17635 assembled, 85 frame_drops
[2026-08-05T04:05:30Z INFO  remote_display_client] Decoded: 17580 frames, 56.9 fps, avg decode 1.6ms
[2026-08-05T04:05:30Z INFO  net_transport::video_receiver] Recv stats: 203300 packets, 0 dropped, 17650 assembled, 85 frame_drops
[2026-08-05T04:05:30Z INFO  net_transport::video_receiver] Recv stats: 203400 packets, 0 dropped, 17665 assembled, 85 frame_drops
[2026-08-05T04:05:30Z INFO  net_transport::video_receiver] Recv stats: 203500 packets, 0 dropped, 17665 assembled, 85 frame_drops
[2026-08-05T04:05:30Z INFO  net_transport::video_receiver] Recv stats: 203600 packets, 0 dropped, 17665 assembled, 85 frame_drops
[2026-08-05T04:05:31Z INFO  net_transport::video_receiver] Recv stats: 203700 packets, 0 dropped, 17695 assembled, 85 frame_drops
[2026-08-05T04:05:31Z INFO  net_transport::video_receiver] Recv stats: 203800 packets, 0 dropped, 17695 assembled, 85 frame_drops
[2026-08-05T04:05:31Z INFO  net_transport::video_receiver] Recv stats: 203900 packets, 0 dropped, 17695 assembled, 85 frame_drops
[2026-08-05T04:05:31Z INFO  remote_display_client] Decoded: 17640 frames, 56.9 fps, avg decode 1.6ms
[2026-08-05T04:05:31Z INFO  net_transport::video_receiver] Recv stats: 204000 packets, 0 dropped, 17725 assembled, 85 frame_drops
[2026-08-05T04:05:31Z INFO  net_transport::video_receiver] Recv stats: 204100 packets, 0 dropped, 17725 assembled, 85 frame_drops
[2026-08-05T04:05:31Z INFO  net_transport::video_receiver] Recv stats: 204200 packets, 0 dropped, 17725 assembled, 85 frame_drops
[2026-08-05T04:05:31Z INFO  net_transport::video_receiver] Recv stats: 204300 packets, 0 dropped, 17725 assembled, 85 frame_drops
[2026-08-05T04:05:32Z INFO  net_transport::video_receiver] Recv stats: 204400 packets, 0 dropped, 17755 assembled, 85 frame_drops
[2026-08-05T04:05:32Z INFO  net_transport::video_receiver] Recv stats: 204500 packets, 0 dropped, 17755 assembled, 85 frame_drops
[2026-08-05T04:05:32Z INFO  net_transport::video_receiver] Recv stats: 204600 packets, 0 dropped, 17755 assembled, 85 frame_drops
[2026-08-05T04:05:32Z INFO  remote_display_client] Decoded: 17700 frames, 56.9 fps, avg decode 1.6ms
[2026-08-05T04:05:32Z INFO  net_transport::video_receiver] Recv stats: 204700 packets, 0 dropped, 17785 assembled, 85 frame_drops
[2026-08-05T04:05:32Z INFO  net_transport::video_receiver] Recv stats: 204800 packets, 0 dropped, 17785 assembled, 85 frame_drops
[2026-08-05T04:05:32Z INFO  net_transport::video_receiver] Recv stats: 204900 packets, 0 dropped, 17785 assembled, 85 frame_drops
[2026-08-05T04:05:33Z INFO  net_transport::video_receiver] Recv stats: 205000 packets, 0 dropped, 17814 assembled, 86 frame_drops
[2026-08-05T04:05:33Z INFO  net_transport::video_receiver] Recv stats: 205100 packets, 0 dropped, 17814 assembled, 86 frame_drops
[2026-08-05T04:05:33Z INFO  net_transport::video_receiver] Recv stats: 205200 packets, 0 dropped, 17814 assembled, 86 frame_drops
[2026-08-05T04:05:33Z INFO  net_transport::video_receiver] Recv stats: 205300 packets, 0 dropped, 17814 assembled, 86 frame_drops
[2026-08-05T04:05:33Z INFO  remote_display_client] Decoded: 17760 frames, 56.9 fps, avg decode 1.6ms
[2026-08-05T04:05:33Z INFO  net_transport::video_receiver] Recv stats: 205400 packets, 0 dropped, 17844 assembled, 86 frame_drops
[2026-08-05T04:05:33Z INFO  net_transport::video_receiver] Recv stats: 205500 packets, 0 dropped, 17844 assembled, 86 frame_drops
[2026-08-05T04:05:33Z INFO  net_transport::video_receiver] Recv stats: 205600 packets, 0 dropped, 17844 assembled, 86 frame_drops
[2026-08-05T04:05:34Z INFO  net_transport::video_receiver] Recv stats: 205700 packets, 0 dropped, 17874 assembled, 86 frame_drops
[2026-08-05T04:05:34Z INFO  net_transport::video_receiver] Recv stats: 205800 packets, 0 dropped, 17874 assembled, 86 frame_drops
[2026-08-05T04:05:34Z INFO  net_transport::video_receiver] Recv stats: 205900 packets, 0 dropped, 17874 assembled, 86 frame_drops
[2026-08-05T04:05:34Z INFO  remote_display_client] Decoded: 17820 frames, 56.9 fps, avg decode 1.6ms
[2026-08-05T04:05:34Z INFO  net_transport::video_receiver] Recv stats: 206000 packets, 0 dropped, 17892 assembled, 86 frame_drops
[2026-08-05T04:05:34Z INFO  net_transport::video_receiver] Recv stats: 206100 packets, 0 dropped, 17904 assembled, 86 frame_drops
[2026-08-05T04:05:34Z INFO  net_transport::video_receiver] Recv stats: 206200 packets, 0 dropped, 17904 assembled, 86 frame_drops
[2026-08-05T04:05:34Z INFO  net_transport::video_receiver] Recv stats: 206300 packets, 0 dropped, 17904 assembled, 86 frame_drops
[2026-08-05T04:05:35Z INFO  net_transport::video_receiver] Recv stats: 206400 packets, 0 dropped, 17934 assembled, 86 frame_drops
[2026-08-05T04:05:35Z INFO  net_transport::video_receiver] Recv stats: 206500 packets, 0 dropped, 17934 assembled, 86 frame_drops
[2026-08-05T04:05:35Z INFO  net_transport::video_receiver] Recv stats: 206600 packets, 0 dropped, 17934 assembled, 86 frame_drops
[2026-08-05T04:05:35Z INFO  remote_display_client] Decoded: 17880 frames, 56.9 fps, avg decode 1.6ms
[2026-08-05T04:05:35Z INFO  net_transport::video_receiver] Recv stats: 206700 packets, 0 dropped, 17964 assembled, 86 frame_drops
[2026-08-05T04:05:35Z INFO  net_transport::video_receiver] Recv stats: 206800 packets, 0 dropped, 17964 assembled, 86 frame_drops
[2026-08-05T04:05:35Z INFO  net_transport::video_receiver] Recv stats: 206900 packets, 0 dropped, 17964 assembled, 86 frame_drops
[2026-08-05T04:05:35Z INFO  net_transport::video_receiver] Recv stats: 207000 packets, 0 dropped, 17964 assembled, 86 frame_drops
[2026-08-05T04:05:36Z INFO  net_transport::video_receiver] Recv stats: 207100 packets, 0 dropped, 17994 assembled, 86 frame_drops
[2026-08-05T04:05:36Z INFO  net_transport::video_receiver] Recv stats: 207200 packets, 0 dropped, 17994 assembled, 86 frame_drops
[2026-08-05T04:05:36Z INFO  net_transport::video_receiver] Recv stats: 207300 packets, 0 dropped, 17994 assembled, 86 frame_drops
[2026-08-05T04:05:36Z INFO  remote_display_client] Decoded: 17940 frames, 57.0 fps, avg decode 1.6ms
[2026-08-05T04:05:36Z INFO  net_transport::video_receiver] Recv stats: 207400 packets, 0 dropped, 18024 assembled, 86 frame_drops
[2026-08-05T04:05:36Z INFO  net_transport::video_receiver] Recv stats: 207500 packets, 0 dropped, 18024 assembled, 86 frame_drops
[2026-08-05T04:05:36Z INFO  net_transport::video_receiver] Recv stats: 207600 packets, 0 dropped, 18024 assembled, 86 frame_drops
[2026-08-05T04:05:36Z INFO  net_transport::video_receiver] Recv stats: 207700 packets, 0 dropped, 18024 assembled, 86 frame_drops
[2026-08-05T04:05:37Z INFO  net_transport::video_receiver] Recv stats: 207800 packets, 0 dropped, 18054 assembled, 86 frame_drops
[2026-08-05T04:05:37Z INFO  net_transport::video_receiver] Recv stats: 207900 packets, 0 dropped, 18054 assembled, 86 frame_drops
[2026-08-05T04:05:37Z INFO  net_transport::video_receiver] Recv stats: 208000 packets, 0 dropped, 18054 assembled, 86 frame_drops
[2026-08-05T04:05:37Z INFO  remote_display_client] Decoded: 18000 frames, 57.0 fps, avg decode 1.6ms
[2026-08-05T04:05:37Z INFO  net_transport::video_receiver] Recv stats: 208100 packets, 0 dropped, 18084 assembled, 86 frame_drops
[2026-08-05T04:05:37Z INFO  net_transport::video_receiver] Recv stats: 208200 packets, 0 dropped, 18084 assembled, 86 frame_drops
[2026-08-05T04:05:37Z INFO  net_transport::video_receiver] Recv stats: 208300 packets, 0 dropped, 18084 assembled, 86 frame_drops
[2026-08-05T04:05:37Z INFO  net_transport::video_receiver] Recv stats: 208400 packets, 0 dropped, 18086 assembled, 86 frame_drops
[2026-08-05T04:05:38Z INFO  net_transport::video_receiver] Recv stats: 208500 packets, 0 dropped, 18114 assembled, 86 frame_drops
[2026-08-05T04:05:38Z INFO  net_transport::video_receiver] Recv stats: 208600 packets, 0 dropped, 18114 assembled, 86 frame_drops
[2026-08-05T04:05:38Z INFO  net_transport::video_receiver] Recv stats: 208700 packets, 0 dropped, 18114 assembled, 86 frame_drops
[2026-08-05T04:05:38Z INFO  remote_display_client] Decoded: 18060 frames, 57.0 fps, avg decode 1.6ms
[2026-08-05T04:05:38Z INFO  net_transport::video_receiver] Recv stats: 208800 packets, 0 dropped, 18131 assembled, 86 frame_drops
[2026-08-05T04:05:38Z INFO  net_transport::video_receiver] Recv stats: 208900 packets, 0 dropped, 18144 assembled, 86 frame_drops
[2026-08-05T04:05:38Z INFO  net_transport::video_receiver] Recv stats: 209000 packets, 0 dropped, 18144 assembled, 86 frame_drops
[2026-08-05T04:05:38Z INFO  net_transport::video_receiver] Recv stats: 209100 packets, 0 dropped, 18144 assembled, 86 frame_drops
[2026-08-05T04:05:39Z INFO  net_transport::video_receiver] Recv stats: 209200 packets, 0 dropped, 18174 assembled, 86 frame_drops
[2026-08-05T04:05:39Z INFO  net_transport::video_receiver] Recv stats: 209300 packets, 0 dropped, 18174 assembled, 86 frame_drops
[2026-08-05T04:05:39Z INFO  net_transport::video_receiver] Recv stats: 209400 packets, 0 dropped, 18174 assembled, 86 frame_drops
[2026-08-05T04:05:39Z INFO  net_transport::video_receiver] Recv stats: 209500 packets, 0 dropped, 18174 assembled, 86 frame_drops
[2026-08-05T04:05:39Z INFO  remote_display_client] Decoded: 18120 frames, 57.0 fps, avg decode 1.6ms
[2026-08-05T04:05:39Z INFO  net_transport::video_receiver] Recv stats: 209600 packets, 0 dropped, 18204 assembled, 86 frame_drops
[2026-08-05T04:05:39Z INFO  net_transport::video_receiver] Recv stats: 209700 packets, 0 dropped, 18204 assembled, 86 frame_drops
[2026-08-05T04:05:39Z INFO  net_transport::video_receiver] Recv stats: 209800 packets, 0 dropped, 18204 assembled, 86 frame_drops
[2026-08-05T04:05:40Z INFO  net_transport::video_receiver] Recv stats: 209900 packets, 0 dropped, 18234 assembled, 86 frame_drops
[2026-08-05T04:05:40Z INFO  net_transport::video_receiver] Recv stats: 210000 packets, 0 dropped, 18234 assembled, 86 frame_drops
[2026-08-05T04:05:40Z INFO  net_transport::video_receiver] Recv stats: 210100 packets, 0 dropped, 18234 assembled, 86 frame_drops
[2026-08-05T04:05:40Z INFO  remote_display_client] Decoded: 18180 frames, 57.0 fps, avg decode 1.6ms
[2026-08-05T04:05:40Z INFO  net_transport::video_receiver] Recv stats: 210200 packets, 0 dropped, 18242 assembled, 86 frame_drops
[2026-08-05T04:05:40Z INFO  net_transport::video_receiver] Recv stats: 210300 packets, 0 dropped, 18264 assembled, 86 frame_drops
[2026-08-05T04:05:40Z INFO  net_transport::video_receiver] Recv stats: 210400 packets, 0 dropped, 18264 assembled, 86 frame_drops
[2026-08-05T04:05:40Z INFO  net_transport::video_receiver] Recv stats: 210500 packets, 0 dropped, 18264 assembled, 86 frame_drops
[2026-08-05T04:05:41Z INFO  net_transport::video_receiver] Recv stats: 210600 packets, 0 dropped, 18293 assembled, 87 frame_drops
[2026-08-05T04:05:41Z INFO  net_transport::video_receiver] Recv stats: 210700 packets, 0 dropped, 18293 assembled, 87 frame_drops
[2026-08-05T04:05:41Z INFO  net_transport::video_receiver] Recv stats: 210800 packets, 0 dropped, 18293 assembled, 87 frame_drops
[2026-08-05T04:05:41Z INFO  remote_display_client] Decoded: 18240 frames, 57.0 fps, avg decode 1.6ms
[2026-08-05T04:05:41Z INFO  net_transport::video_receiver] Recv stats: 210900 packets, 0 dropped, 18299 assembled, 87 frame_drops
[2026-08-05T04:05:41Z INFO  net_transport::video_receiver] Recv stats: 211000 packets, 0 dropped, 18323 assembled, 87 frame_drops
[2026-08-05T04:05:41Z INFO  net_transport::video_receiver] Recv stats: 211100 packets, 0 dropped, 18323 assembled, 87 frame_drops
[2026-08-05T04:05:41Z INFO  net_transport::video_receiver] Recv stats: 211200 packets, 0 dropped, 18323 assembled, 87 frame_drops
[2026-08-05T04:05:42Z INFO  net_transport::video_receiver] Recv stats: 211300 packets, 0 dropped, 18353 assembled, 87 frame_drops
[2026-08-05T04:05:42Z INFO  net_transport::video_receiver] Recv stats: 211400 packets, 0 dropped, 18353 assembled, 87 frame_drops
[2026-08-05T04:05:42Z INFO  net_transport::video_receiver] Recv stats: 211500 packets, 0 dropped, 18353 assembled, 87 frame_drops
[2026-08-05T04:05:42Z INFO  remote_display_client] Decoded: 18300 frames, 57.0 fps, avg decode 1.6ms
[2026-08-05T04:05:42Z INFO  net_transport::video_receiver] Recv stats: 211600 packets, 0 dropped, 18364 assembled, 87 frame_drops
[2026-08-05T04:05:42Z INFO  net_transport::video_receiver] Recv stats: 211700 packets, 0 dropped, 18383 assembled, 87 frame_drops
[2026-08-05T04:05:43Z INFO  net_transport::video_receiver] Recv stats: 211800 packets, 0 dropped, 18383 assembled, 87 frame_drops
[2026-08-05T04:05:43Z INFO  net_transport::video_receiver] Recv stats: 211900 packets, 0 dropped, 18383 assembled, 87 frame_drops
[2026-08-05T04:05:43Z INFO  net_transport::video_receiver] Recv stats: 212000 packets, 0 dropped, 18413 assembled, 87 frame_drops
[2026-08-05T04:05:43Z INFO  net_transport::video_receiver] Recv stats: 212100 packets, 0 dropped, 18413 assembled, 87 frame_drops
[2026-08-05T04:05:43Z INFO  net_transport::video_receiver] Recv stats: 212200 packets, 0 dropped, 18413 assembled, 87 frame_drops
[2026-08-05T04:05:43Z INFO  net_transport::video_receiver] Recv stats: 212300 packets, 0 dropped, 18413 assembled, 87 frame_drops
[2026-08-05T04:05:43Z INFO  remote_display_client] Decoded: 18360 frames, 57.0 fps, avg decode 1.6ms
[2026-08-05T04:05:43Z INFO  net_transport::video_receiver] Recv stats: 212400 packets, 0 dropped, 18425 assembled, 87 frame_drops
[2026-08-05T04:05:43Z INFO  net_transport::video_receiver] Recv stats: 212500 packets, 0 dropped, 18439 assembled, 87 frame_drops
[2026-08-05T04:05:44Z INFO  net_transport::video_receiver] Recv stats: 212600 packets, 0 dropped, 18443 assembled, 87 frame_drops
[2026-08-05T04:05:44Z INFO  net_transport::video_receiver] Recv stats: 212700 packets, 0 dropped, 18443 assembled, 87 frame_drops
[2026-08-05T04:05:44Z INFO  net_transport::video_receiver] Recv stats: 212800 packets, 0 dropped, 18462 assembled, 87 frame_drops
[2026-08-05T04:05:44Z INFO  net_transport::video_receiver] Recv stats: 212900 packets, 0 dropped, 18473 assembled, 87 frame_drops
[2026-08-05T04:05:44Z INFO  net_transport::video_receiver] Recv stats: 213000 packets, 0 dropped, 18473 assembled, 87 frame_drops
[2026-08-05T04:05:44Z INFO  remote_display_client] Decoded: 18420 frames, 57.0 fps, avg decode 1.6ms
[2026-08-05T04:05:45Z INFO  net_transport::video_receiver] Recv stats: 213100 packets, 0 dropped, 18503 assembled, 87 frame_drops
[2026-08-05T04:05:45Z INFO  net_transport::video_receiver] Recv stats: 213200 packets, 0 dropped, 18503 assembled, 87 frame_drops
[2026-08-05T04:05:45Z INFO  net_transport::video_receiver] Recv stats: 213300 packets, 0 dropped, 18533 assembled, 87 frame_drops
[2026-08-05T04:05:45Z INFO  net_transport::video_receiver] Recv stats: 213400 packets, 0 dropped, 18533 assembled, 87 frame_drops
[2026-08-05T04:05:45Z INFO  remote_display_client] Decoded: 18480 frames, 57.0 fps, avg decode 1.6ms
[2026-08-05T04:05:45Z INFO  net_transport::video_receiver] Recv stats: 213500 packets, 0 dropped, 18548 assembled, 87 frame_drops
[2026-08-05T04:05:46Z INFO  net_transport::video_receiver] Recv stats: 213600 packets, 0 dropped, 18563 assembled, 87 frame_drops
[2026-08-05T04:05:46Z INFO  net_transport::video_receiver] Recv stats: 213700 packets, 0 dropped, 18563 assembled, 87 frame_drops
[2026-08-05T04:05:46Z INFO  net_transport::video_receiver] Recv stats: 213800 packets, 0 dropped, 18593 assembled, 87 frame_drops
[2026-08-05T04:05:46Z INFO  net_transport::video_receiver] Recv stats: 213900 packets, 0 dropped, 18593 assembled, 87 frame_drops
[2026-08-05T04:05:46Z INFO  remote_display_client] Decoded: 18540 frames, 57.0 fps, avg decode 1.6ms
[2026-08-05T04:05:47Z INFO  net_transport::video_receiver] Recv stats: 214000 packets, 0 dropped, 18623 assembled, 87 frame_drops
[2026-08-05T04:05:47Z INFO  net_transport::video_receiver] Recv stats: 214100 packets, 0 dropped, 18623 assembled, 87 frame_drops
[2026-08-05T04:05:47Z INFO  net_transport::video_receiver] Recv stats: 214200 packets, 0 dropped, 18631 assembled, 87 frame_drops
[2026-08-05T04:05:47Z INFO  net_transport::video_receiver] Recv stats: 214300 packets, 0 dropped, 18653 assembled, 87 frame_drops
[2026-08-05T04:05:47Z INFO  net_transport::video_receiver] Recv stats: 214400 packets, 0 dropped, 18653 assembled, 87 frame_drops
[2026-08-05T04:05:47Z INFO  remote_display_client] Decoded: 18600 frames, 57.0 fps, avg decode 1.6ms
[2026-08-05T04:05:48Z INFO  net_transport::video_receiver] Recv stats: 214500 packets, 0 dropped, 18683 assembled, 87 frame_drops
[2026-08-05T04:05:48Z INFO  net_transport::video_receiver] Recv stats: 214600 packets, 0 dropped, 18683 assembled, 87 frame_drops
[2026-08-05T04:05:48Z INFO  net_transport::video_receiver] Recv stats: 214700 packets, 0 dropped, 18686 assembled, 87 frame_drops
[2026-08-05T04:05:48Z INFO  net_transport::video_receiver] Recv stats: 214800 packets, 0 dropped, 18686 assembled, 87 frame_drops
[2026-08-05T04:05:48Z INFO  net_transport::video_receiver] Recv stats: 214900 packets, 0 dropped, 18687 assembled, 87 frame_drops
[2026-08-05T04:05:48Z INFO  net_transport::video_receiver] Recv stats: 215000 packets, 0 dropped, 18689 assembled, 87 frame_drops
[2026-08-05T04:05:48Z INFO  net_transport::video_receiver] Recv stats: 215100 packets, 0 dropped, 18700 assembled, 87 frame_drops
[2026-08-05T04:05:48Z INFO  net_transport::video_receiver] Recv stats: 215200 packets, 0 dropped, 18712 assembled, 87 frame_drops
[2026-08-05T04:05:48Z INFO  net_transport::video_receiver] Recv stats: 215300 packets, 0 dropped, 18713 assembled, 87 frame_drops
[2026-08-05T04:05:48Z INFO  net_transport::video_receiver] Recv stats: 215400 packets, 0 dropped, 18713 assembled, 87 frame_drops
[2026-08-05T04:05:48Z INFO  net_transport::video_receiver] Recv stats: 215500 packets, 0 dropped, 18716 assembled, 87 frame_drops
[2026-08-05T04:05:48Z INFO  remote_display_client] Decoded: 18660 frames, 57.0 fps, avg decode 1.6ms
[2026-08-05T04:05:49Z INFO  net_transport::video_receiver] Recv stats: 215600 packets, 0 dropped, 18743 assembled, 87 frame_drops
[2026-08-05T04:05:49Z INFO  net_transport::video_receiver] Recv stats: 215700 packets, 0 dropped, 18743 assembled, 87 frame_drops
[2026-08-05T04:05:49Z INFO  net_transport::video_receiver] Recv stats: 215800 packets, 0 dropped, 18743 assembled, 87 frame_drops
[2026-08-05T04:05:49Z INFO  net_transport::video_receiver] Recv stats: 215900 packets, 0 dropped, 18773 assembled, 87 frame_drops
[2026-08-05T04:05:49Z INFO  net_transport::video_receiver] Recv stats: 216000 packets, 0 dropped, 18773 assembled, 87 frame_drops
[2026-08-05T04:05:49Z INFO  net_transport::video_receiver] Recv stats: 216100 packets, 0 dropped, 18773 assembled, 87 frame_drops
[2026-08-05T04:05:49Z INFO  net_transport::video_receiver] Recv stats: 216200 packets, 0 dropped, 18773 assembled, 87 frame_drops
[2026-08-05T04:05:49Z INFO  remote_display_client] Decoded: 18720 frames, 57.0 fps, avg decode 1.6ms
[2026-08-05T04:05:50Z INFO  net_transport::video_receiver] Recv stats: 216300 packets, 0 dropped, 18803 assembled, 87 frame_drops
[2026-08-05T04:05:50Z INFO  net_transport::video_receiver] Recv stats: 216400 packets, 0 dropped, 18803 assembled, 87 frame_drops
[2026-08-05T04:05:50Z INFO  net_transport::video_receiver] Recv stats: 216500 packets, 0 dropped, 18820 assembled, 88 frame_drops
[2026-08-05T04:05:50Z INFO  net_transport::video_receiver] Recv stats: 216600 packets, 0 dropped, 18832 assembled, 88 frame_drops
[2026-08-05T04:05:50Z INFO  net_transport::video_receiver] Recv stats: 216700 packets, 0 dropped, 18832 assembled, 88 frame_drops
[2026-08-05T04:05:50Z INFO  net_transport::video_receiver] Recv stats: 216800 packets, 0 dropped, 18832 assembled, 88 frame_drops
[2026-08-05T04:05:50Z INFO  remote_display_client] Decoded: 18780 frames, 57.0 fps, avg decode 1.6ms
[2026-08-05T04:05:51Z INFO  net_transport::video_receiver] Recv stats: 216900 packets, 0 dropped, 18862 assembled, 88 frame_drops
[2026-08-05T04:05:51Z INFO  net_transport::video_receiver] Recv stats: 217000 packets, 0 dropped, 18862 assembled, 88 frame_drops
[2026-08-05T04:05:51Z INFO  net_transport::video_receiver] Recv stats: 217100 packets, 0 dropped, 18862 assembled, 88 frame_drops
[2026-08-05T04:05:51Z INFO  net_transport::video_receiver] Recv stats: 217200 packets, 0 dropped, 18892 assembled, 88 frame_drops
[2026-08-05T04:05:51Z INFO  net_transport::video_receiver] Recv stats: 217300 packets, 0 dropped, 18892 assembled, 88 frame_drops
[2026-08-05T04:05:51Z INFO  net_transport::video_receiver] Recv stats: 217400 packets, 0 dropped, 18892 assembled, 88 frame_drops
[2026-08-05T04:05:51Z INFO  net_transport::video_receiver] Recv stats: 217500 packets, 0 dropped, 18892 assembled, 88 frame_drops
[2026-08-05T04:05:52Z INFO  net_transport::video_receiver] Recv stats: 217600 packets, 0 dropped, 18922 assembled, 88 frame_drops
[2026-08-05T04:05:52Z INFO  net_transport::video_receiver] Recv stats: 217700 packets, 0 dropped, 18922 assembled, 88 frame_drops
[2026-08-05T04:05:52Z INFO  net_transport::video_receiver] Recv stats: 217800 packets, 0 dropped, 18922 assembled, 88 frame_drops
[2026-08-05T04:05:52Z INFO  net_transport::video_receiver] Recv stats: 217900 packets, 0 dropped, 18952 assembled, 88 frame_drops
[2026-08-05T04:05:52Z INFO  net_transport::video_receiver] Recv stats: 218000 packets, 0 dropped, 18952 assembled, 88 frame_drops
[2026-08-05T04:05:52Z INFO  net_transport::video_receiver] Recv stats: 218100 packets, 0 dropped, 18952 assembled, 88 frame_drops
[2026-08-05T04:05:52Z INFO  remote_display_client] Decoded: 18900 frames, 57.0 fps, avg decode 1.6ms
[2026-08-05T04:05:53Z INFO  net_transport::video_receiver] Recv stats: 218200 packets, 0 dropped, 18960 assembled, 88 frame_drops
[2026-08-05T04:05:53Z INFO  net_transport::video_receiver] Recv stats: 218300 packets, 0 dropped, 18982 assembled, 88 frame_drops
[2026-08-05T04:05:53Z INFO  net_transport::video_receiver] Recv stats: 218400 packets, 0 dropped, 18982 assembled, 88 frame_drops
[2026-08-05T04:05:53Z INFO  net_transport::video_receiver] Recv stats: 218500 packets, 0 dropped, 18982 assembled, 88 frame_drops
[2026-08-05T04:05:53Z INFO  net_transport::video_receiver] Recv stats: 218600 packets, 0 dropped, 19012 assembled, 88 frame_drops
[2026-08-05T04:05:53Z INFO  net_transport::video_receiver] Recv stats: 218700 packets, 0 dropped, 19012 assembled, 88 frame_drops
[2026-08-05T04:05:53Z INFO  net_transport::video_receiver] Recv stats: 218800 packets, 0 dropped, 19012 assembled, 88 frame_drops
[2026-08-05T04:05:54Z INFO  remote_display_client] Decoded: 18960 frames, 57.0 fps, avg decode 1.6ms
[2026-08-05T04:05:54Z INFO  net_transport::video_receiver] Recv stats: 218900 packets, 0 dropped, 19018 assembled, 88 frame_drops
[2026-08-05T04:05:54Z INFO  net_transport::video_receiver] Recv stats: 219000 packets, 0 dropped, 19042 assembled, 88 frame_drops
[2026-08-05T04:05:54Z INFO  net_transport::video_receiver] Recv stats: 219100 packets, 0 dropped, 19042 assembled, 88 frame_drops
[2026-08-05T04:05:54Z INFO  net_transport::video_receiver] Recv stats: 219200 packets, 0 dropped, 19042 assembled, 88 frame_drops
[2026-08-05T04:05:55Z INFO  net_transport::video_receiver] Recv stats: 219300 packets, 0 dropped, 19072 assembled, 88 frame_drops
[2026-08-05T04:05:55Z INFO  net_transport::video_receiver] Recv stats: 219400 packets, 0 dropped, 19072 assembled, 88 frame_drops
[2026-08-05T04:05:55Z INFO  net_transport::video_receiver] Recv stats: 219500 packets, 0 dropped, 19072 assembled, 88 frame_drops
[2026-08-05T04:05:55Z INFO  remote_display_client] Decoded: 19020 frames, 57.0 fps, avg decode 1.6ms
[2026-08-05T04:05:55Z INFO  net_transport::video_receiver] Recv stats: 219600 packets, 0 dropped, 19096 assembled, 88 frame_drops
[2026-08-05T04:05:55Z INFO  net_transport::video_receiver] Recv stats: 219700 packets, 0 dropped, 19102 assembled, 88 frame_drops
[2026-08-05T04:05:55Z INFO  net_transport::video_receiver] Recv stats: 219800 packets, 0 dropped, 19102 assembled, 88 frame_drops
[2026-08-05T04:05:55Z INFO  net_transport::video_receiver] Recv stats: 219900 packets, 0 dropped, 19102 assembled, 88 frame_drops
[2026-08-05T04:05:56Z INFO  net_transport::video_receiver] Recv stats: 220000 packets, 0 dropped, 19132 assembled, 88 frame_drops
[2026-08-05T04:05:56Z INFO  net_transport::video_receiver] Recv stats: 220100 packets, 0 dropped, 19132 assembled, 88 frame_drops
[2026-08-05T04:05:56Z INFO  net_transport::video_receiver] Recv stats: 220200 packets, 0 dropped, 19132 assembled, 88 frame_drops
[2026-08-05T04:05:56Z INFO  remote_display_client] Decoded: 19080 frames, 57.0 fps, avg decode 1.6ms
[2026-08-05T04:05:56Z INFO  net_transport::video_receiver] Recv stats: 220300 packets, 0 dropped, 19162 assembled, 88 frame_drops
[2026-08-05T04:05:56Z INFO  net_transport::video_receiver] Recv stats: 220400 packets, 0 dropped, 19162 assembled, 88 frame_drops
[2026-08-05T04:05:56Z INFO  net_transport::video_receiver] Recv stats: 220500 packets, 0 dropped, 19162 assembled, 88 frame_drops
[2026-08-05T04:05:56Z INFO  net_transport::video_receiver] Recv stats: 220600 packets, 0 dropped, 19163 assembled, 88 frame_drops
[2026-08-05T04:05:57Z INFO  net_transport::video_receiver] Recv stats: 220700 packets, 0 dropped, 19192 assembled, 88 frame_drops
[2026-08-05T04:05:57Z INFO  net_transport::video_receiver] Recv stats: 220800 packets, 0 dropped, 19192 assembled, 88 frame_drops
[2026-08-05T04:05:57Z INFO  net_transport::video_receiver] Recv stats: 220900 packets, 0 dropped, 19192 assembled, 88 frame_drops
[2026-08-05T04:05:57Z INFO  remote_display_client] Decoded: 19140 frames, 57.0 fps, avg decode 1.6ms
[2026-08-05T04:05:57Z INFO  net_transport::video_receiver] Recv stats: 221000 packets, 0 dropped, 19222 assembled, 88 frame_drops
[2026-08-05T04:05:57Z INFO  net_transport::video_receiver] Recv stats: 221100 packets, 0 dropped, 19222 assembled, 88 frame_drops
[2026-08-05T04:05:57Z INFO  net_transport::video_receiver] Recv stats: 221200 packets, 0 dropped, 19222 assembled, 88 frame_drops
[2026-08-05T04:05:57Z INFO  net_transport::video_receiver] Recv stats: 221300 packets, 0 dropped, 19241 assembled, 88 frame_drops
[2026-08-05T04:05:58Z INFO  net_transport::video_receiver] Recv stats: 221400 packets, 0 dropped, 19252 assembled, 88 frame_drops
[2026-08-05T04:05:58Z INFO  net_transport::video_receiver] Recv stats: 221500 packets, 0 dropped, 19252 assembled, 88 frame_drops
[2026-08-05T04:05:58Z INFO  net_transport::video_receiver] Recv stats: 221600 packets, 0 dropped, 19252 assembled, 88 frame_drops
[2026-08-05T04:05:58Z INFO  remote_display_client] Decoded: 19200 frames, 57.0 fps, avg decode 1.6ms
[2026-08-05T04:05:58Z INFO  net_transport::video_receiver] Recv stats: 221700 packets, 0 dropped, 19282 assembled, 88 frame_drops
[2026-08-05T04:05:58Z INFO  net_transport::video_receiver] Recv stats: 221800 packets, 0 dropped, 19282 assembled, 88 frame_drops
[2026-08-05T04:05:58Z INFO  net_transport::video_receiver] Recv stats: 221900 packets, 0 dropped, 19282 assembled, 88 frame_drops
[2026-08-05T04:05:59Z INFO  net_transport::video_receiver] Recv stats: 222000 packets, 0 dropped, 19312 assembled, 88 frame_drops
[2026-08-05T04:05:59Z INFO  net_transport::video_receiver] Recv stats: 222100 packets, 0 dropped, 19312 assembled, 88 frame_drops
[2026-08-05T04:05:59Z INFO  net_transport::video_receiver] Recv stats: 222200 packets, 0 dropped, 19312 assembled, 88 frame_drops
[2026-08-05T04:05:59Z INFO  remote_display_client] Decoded: 19260 frames, 57.0 fps, avg decode 1.6ms
[2026-08-05T04:05:59Z INFO  net_transport::video_receiver] Recv stats: 222300 packets, 0 dropped, 19341 assembled, 89 frame_drops
[2026-08-05T04:05:59Z INFO  net_transport::video_receiver] Recv stats: 222400 packets, 0 dropped, 19341 assembled, 89 frame_drops
[2026-08-05T04:05:59Z INFO  net_transport::video_receiver] Recv stats: 222500 packets, 0 dropped, 19341 assembled, 89 frame_drops
[2026-08-05T04:06:00Z INFO  net_transport::video_receiver] Recv stats: 222600 packets, 0 dropped, 19370 assembled, 90 frame_drops
[2026-08-05T04:06:00Z INFO  net_transport::video_receiver] Recv stats: 222700 packets, 0 dropped, 19370 assembled, 90 frame_drops
[2026-08-05T04:06:00Z INFO  net_transport::video_receiver] Recv stats: 222800 packets, 0 dropped, 19370 assembled, 90 frame_drops
[2026-08-05T04:06:00Z INFO  remote_display_client] Decoded: 19320 frames, 57.0 fps, avg decode 1.6ms
[2026-08-05T04:06:00Z INFO  net_transport::video_receiver] Recv stats: 222900 packets, 0 dropped, 19381 assembled, 90 frame_drops
[2026-08-05T04:06:00Z INFO  net_transport::video_receiver] Recv stats: 223000 packets, 0 dropped, 19400 assembled, 90 frame_drops
[2026-08-05T04:06:00Z INFO  net_transport::video_receiver] Recv stats: 223100 packets, 0 dropped, 19400 assembled, 90 frame_drops
[2026-08-05T04:06:00Z INFO  net_transport::video_receiver] Recv stats: 223200 packets, 0 dropped, 19400 assembled, 90 frame_drops
[2026-08-05T04:06:01Z INFO  net_transport::video_receiver] Recv stats: 223300 packets, 0 dropped, 19430 assembled, 90 frame_drops
[2026-08-05T04:06:01Z INFO  net_transport::video_receiver] Recv stats: 223400 packets, 0 dropped, 19430 assembled, 90 frame_drops
[2026-08-05T04:06:01Z INFO  net_transport::video_receiver] Recv stats: 223500 packets, 0 dropped, 19430 assembled, 90 frame_drops
[2026-08-05T04:06:01Z INFO  remote_display_client] Decoded: 19380 frames, 57.0 fps, avg decode 1.6ms
[2026-08-05T04:06:01Z INFO  net_transport::video_receiver] Recv stats: 223600 packets, 0 dropped, 19459 assembled, 90 frame_drops
[2026-08-05T04:06:01Z INFO  net_transport::video_receiver] Recv stats: 223700 packets, 0 dropped, 19460 assembled, 90 frame_drops
[2026-08-05T04:06:01Z INFO  net_transport::video_receiver] Recv stats: 223800 packets, 0 dropped, 19460 assembled, 90 frame_drops
[2026-08-05T04:06:01Z INFO  net_transport::video_receiver] Recv stats: 223900 packets, 0 dropped, 19460 assembled, 90 frame_drops
[2026-08-05T04:06:02Z INFO  net_transport::video_receiver] Recv stats: 224000 packets, 0 dropped, 19490 assembled, 90 frame_drops
[2026-08-05T04:06:02Z INFO  net_transport::video_receiver] Recv stats: 224100 packets, 0 dropped, 19490 assembled, 90 frame_drops
[2026-08-05T04:06:02Z INFO  net_transport::video_receiver] Recv stats: 224200 packets, 0 dropped, 19490 assembled, 90 frame_drops
[2026-08-05T04:06:02Z INFO  remote_display_client] Decoded: 19440 frames, 57.0 fps, avg decode 1.6ms
[2026-08-05T04:06:02Z INFO  net_transport::video_receiver] Recv stats: 224300 packets, 0 dropped, 19520 assembled, 90 frame_drops
[2026-08-05T04:06:02Z INFO  net_transport::video_receiver] Recv stats: 224400 packets, 0 dropped, 19520 assembled, 90 frame_drops
[2026-08-05T04:06:02Z INFO  net_transport::video_receiver] Recv stats: 224500 packets, 0 dropped, 19520 assembled, 90 frame_drops
[2026-08-05T04:06:02Z INFO  net_transport::video_receiver] Recv stats: 224600 packets, 0 dropped, 19526 assembled, 90 frame_drops
[2026-08-05T04:06:03Z INFO  net_transport::video_receiver] Recv stats: 224700 packets, 0 dropped, 19550 assembled, 90 frame_drops
[2026-08-05T04:06:03Z INFO  net_transport::video_receiver] Recv stats: 224800 packets, 0 dropped, 19550 assembled, 90 frame_drops
[2026-08-05T04:06:03Z INFO  net_transport::video_receiver] Recv stats: 224900 packets, 0 dropped, 19550 assembled, 90 frame_drops
[2026-08-05T04:06:03Z INFO  remote_display_client] Decoded: 19500 frames, 57.0 fps, avg decode 1.6ms
[2026-08-05T04:06:03Z INFO  net_transport::video_receiver] Recv stats: 225000 packets, 0 dropped, 19580 assembled, 90 frame_drops
[2026-08-05T04:06:03Z INFO  net_transport::video_receiver] Recv stats: 225100 packets, 0 dropped, 19580 assembled, 90 frame_drops
[2026-08-05T04:06:03Z INFO  net_transport::video_receiver] Recv stats: 225200 packets, 0 dropped, 19580 assembled, 90 frame_drops
[2026-08-05T04:06:04Z INFO  net_transport::video_receiver] Recv stats: 225300 packets, 0 dropped, 19604 assembled, 90 frame_drops
[2026-08-05T04:06:04Z INFO  net_transport::video_receiver] Recv stats: 225400 packets, 0 dropped, 19610 assembled, 90 frame_drops
[2026-08-05T04:06:04Z INFO  net_transport::video_receiver] Recv stats: 225500 packets, 0 dropped, 19610 assembled, 90 frame_drops
[2026-08-05T04:06:04Z INFO  net_transport::video_receiver] Recv stats: 225600 packets, 0 dropped, 19610 assembled, 90 frame_drops
[2026-08-05T04:06:04Z INFO  remote_display_client] Decoded: 19560 frames, 57.0 fps, avg decode 1.6ms
[2026-08-05T04:06:04Z INFO  net_transport::video_receiver] Recv stats: 225700 packets, 0 dropped, 19640 assembled, 90 frame_drops
[2026-08-05T04:06:04Z INFO  net_transport::video_receiver] Recv stats: 225800 packets, 0 dropped, 19640 assembled, 90 frame_drops
[2026-08-05T04:06:04Z INFO  net_transport::video_receiver] Recv stats: 225900 packets, 0 dropped, 19640 assembled, 90 frame_drops
[2026-08-05T04:06:05Z INFO  net_transport::video_receiver] Recv stats: 226000 packets, 0 dropped, 19670 assembled, 90 frame_drops
[2026-08-05T04:06:05Z INFO  net_transport::video_receiver] Recv stats: 226100 packets, 0 dropped, 19670 assembled, 90 frame_drops
[2026-08-05T04:06:05Z INFO  net_transport::video_receiver] Recv stats: 226200 packets, 0 dropped, 19670 assembled, 90 frame_drops
[2026-08-05T04:06:05Z INFO  net_transport::video_receiver] Recv stats: 226300 packets, 0 dropped, 19671 assembled, 90 frame_drops
[2026-08-05T04:06:05Z INFO  remote_display_client] Decoded: 19620 frames, 57.0 fps, avg decode 1.6ms
[2026-08-05T04:06:05Z INFO  net_transport::video_receiver] Recv stats: 226400 packets, 0 dropped, 19700 assembled, 90 frame_drops
[2026-08-05T04:06:05Z INFO  net_transport::video_receiver] Recv stats: 226500 packets, 0 dropped, 19700 assembled, 90 frame_drops
[2026-08-05T04:06:05Z INFO  net_transport::video_receiver] Recv stats: 226600 packets, 0 dropped, 19700 assembled, 90 frame_drops
[2026-08-05T04:06:06Z INFO  net_transport::video_receiver] Recv stats: 226700 packets, 0 dropped, 19730 assembled, 90 frame_drops
[2026-08-05T04:06:06Z INFO  net_transport::video_receiver] Recv stats: 226800 packets, 0 dropped, 19730 assembled, 90 frame_drops
[2026-08-05T04:06:06Z INFO  net_transport::video_receiver] Recv stats: 226900 packets, 0 dropped, 19730 assembled, 90 frame_drops
[2026-08-05T04:06:06Z INFO  remote_display_client] Decoded: 19680 frames, 57.0 fps, avg decode 1.6ms
[2026-08-05T04:06:06Z INFO  net_transport::video_receiver] Recv stats: 227000 packets, 0 dropped, 19749 assembled, 90 frame_drops
[2026-08-05T04:06:06Z INFO  net_transport::video_receiver] Recv stats: 227100 packets, 0 dropped, 19760 assembled, 90 frame_drops
[2026-08-05T04:06:06Z INFO  net_transport::video_receiver] Recv stats: 227200 packets, 0 dropped, 19760 assembled, 90 frame_drops
[2026-08-05T04:06:06Z INFO  net_transport::video_receiver] Recv stats: 227300 packets, 0 dropped, 19760 assembled, 90 frame_drops
[2026-08-05T04:06:07Z INFO  net_transport::video_receiver] Recv stats: 227400 packets, 0 dropped, 19790 assembled, 90 frame_drops
[2026-08-05T04:06:07Z INFO  net_transport::video_receiver] Recv stats: 227500 packets, 0 dropped, 19790 assembled, 90 frame_drops
[2026-08-05T04:06:07Z INFO  net_transport::video_receiver] Recv stats: 227600 packets, 0 dropped, 19790 assembled, 90 frame_drops
[2026-08-05T04:06:07Z INFO  remote_display_client] Decoded: 19740 frames, 57.0 fps, avg decode 1.6ms
[2026-08-05T04:06:07Z INFO  net_transport::video_receiver] Recv stats: 227700 packets, 0 dropped, 19820 assembled, 90 frame_drops
[2026-08-05T04:06:07Z INFO  net_transport::video_receiver] Recv stats: 227800 packets, 0 dropped, 19820 assembled, 90 frame_drops
[2026-08-05T04:06:07Z INFO  net_transport::video_receiver] Recv stats: 227900 packets, 0 dropped, 19820 assembled, 90 frame_drops
[2026-08-05T04:06:07Z INFO  net_transport::video_receiver] Recv stats: 228000 packets, 0 dropped, 19820 assembled, 90 frame_drops
[2026-08-05T04:06:08Z INFO  net_transport::video_receiver] Recv stats: 228100 packets, 0 dropped, 19850 assembled, 90 frame_drops
[2026-08-05T04:06:08Z INFO  net_transport::video_receiver] Recv stats: 228200 packets, 0 dropped, 19850 assembled, 90 frame_drops
[2026-08-05T04:06:08Z INFO  net_transport::video_receiver] Recv stats: 228300 packets, 0 dropped, 19850 assembled, 90 frame_drops
[2026-08-05T04:06:08Z INFO  remote_display_client] Decoded: 19800 frames, 57.0 fps, avg decode 1.6ms
[2026-08-05T04:06:09Z INFO  net_transport::video_receiver] Recv stats: 228400 packets, 0 dropped, 19880 assembled, 90 frame_drops
[2026-08-05T04:06:09Z INFO  net_transport::video_receiver] Recv stats: 228500 packets, 0 dropped, 19880 assembled, 90 frame_drops
[2026-08-05T04:06:09Z INFO  net_transport::video_receiver] Recv stats: 228600 packets, 0 dropped, 19880 assembled, 90 frame_drops
[2026-08-05T04:06:09Z INFO  net_transport::video_receiver] Recv stats: 228700 packets, 0 dropped, 19894 assembled, 90 frame_drops
[2026-08-05T04:06:09Z INFO  net_transport::video_receiver] Recv stats: 228800 packets, 0 dropped, 19910 assembled, 90 frame_drops
[2026-08-05T04:06:09Z INFO  net_transport::video_receiver] Recv stats: 228900 packets, 0 dropped, 19910 assembled, 90 frame_drops
[2026-08-05T04:06:09Z INFO  net_transport::video_receiver] Recv stats: 229000 packets, 0 dropped, 19910 assembled, 90 frame_drops
[2026-08-05T04:06:09Z INFO  remote_display_client] Decoded: 19860 frames, 57.0 fps, avg decode 1.6ms
[2026-08-05T04:06:10Z INFO  net_transport::video_receiver] Recv stats: 229100 packets, 0 dropped, 19940 assembled, 90 frame_drops
[2026-08-05T04:06:10Z INFO  net_transport::video_receiver] Recv stats: 229200 packets, 0 dropped, 19940 assembled, 90 frame_drops
[2026-08-05T04:06:10Z INFO  net_transport::video_receiver] Recv stats: 229300 packets, 0 dropped, 19940 assembled, 90 frame_drops
[2026-08-05T04:06:10Z INFO  net_transport::video_receiver] Recv stats: 229400 packets, 0 dropped, 19970 assembled, 90 frame_drops
[2026-08-05T04:06:10Z INFO  net_transport::video_receiver] Recv stats: 229500 packets, 0 dropped, 19970 assembled, 90 frame_drops
[2026-08-05T04:06:10Z INFO  net_transport::video_receiver] Recv stats: 229600 packets, 0 dropped, 19970 assembled, 90 frame_drops
[2026-08-05T04:06:10Z INFO  net_transport::video_receiver] Recv stats: 229700 packets, 0 dropped, 19970 assembled, 90 frame_drops
[2026-08-05T04:06:10Z INFO  remote_display_client] Decoded: 19920 frames, 57.0 fps, avg decode 1.6ms
[2026-08-05T04:06:11Z INFO  net_transport::video_receiver] Recv stats: 229800 packets, 0 dropped, 20000 assembled, 90 frame_drops
[2026-08-05T04:06:11Z INFO  net_transport::video_receiver] Recv stats: 229900 packets, 0 dropped, 20000 assembled, 90 frame_drops
[2026-08-05T04:06:11Z INFO  net_transport::video_receiver] Recv stats: 230000 packets, 0 dropped, 20000 assembled, 90 frame_drops
[2026-08-05T04:06:11Z INFO  net_transport::video_receiver] Recv stats: 230100 packets, 0 dropped, 20030 assembled, 90 frame_drops
[2026-08-05T04:06:11Z INFO  net_transport::video_receiver] Recv stats: 230200 packets, 0 dropped, 20030 assembled, 90 frame_drops
[2026-08-05T04:06:11Z INFO  net_transport::video_receiver] Recv stats: 230300 packets, 0 dropped, 20030 assembled, 90 frame_drops
[2026-08-05T04:06:11Z INFO  net_transport::video_receiver] Recv stats: 230400 packets, 0 dropped, 20037 assembled, 90 frame_drops
[2026-08-05T04:06:11Z INFO  remote_display_client] Decoded: 19980 frames, 57.0 fps, avg decode 1.6ms
[2026-08-05T04:06:12Z INFO  net_transport::video_receiver] Recv stats: 230500 packets, 0 dropped, 20060 assembled, 90 frame_drops
[2026-08-05T04:06:12Z INFO  net_transport::video_receiver] Recv stats: 230600 packets, 0 dropped, 20060 assembled, 90 frame_drops
[2026-08-05T04:06:12Z INFO  net_transport::video_receiver] Recv stats: 230700 packets, 0 dropped, 20060 assembled, 90 frame_drops
[2026-08-05T04:06:12Z INFO  net_transport::video_receiver] Recv stats: 230800 packets, 0 dropped, 20090 assembled, 90 frame_drops
[2026-08-05T04:06:12Z INFO  net_transport::video_receiver] Recv stats: 230900 packets, 0 dropped, 20090 assembled, 90 frame_drops
[2026-08-05T04:06:12Z INFO  net_transport::video_receiver] Recv stats: 231000 packets, 0 dropped, 20090 assembled, 90 frame_drops
[2026-08-05T04:06:12Z INFO  net_transport::video_receiver] Recv stats: 231100 packets, 0 dropped, 20094 assembled, 90 frame_drops
[2026-08-05T04:06:12Z INFO  remote_display_client] Decoded: 20040 frames, 57.0 fps, avg decode 1.6ms
[2026-08-05T04:06:13Z INFO  net_transport::video_receiver] Recv stats: 231200 packets, 0 dropped, 20120 assembled, 90 frame_drops
[2026-08-05T04:06:13Z INFO  net_transport::video_receiver] Recv stats: 231300 packets, 0 dropped, 20120 assembled, 90 frame_drops
[2026-08-05T04:06:13Z INFO  net_transport::video_receiver] Recv stats: 231400 packets, 0 dropped, 20120 assembled, 90 frame_drops
[2026-08-05T04:06:13Z INFO  net_transport::video_receiver] Recv stats: 231500 packets, 0 dropped, 20150 assembled, 90 frame_drops
[2026-08-05T04:06:13Z INFO  net_transport::video_receiver] Recv stats: 231600 packets, 0 dropped, 20150 assembled, 90 frame_drops
[2026-08-05T04:06:13Z INFO  net_transport::video_receiver] Recv stats: 231700 packets, 0 dropped, 20150 assembled, 90 frame_drops
[2026-08-05T04:06:13Z INFO  remote_display_client] Decoded: 20100 frames, 57.0 fps, avg decode 1.6ms
[2026-08-05T04:06:13Z INFO  net_transport::video_receiver] Recv stats: 231800 packets, 0 dropped, 20166 assembled, 90 frame_drops
[2026-08-05T04:06:14Z INFO  net_transport::video_receiver] Recv stats: 231900 packets, 0 dropped, 20180 assembled, 90 frame_drops
[2026-08-05T04:06:14Z INFO  net_transport::video_receiver] Recv stats: 232000 packets, 0 dropped, 20180 assembled, 90 frame_drops
[2026-08-05T04:06:14Z INFO  net_transport::video_receiver] Recv stats: 232100 packets, 0 dropped, 20180 assembled, 90 frame_drops
[2026-08-05T04:06:14Z INFO  net_transport::video_receiver] Recv stats: 232200 packets, 0 dropped, 20210 assembled, 90 frame_drops
[2026-08-05T04:06:14Z INFO  net_transport::video_receiver] Recv stats: 232300 packets, 0 dropped, 20210 assembled, 90 frame_drops
[2026-08-05T04:06:14Z INFO  net_transport::video_receiver] Recv stats: 232400 packets, 0 dropped, 20210 assembled, 90 frame_drops
[2026-08-05T04:06:14Z INFO  remote_display_client] Decoded: 20160 frames, 57.0 fps, avg decode 1.6ms
[2026-08-05T04:06:15Z INFO  net_transport::video_receiver] Recv stats: 232500 packets, 0 dropped, 20238 assembled, 90 frame_drops
[2026-08-05T04:06:15Z INFO  net_transport::video_receiver] Recv stats: 232600 packets, 0 dropped, 20240 assembled, 90 frame_drops
[2026-08-05T04:06:15Z INFO  net_transport::video_receiver] Recv stats: 232700 packets, 0 dropped, 20240 assembled, 90 frame_drops
[2026-08-05T04:06:15Z INFO  net_transport::video_receiver] Recv stats: 232800 packets, 0 dropped, 20240 assembled, 90 frame_drops
[2026-08-05T04:06:15Z INFO  net_transport::video_receiver] Recv stats: 232900 packets, 0 dropped, 20270 assembled, 90 frame_drops
[2026-08-05T04:06:15Z INFO  net_transport::video_receiver] Recv stats: 233000 packets, 0 dropped, 20270 assembled, 90 frame_drops
[2026-08-05T04:06:15Z INFO  net_transport::video_receiver] Recv stats: 233100 packets, 0 dropped, 20270 assembled, 90 frame_drops
[2026-08-05T04:06:15Z INFO  remote_display_client] Decoded: 20220 frames, 57.0 fps, avg decode 1.6ms
[2026-08-05T04:06:16Z INFO  net_transport::video_receiver] Recv stats: 233200 packets, 0 dropped, 20300 assembled, 90 frame_drops
[2026-08-05T04:06:16Z INFO  net_transport::video_receiver] Recv stats: 233300 packets, 0 dropped, 20300 assembled, 90 frame_drops
[2026-08-05T04:06:16Z INFO  net_transport::video_receiver] Recv stats: 233400 packets, 0 dropped, 20300 assembled, 90 frame_drops
[2026-08-05T04:06:16Z INFO  net_transport::video_receiver] Recv stats: 233500 packets, 0 dropped, 20300 assembled, 90 frame_drops
[2026-08-05T04:06:16Z INFO  net_transport::video_receiver] Recv stats: 233600 packets, 0 dropped, 20330 assembled, 90 frame_drops
[2026-08-05T04:06:16Z INFO  net_transport::video_receiver] Recv stats: 233700 packets, 0 dropped, 20330 assembled, 90 frame_drops
[2026-08-05T04:06:16Z INFO  net_transport::video_receiver] Recv stats: 233800 packets, 0 dropped, 20330 assembled, 90 frame_drops
[2026-08-05T04:06:16Z INFO  remote_display_client] Decoded: 20280 frames, 57.0 fps, avg decode 1.6ms
[2026-08-05T04:06:17Z INFO  net_transport::video_receiver] Recv stats: 233900 packets, 0 dropped, 20360 assembled, 90 frame_drops
[2026-08-05T04:06:17Z INFO  net_transport::video_receiver] Recv stats: 234000 packets, 0 dropped, 20360 assembled, 90 frame_drops
[2026-08-05T04:06:17Z INFO  net_transport::video_receiver] Recv stats: 234100 packets, 0 dropped, 20360 assembled, 90 frame_drops
[2026-08-05T04:06:17Z INFO  net_transport::video_receiver] Recv stats: 234200 packets, 0 dropped, 20368 assembled, 90 frame_drops
[2026-08-05T04:06:17Z INFO  net_transport::video_receiver] Recv stats: 234300 packets, 0 dropped, 20390 assembled, 90 frame_drops
[2026-08-05T04:06:17Z INFO  net_transport::video_receiver] Recv stats: 234400 packets, 0 dropped, 20390 assembled, 90 frame_drops
[2026-08-05T04:06:17Z INFO  net_transport::video_receiver] Recv stats: 234500 packets, 0 dropped, 20390 assembled, 90 frame_drops
[2026-08-05T04:06:17Z INFO  remote_display_client] Decoded: 20340 frames, 57.0 fps, avg decode 1.6ms
[2026-08-05T04:06:18Z INFO  net_transport::video_receiver] Recv stats: 234600 packets, 0 dropped, 20420 assembled, 90 frame_drops
[2026-08-05T04:06:18Z INFO  net_transport::video_receiver] Recv stats: 234700 packets, 0 dropped, 20420 assembled, 90 frame_drops
[2026-08-05T04:06:18Z INFO  net_transport::video_receiver] Recv stats: 234800 packets, 0 dropped, 20420 assembled, 90 frame_drops
[2026-08-05T04:06:18Z INFO  net_transport::video_receiver] Recv stats: 234900 packets, 0 dropped, 20440 assembled, 90 frame_drops
[2026-08-05T04:06:18Z INFO  net_transport::video_receiver] Recv stats: 235000 packets, 0 dropped, 20450 assembled, 90 frame_drops
[2026-08-05T04:06:18Z INFO  net_transport::video_receiver] Recv stats: 235100 packets, 0 dropped, 20450 assembled, 90 frame_drops
[2026-08-05T04:06:18Z INFO  net_transport::video_receiver] Recv stats: 235200 packets, 0 dropped, 20450 assembled, 90 frame_drops
[2026-08-05T04:06:18Z INFO  remote_display_client] Decoded: 20400 frames, 57.0 fps, avg decode 1.6ms
[2026-08-05T04:06:19Z INFO  net_transport::video_receiver] Recv stats: 235300 packets, 0 dropped, 20480 assembled, 90 frame_drops
[2026-08-05T04:06:19Z INFO  net_transport::video_receiver] Recv stats: 235400 packets, 0 dropped, 20480 assembled, 90 frame_drops
[2026-08-05T04:06:19Z INFO  net_transport::video_receiver] Recv stats: 235500 packets, 0 dropped, 20480 assembled, 90 frame_drops
[2026-08-05T04:06:19Z INFO  net_transport::video_receiver] Recv stats: 235600 packets, 0 dropped, 20510 assembled, 90 frame_drops
[2026-08-05T04:06:19Z INFO  net_transport::video_receiver] Recv stats: 235700 packets, 0 dropped, 20510 assembled, 90 frame_drops
[2026-08-05T04:06:19Z INFO  net_transport::video_receiver] Recv stats: 235800 packets, 0 dropped, 20510 assembled, 90 frame_drops
[2026-08-05T04:06:19Z INFO  net_transport::video_receiver] Recv stats: 235900 packets, 0 dropped, 20510 assembled, 90 frame_drops
[2026-08-05T04:06:19Z INFO  remote_display_client] Decoded: 20460 frames, 57.0 fps, avg decode 1.6ms
[2026-08-05T04:06:20Z INFO  net_transport::video_receiver] Recv stats: 236000 packets, 0 dropped, 20540 assembled, 90 frame_drops
[2026-08-05T04:06:20Z INFO  net_transport::video_receiver] Recv stats: 236100 packets, 0 dropped, 20540 assembled, 90 frame_drops
[2026-08-05T04:06:20Z INFO  net_transport::video_receiver] Recv stats: 236200 packets, 0 dropped, 20540 assembled, 90 frame_drops
[2026-08-05T04:06:20Z INFO  net_transport::video_receiver] Recv stats: 236300 packets, 0 dropped, 20570 assembled, 90 frame_drops
[2026-08-05T04:06:20Z INFO  net_transport::video_receiver] Recv stats: 236400 packets, 0 dropped, 20570 assembled, 90 frame_drops
[2026-08-05T04:06:20Z INFO  net_transport::video_receiver] Recv stats: 236500 packets, 0 dropped, 20570 assembled, 90 frame_drops
[2026-08-05T04:06:20Z INFO  net_transport::video_receiver] Recv stats: 236600 packets, 0 dropped, 20570 assembled, 90 frame_drops
[2026-08-05T04:06:20Z INFO  remote_display_client] Decoded: 20520 frames, 57.1 fps, avg decode 1.6ms
[2026-08-05T04:06:21Z INFO  net_transport::video_receiver] Recv stats: 236700 packets, 0 dropped, 20600 assembled, 90 frame_drops
[2026-08-05T04:06:21Z INFO  net_transport::video_receiver] Recv stats: 236800 packets, 0 dropped, 20600 assembled, 90 frame_drops
[2026-08-05T04:06:21Z INFO  net_transport::video_receiver] Recv stats: 236900 packets, 0 dropped, 20600 assembled, 90 frame_drops
[2026-08-05T04:06:21Z INFO  net_transport::video_receiver] Recv stats: 237000 packets, 0 dropped, 20630 assembled, 90 frame_drops
[2026-08-05T04:06:21Z INFO  net_transport::video_receiver] Recv stats: 237100 packets, 0 dropped, 20630 assembled, 90 frame_drops
[2026-08-05T04:06:21Z INFO  net_transport::video_receiver] Recv stats: 237200 packets, 0 dropped, 20630 assembled, 90 frame_drops
[2026-08-05T04:06:22Z INFO  remote_display_client] Decoded: 20580 frames, 57.1 fps, avg decode 1.6ms
[2026-08-05T04:06:22Z INFO  net_transport::video_receiver] Recv stats: 237300 packets, 0 dropped, 20641 assembled, 90 frame_drops
[2026-08-05T04:06:22Z INFO  net_transport::video_receiver] Recv stats: 237400 packets, 0 dropped, 20660 assembled, 90 frame_drops
[2026-08-05T04:06:22Z INFO  net_transport::video_receiver] Recv stats: 237500 packets, 0 dropped, 20660 assembled, 90 frame_drops
[2026-08-05T04:06:22Z INFO  net_transport::video_receiver] Recv stats: 237600 packets, 0 dropped, 20660 assembled, 90 frame_drops
[2026-08-05T04:06:22Z INFO  net_transport::video_receiver] Recv stats: 237700 packets, 0 dropped, 20690 assembled, 90 frame_drops
[2026-08-05T04:06:22Z INFO  net_transport::video_receiver] Recv stats: 237800 packets, 0 dropped, 20690 assembled, 90 frame_drops
[2026-08-05T04:06:22Z INFO  net_transport::video_receiver] Recv stats: 237900 packets, 0 dropped, 20690 assembled, 90 frame_drops
[2026-08-05T04:06:23Z INFO  remote_display_client] Decoded: 20640 frames, 57.1 fps, avg decode 1.6ms
[2026-08-05T04:06:23Z INFO  net_transport::video_receiver] Recv stats: 238000 packets, 0 dropped, 20710 assembled, 90 frame_drops
[2026-08-05T04:06:23Z INFO  net_transport::video_receiver] Recv stats: 238100 packets, 0 dropped, 20720 assembled, 90 frame_drops
[2026-08-05T04:06:23Z INFO  net_transport::video_receiver] Recv stats: 238200 packets, 0 dropped, 20720 assembled, 90 frame_drops
[2026-08-05T04:06:23Z INFO  net_transport::video_receiver] Recv stats: 238300 packets, 0 dropped, 20720 assembled, 90 frame_drops
[2026-08-05T04:06:23Z INFO  net_transport::video_receiver] Recv stats: 238400 packets, 0 dropped, 20750 assembled, 90 frame_drops
[2026-08-05T04:06:23Z INFO  net_transport::video_receiver] Recv stats: 238500 packets, 0 dropped, 20750 assembled, 90 frame_drops
[2026-08-05T04:06:23Z INFO  net_transport::video_receiver] Recv stats: 238600 packets, 0 dropped, 20750 assembled, 90 frame_drops
[2026-08-05T04:06:24Z INFO  remote_display_client] Decoded: 20700 frames, 57.1 fps, avg decode 1.6ms
[2026-08-05T04:06:24Z INFO  net_transport::video_receiver] Recv stats: 238700 packets, 0 dropped, 20778 assembled, 90 frame_drops
[2026-08-05T04:06:24Z INFO  net_transport::video_receiver] Recv stats: 238800 packets, 0 dropped, 20780 assembled, 90 frame_drops
[2026-08-05T04:06:24Z INFO  net_transport::video_receiver] Recv stats: 238900 packets, 0 dropped, 20780 assembled, 90 frame_drops
[2026-08-05T04:06:24Z INFO  net_transport::video_receiver] Recv stats: 239000 packets, 0 dropped, 20780 assembled, 90 frame_drops
[2026-08-05T04:06:25Z INFO  net_transport::video_receiver] Recv stats: 239100 packets, 0 dropped, 20810 assembled, 90 frame_drops
[2026-08-05T04:06:25Z INFO  net_transport::video_receiver] Recv stats: 239200 packets, 0 dropped, 20810 assembled, 90 frame_drops
[2026-08-05T04:06:25Z INFO  net_transport::video_receiver] Recv stats: 239300 packets, 0 dropped, 20810 assembled, 90 frame_drops
[2026-08-05T04:06:25Z INFO  remote_display_client] Decoded: 20760 frames, 57.1 fps, avg decode 1.6ms
[2026-08-05T04:06:25Z INFO  net_transport::video_receiver] Recv stats: 239400 packets, 0 dropped, 20840 assembled, 90 frame_drops
[2026-08-05T04:06:25Z INFO  net_transport::video_receiver] Recv stats: 239500 packets, 0 dropped, 20840 assembled, 90 frame_drops
[2026-08-05T04:06:25Z INFO  net_transport::video_receiver] Recv stats: 239600 packets, 0 dropped, 20840 assembled, 90 frame_drops
[2026-08-05T04:06:25Z INFO  net_transport::video_receiver] Recv stats: 239700 packets, 0 dropped, 20840 assembled, 90 frame_drops
[2026-08-05T04:06:26Z INFO  net_transport::video_receiver] Recv stats: 239800 packets, 0 dropped, 20870 assembled, 90 frame_drops
[2026-08-05T04:06:26Z INFO  net_transport::video_receiver] Recv stats: 239900 packets, 0 dropped, 20870 assembled, 90 frame_drops
[2026-08-05T04:06:26Z INFO  net_transport::video_receiver] Recv stats: 240000 packets, 0 dropped, 20870 assembled, 90 frame_drops
[2026-08-05T04:06:26Z INFO  remote_display_client] Decoded: 20820 frames, 57.1 fps, avg decode 1.6ms
[2026-08-05T04:06:26Z INFO  net_transport::video_receiver] Recv stats: 240100 packets, 0 dropped, 20900 assembled, 90 frame_drops
[2026-08-05T04:06:26Z INFO  net_transport::video_receiver] Recv stats: 240200 packets, 0 dropped, 20900 assembled, 90 frame_drops
[2026-08-05T04:06:26Z INFO  net_transport::video_receiver] Recv stats: 240300 packets, 0 dropped, 20900 assembled, 90 frame_drops
[2026-08-05T04:06:26Z INFO  net_transport::video_receiver] Recv stats: 240400 packets, 0 dropped, 20903 assembled, 90 frame_drops
[2026-08-05T04:06:27Z INFO  net_transport::video_receiver] Recv stats: 240500 packets, 0 dropped, 20930 assembled, 90 frame_drops
[2026-08-05T04:06:27Z INFO  net_transport::video_receiver] Recv stats: 240600 packets, 0 dropped, 20930 assembled, 90 frame_drops
[2026-08-05T04:06:27Z INFO  net_transport::video_receiver] Recv stats: 240700 packets, 0 dropped, 20930 assembled, 90 frame_drops
[2026-08-05T04:06:27Z INFO  remote_display_client] Decoded: 20880 frames, 57.1 fps, avg decode 1.6ms
[2026-08-05T04:06:27Z INFO  net_transport::video_receiver] Recv stats: 240800 packets, 0 dropped, 20960 assembled, 90 frame_drops
[2026-08-05T04:06:27Z INFO  net_transport::video_receiver] Recv stats: 240900 packets, 0 dropped, 20960 assembled, 90 frame_drops
[2026-08-05T04:06:27Z INFO  net_transport::video_receiver] Recv stats: 241000 packets, 0 dropped, 20960 assembled, 90 frame_drops
[2026-08-05T04:06:27Z INFO  net_transport::video_receiver] Recv stats: 241100 packets, 0 dropped, 20973 assembled, 90 frame_drops
[2026-08-05T04:06:28Z INFO  net_transport::video_receiver] Recv stats: 241200 packets, 0 dropped, 20990 assembled, 90 frame_drops
[2026-08-05T04:06:28Z INFO  net_transport::video_receiver] Recv stats: 241300 packets, 0 dropped, 20990 assembled, 90 frame_drops
[2026-08-05T04:06:28Z INFO  net_transport::video_receiver] Recv stats: 241400 packets, 0 dropped, 20990 assembled, 90 frame_drops
[2026-08-05T04:06:28Z INFO  remote_display_client] Decoded: 20940 frames, 57.1 fps, avg decode 1.6ms
[2026-08-05T04:06:28Z INFO  net_transport::video_receiver] Recv stats: 241500 packets, 0 dropped, 21020 assembled, 90 frame_drops
[2026-08-05T04:06:28Z INFO  net_transport::video_receiver] Recv stats: 241600 packets, 0 dropped, 21020 assembled, 90 frame_drops
[2026-08-05T04:06:28Z INFO  net_transport::video_receiver] Recv stats: 241700 packets, 0 dropped, 21020 assembled, 90 frame_drops
[2026-08-05T04:06:29Z INFO  net_transport::video_receiver] Recv stats: 241800 packets, 0 dropped, 21043 assembled, 90 frame_drops
[2026-08-05T04:06:29Z INFO  net_transport::video_receiver] Recv stats: 241900 packets, 0 dropped, 21050 assembled, 90 frame_drops
[2026-08-05T04:06:29Z INFO  net_transport::video_receiver] Recv stats: 242000 packets, 0 dropped, 21050 assembled, 90 frame_drops
[2026-08-05T04:06:29Z INFO  net_transport::video_receiver] Recv stats: 242100 packets, 0 dropped, 21050 assembled, 90 frame_drops
[2026-08-05T04:06:29Z INFO  remote_display_client] Decoded: 21000 frames, 57.1 fps, avg decode 1.6ms
[2026-08-05T04:06:29Z INFO  net_transport::video_receiver] Recv stats: 242200 packets, 0 dropped, 21080 assembled, 90 frame_drops
[2026-08-05T04:06:29Z INFO  net_transport::video_receiver] Recv stats: 242300 packets, 0 dropped, 21080 assembled, 90 frame_drops
[2026-08-05T04:06:29Z INFO  net_transport::video_receiver] Recv stats: 242400 packets, 0 dropped, 21080 assembled, 90 frame_drops
[2026-08-05T04:06:30Z INFO  net_transport::video_receiver] Recv stats: 242500 packets, 0 dropped, 21110 assembled, 90 frame_drops
[2026-08-05T04:06:30Z INFO  net_transport::video_receiver] Recv stats: 242600 packets, 0 dropped, 21110 assembled, 90 frame_drops
[2026-08-05T04:06:30Z INFO  net_transport::video_receiver] Recv stats: 242700 packets, 0 dropped, 21110 assembled, 90 frame_drops
[2026-08-05T04:06:30Z INFO  net_transport::video_receiver] Recv stats: 242800 packets, 0 dropped, 21110 assembled, 90 frame_drops
[2026-08-05T04:06:30Z INFO  remote_display_client] Decoded: 21060 frames, 57.1 fps, avg decode 1.6ms
[2026-08-05T04:06:30Z INFO  net_transport::video_receiver] Recv stats: 242900 packets, 0 dropped, 21140 assembled, 90 frame_drops
[2026-08-05T04:06:30Z INFO  net_transport::video_receiver] Recv stats: 243000 packets, 0 dropped, 21140 assembled, 90 frame_drops
[2026-08-05T04:06:30Z INFO  net_transport::video_receiver] Recv stats: 243100 packets, 0 dropped, 21140 assembled, 90 frame_drops
[2026-08-05T04:06:31Z INFO  net_transport::video_receiver] Recv stats: 243200 packets, 0 dropped, 21170 assembled, 90 frame_drops
[2026-08-05T04:06:31Z INFO  net_transport::video_receiver] Recv stats: 243300 packets, 0 dropped, 21170 assembled, 90 frame_drops
[2026-08-05T04:06:31Z INFO  net_transport::video_receiver] Recv stats: 243400 packets, 0 dropped, 21170 assembled, 90 frame_drops
[2026-08-05T04:06:31Z INFO  net_transport::video_receiver] Recv stats: 243500 packets, 0 dropped, 21170 assembled, 90 frame_drops
[2026-08-05T04:06:31Z INFO  remote_display_client] Decoded: 21120 frames, 57.1 fps, avg decode 1.6ms
[2026-08-05T04:06:31Z INFO  net_transport::video_receiver] Recv stats: 243600 packets, 0 dropped, 21200 assembled, 90 frame_drops
[2026-08-05T04:06:31Z INFO  net_transport::video_receiver] Recv stats: 243700 packets, 0 dropped, 21200 assembled, 90 frame_drops
[2026-08-05T04:06:31Z INFO  net_transport::video_receiver] Recv stats: 243800 packets, 0 dropped, 21200 assembled, 90 frame_drops
[2026-08-05T04:06:32Z INFO  net_transport::video_receiver] Recv stats: 243900 packets, 0 dropped, 21230 assembled, 90 frame_drops
[2026-08-05T04:06:32Z INFO  net_transport::video_receiver] Recv stats: 244000 packets, 0 dropped, 21230 assembled, 90 frame_drops
[2026-08-05T04:06:32Z INFO  net_transport::video_receiver] Recv stats: 244100 packets, 0 dropped, 21230 assembled, 90 frame_drops
[2026-08-05T04:06:32Z INFO  net_transport::video_receiver] Recv stats: 244200 packets, 0 dropped, 21233 assembled, 90 frame_drops
[2026-08-05T04:06:32Z INFO  remote_display_client] Decoded: 21180 frames, 57.1 fps, avg decode 1.6ms
[2026-08-05T04:06:32Z INFO  net_transport::video_receiver] Recv stats: 244300 packets, 0 dropped, 21260 assembled, 90 frame_drops
[2026-08-05T04:06:32Z INFO  net_transport::video_receiver] Recv stats: 244400 packets, 0 dropped, 21260 assembled, 90 frame_drops
[2026-08-05T04:06:32Z INFO  net_transport::video_receiver] Recv stats: 244500 packets, 0 dropped, 21260 assembled, 90 frame_drops
[2026-08-05T04:06:33Z INFO  net_transport::video_receiver] Recv stats: 244600 packets, 0 dropped, 21290 assembled, 90 frame_drops
[2026-08-05T04:06:33Z INFO  net_transport::video_receiver] Recv stats: 244700 packets, 0 dropped, 21290 assembled, 90 frame_drops
[2026-08-05T04:06:33Z INFO  net_transport::video_receiver] Recv stats: 244800 packets, 0 dropped, 21290 assembled, 90 frame_drops
[2026-08-05T04:06:33Z INFO  remote_display_client] Decoded: 21240 frames, 57.1 fps, avg decode 1.6ms
[2026-08-05T04:06:33Z INFO  net_transport::video_receiver] Recv stats: 244900 packets, 0 dropped, 21301 assembled, 90 frame_drops
[2026-08-05T04:06:33Z INFO  net_transport::video_receiver] Recv stats: 245000 packets, 0 dropped, 21320 assembled, 90 frame_drops
[2026-08-05T04:06:33Z INFO  net_transport::video_receiver] Recv stats: 245100 packets, 0 dropped, 21320 assembled, 90 frame_drops
[2026-08-05T04:06:33Z INFO  net_transport::video_receiver] Recv stats: 245200 packets, 0 dropped, 21320 assembled, 90 frame_drops
[2026-08-05T04:06:34Z INFO  net_transport::video_receiver] Recv stats: 245300 packets, 0 dropped, 21350 assembled, 90 frame_drops
[2026-08-05T04:06:34Z INFO  net_transport::video_receiver] Recv stats: 245400 packets, 0 dropped, 21350 assembled, 90 frame_drops
[2026-08-05T04:06:34Z INFO  net_transport::video_receiver] Recv stats: 245500 packets, 0 dropped, 21350 assembled, 90 frame_drops
[2026-08-05T04:06:34Z INFO  remote_display_client] Decoded: 21300 frames, 57.1 fps, avg decode 1.6ms
[2026-08-05T04:06:34Z INFO  net_transport::video_receiver] Recv stats: 245600 packets, 0 dropped, 21369 assembled, 90 frame_drops
[2026-08-05T04:06:34Z INFO  net_transport::video_receiver] Recv stats: 245700 packets, 0 dropped, 21380 assembled, 90 frame_drops
[2026-08-05T04:06:34Z INFO  net_transport::video_receiver] Recv stats: 245800 packets, 0 dropped, 21380 assembled, 90 frame_drops
[2026-08-05T04:06:34Z INFO  net_transport::video_receiver] Recv stats: 245900 packets, 0 dropped, 21380 assembled, 90 frame_drops
[2026-08-05T04:06:35Z INFO  net_transport::video_receiver] Recv stats: 246000 packets, 0 dropped, 21410 assembled, 90 frame_drops
[2026-08-05T04:06:35Z INFO  net_transport::video_receiver] Recv stats: 246100 packets, 0 dropped, 21410 assembled, 90 frame_drops
[2026-08-05T04:06:35Z INFO  net_transport::video_receiver] Recv stats: 246200 packets, 0 dropped, 21410 assembled, 90 frame_drops
[2026-08-05T04:06:35Z INFO  remote_display_client] Decoded: 21360 frames, 57.1 fps, avg decode 1.6ms
[2026-08-05T04:06:35Z INFO  net_transport::video_receiver] Recv stats: 246300 packets, 0 dropped, 21437 assembled, 90 frame_drops
[2026-08-05T04:06:35Z INFO  net_transport::video_receiver] Recv stats: 246400 packets, 0 dropped, 21440 assembled, 90 frame_drops
[2026-08-05T04:06:35Z INFO  net_transport::video_receiver] Recv stats: 246500 packets, 0 dropped, 21440 assembled, 90 frame_drops
[2026-08-05T04:06:35Z INFO  net_transport::video_receiver] Recv stats: 246600 packets, 0 dropped, 21440 assembled, 90 frame_drops
[2026-08-05T04:06:36Z INFO  net_transport::video_receiver] Recv stats: 246700 packets, 0 dropped, 21470 assembled, 90 frame_drops
[2026-08-05T04:06:36Z INFO  net_transport::video_receiver] Recv stats: 246800 packets, 0 dropped, 21470 assembled, 90 frame_drops
[2026-08-05T04:06:36Z INFO  net_transport::video_receiver] Recv stats: 246900 packets, 0 dropped, 21470 assembled, 90 frame_drops
[2026-08-05T04:06:36Z INFO  remote_display_client] Decoded: 21420 frames, 57.1 fps, avg decode 1.6ms
[2026-08-05T04:06:36Z INFO  net_transport::video_receiver] Recv stats: 247000 packets, 0 dropped, 21500 assembled, 90 frame_drops
[2026-08-05T04:06:36Z INFO  net_transport::video_receiver] Recv stats: 247100 packets, 0 dropped, 21500 assembled, 90 frame_drops
[2026-08-05T04:06:36Z INFO  net_transport::video_receiver] Recv stats: 247200 packets, 0 dropped, 21500 assembled, 90 frame_drops
[2026-08-05T04:06:36Z INFO  net_transport::video_receiver] Recv stats: 247300 packets, 0 dropped, 21500 assembled, 90 frame_drops
[2026-08-05T04:06:37Z INFO  net_transport::video_receiver] Recv stats: 247400 packets, 0 dropped, 21530 assembled, 90 frame_drops
[2026-08-05T04:06:37Z INFO  net_transport::video_receiver] Recv stats: 247500 packets, 0 dropped, 21530 assembled, 90 frame_drops
[2026-08-05T04:06:37Z INFO  net_transport::video_receiver] Recv stats: 247600 packets, 0 dropped, 21530 assembled, 90 frame_drops
[2026-08-05T04:06:37Z INFO  remote_display_client] Decoded: 21480 frames, 57.1 fps, avg decode 1.6ms
[2026-08-05T04:06:37Z INFO  net_transport::video_receiver] Recv stats: 247700 packets, 0 dropped, 21560 assembled, 90 frame_drops
[2026-08-05T04:06:37Z INFO  net_transport::video_receiver] Recv stats: 247800 packets, 0 dropped, 21560 assembled, 90 frame_drops
[2026-08-05T04:06:37Z INFO  net_transport::video_receiver] Recv stats: 247900 packets, 0 dropped, 21560 assembled, 90 frame_drops
[2026-08-05T04:06:37Z INFO  net_transport::video_receiver] Recv stats: 248000 packets, 0 dropped, 21560 assembled, 90 frame_drops
[2026-08-05T04:06:38Z INFO  net_transport::video_receiver] Recv stats: 248100 packets, 0 dropped, 21590 assembled, 90 frame_drops
[2026-08-05T04:06:38Z INFO  net_transport::video_receiver] Recv stats: 248200 packets, 0 dropped, 21590 assembled, 90 frame_drops
[2026-08-05T04:06:38Z INFO  net_transport::video_receiver] Recv stats: 248300 packets, 0 dropped, 21590 assembled, 90 frame_drops
[2026-08-05T04:06:38Z INFO  remote_display_client] Decoded: 21540 frames, 57.1 fps, avg decode 1.6ms
[2026-08-05T04:06:38Z INFO  net_transport::video_receiver] Recv stats: 248400 packets, 0 dropped, 21620 assembled, 90 frame_drops
[2026-08-05T04:06:38Z INFO  net_transport::video_receiver] Recv stats: 248500 packets, 0 dropped, 21620 assembled, 90 frame_drops
[2026-08-05T04:06:38Z INFO  net_transport::video_receiver] Recv stats: 248600 packets, 0 dropped, 21620 assembled, 90 frame_drops
[2026-08-05T04:06:39Z INFO  net_transport::video_receiver] Recv stats: 248700 packets, 0 dropped, 21625 assembled, 90 frame_drops
[2026-08-05T04:06:39Z INFO  net_transport::video_receiver] Recv stats: 248800 packets, 0 dropped, 21650 assembled, 90 frame_drops
[2026-08-05T04:06:39Z INFO  net_transport::video_receiver] Recv stats: 248900 packets, 0 dropped, 21650 assembled, 90 frame_drops
[2026-08-05T04:06:39Z INFO  net_transport::video_receiver] Recv stats: 249000 packets, 0 dropped, 21650 assembled, 90 frame_drops
[2026-08-05T04:06:39Z INFO  remote_display_client] Decoded: 21600 frames, 57.1 fps, avg decode 1.6ms
[2026-08-05T04:06:39Z INFO  net_transport::video_receiver] Recv stats: 249100 packets, 0 dropped, 21680 assembled, 90 frame_drops
[2026-08-05T04:06:39Z INFO  net_transport::video_receiver] Recv stats: 249200 packets, 0 dropped, 21680 assembled, 90 frame_drops
[2026-08-05T04:06:39Z INFO  net_transport::video_receiver] Recv stats: 249300 packets, 0 dropped, 21680 assembled, 90 frame_drops
[2026-08-05T04:06:40Z INFO  net_transport::video_receiver] Recv stats: 249400 packets, 0 dropped, 21694 assembled, 90 frame_drops
[2026-08-05T04:06:40Z INFO  net_transport::video_receiver] Recv stats: 249500 packets, 0 dropped, 21710 assembled, 90 frame_drops
[2026-08-05T04:06:40Z INFO  net_transport::video_receiver] Recv stats: 249600 packets, 0 dropped, 21710 assembled, 90 frame_drops
[2026-08-05T04:06:40Z INFO  net_transport::video_receiver] Recv stats: 249700 packets, 0 dropped, 21710 assembled, 90 frame_drops
[2026-08-05T04:06:40Z INFO  remote_display_client] Decoded: 21660 frames, 57.1 fps, avg decode 1.6ms
[2026-08-05T04:06:41Z INFO  net_transport::video_receiver] Recv stats: 249800 packets, 0 dropped, 21740 assembled, 90 frame_drops
[2026-08-05T04:06:41Z INFO  net_transport::video_receiver] Recv stats: 249900 packets, 0 dropped, 21740 assembled, 90 frame_drops
[2026-08-05T04:06:41Z INFO  net_transport::video_receiver] Recv stats: 250000 packets, 0 dropped, 21740 assembled, 90 frame_drops
[2026-08-05T04:06:41Z INFO  net_transport::video_receiver] Recv stats: 250100 packets, 0 dropped, 21765 assembled, 90 frame_drops
[2026-08-05T04:06:41Z INFO  net_transport::video_receiver] Recv stats: 250200 packets, 0 dropped, 21770 assembled, 90 frame_drops
[2026-08-05T04:06:41Z INFO  net_transport::video_receiver] Recv stats: 250300 packets, 0 dropped, 21770 assembled, 90 frame_drops
[2026-08-05T04:06:41Z INFO  net_transport::video_receiver] Recv stats: 250400 packets, 0 dropped, 21770 assembled, 90 frame_drops
[2026-08-05T04:06:41Z INFO  remote_display_client] Decoded: 21720 frames, 57.1 fps, avg decode 1.6ms
[2026-08-05T04:06:42Z INFO  net_transport::video_receiver] Recv stats: 250500 packets, 0 dropped, 21800 assembled, 90 frame_drops
[2026-08-05T04:06:42Z INFO  net_transport::video_receiver] Recv stats: 250600 packets, 0 dropped, 21800 assembled, 90 frame_drops
[2026-08-05T04:06:42Z INFO  net_transport::video_receiver] Recv stats: 250700 packets, 0 dropped, 21800 assembled, 90 frame_drops
[2026-08-05T04:06:42Z INFO  net_transport::video_receiver] Recv stats: 250800 packets, 0 dropped, 21829 assembled, 90 frame_drops
[2026-08-05T04:06:42Z INFO  net_transport::video_receiver] Recv stats: 250900 packets, 0 dropped, 21830 assembled, 90 frame_drops
[2026-08-05T04:06:42Z INFO  net_transport::video_receiver] Recv stats: 251000 packets, 0 dropped, 21830 assembled, 90 frame_drops
[2026-08-05T04:06:42Z INFO  net_transport::video_receiver] Recv stats: 251100 packets, 0 dropped, 21830 assembled, 90 frame_drops
[2026-08-05T04:06:42Z INFO  remote_display_client] Decoded: 21780 frames, 57.1 fps, avg decode 1.6ms
[2026-08-05T04:06:43Z INFO  net_transport::video_receiver] Recv stats: 251200 packets, 0 dropped, 21860 assembled, 90 frame_drops
[2026-08-05T04:06:43Z INFO  net_transport::video_receiver] Recv stats: 251300 packets, 0 dropped, 21860 assembled, 90 frame_drops
[2026-08-05T04:06:43Z INFO  net_transport::video_receiver] Recv stats: 251400 packets, 0 dropped, 21860 assembled, 90 frame_drops
[2026-08-05T04:06:43Z INFO  net_transport::video_receiver] Recv stats: 251500 packets, 0 dropped, 21890 assembled, 90 frame_drops
[2026-08-05T04:06:43Z INFO  net_transport::video_receiver] Recv stats: 251600 packets, 0 dropped, 21890 assembled, 90 frame_drops
[2026-08-05T04:06:43Z INFO  net_transport::video_receiver] Recv stats: 251700 packets, 0 dropped, 21890 assembled, 90 frame_drops
[2026-08-05T04:06:43Z INFO  remote_display_client] Decoded: 21840 frames, 57.1 fps, avg decode 1.6ms
[2026-08-05T04:06:43Z INFO  net_transport::video_receiver] Recv stats: 251800 packets, 0 dropped, 21899 assembled, 90 frame_drops
[2026-08-05T04:06:44Z INFO  net_transport::video_receiver] Recv stats: 251900 packets, 0 dropped, 21920 assembled, 90 frame_drops
[2026-08-05T04:06:44Z INFO  net_transport::video_receiver] Recv stats: 252000 packets, 0 dropped, 21920 assembled, 90 frame_drops
[2026-08-05T04:06:44Z INFO  net_transport::video_receiver] Recv stats: 252100 packets, 0 dropped, 21920 assembled, 90 frame_drops
[2026-08-05T04:06:44Z INFO  net_transport::video_receiver] Recv stats: 252200 packets, 0 dropped, 21950 assembled, 90 frame_drops
[2026-08-05T04:06:44Z INFO  net_transport::video_receiver] Recv stats: 252300 packets, 0 dropped, 21950 assembled, 90 frame_drops
[2026-08-05T04:06:44Z INFO  net_transport::video_receiver] Recv stats: 252400 packets, 0 dropped, 21950 assembled, 90 frame_drops
[2026-08-05T04:06:44Z INFO  remote_display_client] Decoded: 21900 frames, 57.1 fps, avg decode 1.6ms
[2026-08-05T04:06:45Z INFO  net_transport::video_receiver] Recv stats: 252500 packets, 0 dropped, 21979 assembled, 90 frame_drops
[2026-08-05T04:06:45Z INFO  net_transport::video_receiver] Recv stats: 252600 packets, 0 dropped, 21980 assembled, 90 frame_drops
[2026-08-05T04:06:45Z INFO  net_transport::video_receiver] Recv stats: 252700 packets, 0 dropped, 21980 assembled, 90 frame_drops
[2026-08-05T04:06:45Z INFO  net_transport::video_receiver] Recv stats: 252800 packets, 0 dropped, 21980 assembled, 90 frame_drops
[2026-08-05T04:06:45Z INFO  net_transport::video_receiver] Recv stats: 252900 packets, 0 dropped, 22010 assembled, 90 frame_drops
[2026-08-05T04:06:45Z INFO  net_transport::video_receiver] Recv stats: 253000 packets, 0 dropped, 22010 assembled, 90 frame_drops
[2026-08-05T04:06:45Z INFO  net_transport::video_receiver] Recv stats: 253100 packets, 0 dropped, 22010 assembled, 90 frame_drops
[2026-08-05T04:06:45Z INFO  remote_display_client] Decoded: 21960 frames, 57.1 fps, avg decode 1.6ms
[2026-08-05T04:06:46Z INFO  net_transport::video_receiver] Recv stats: 253200 packets, 0 dropped, 22040 assembled, 90 frame_drops
[2026-08-05T04:06:46Z INFO  net_transport::video_receiver] Recv stats: 253300 packets, 0 dropped, 22040 assembled, 90 frame_drops
[2026-08-05T04:06:46Z INFO  net_transport::video_receiver] Recv stats: 253400 packets, 0 dropped, 22040 assembled, 90 frame_drops
[2026-08-05T04:06:46Z INFO  net_transport::video_receiver] Recv stats: 253500 packets, 0 dropped, 22049 assembled, 90 frame_drops
[2026-08-05T04:06:46Z INFO  net_transport::video_receiver] Recv stats: 253600 packets, 0 dropped, 22070 assembled, 90 frame_drops
[2026-08-05T04:06:46Z INFO  net_transport::video_receiver] Recv stats: 253700 packets, 0 dropped, 22070 assembled, 90 frame_drops
[2026-08-05T04:06:46Z INFO  net_transport::video_receiver] Recv stats: 253800 packets, 0 dropped, 22070 assembled, 90 frame_drops
[2026-08-05T04:06:46Z INFO  remote_display_client] Decoded: 22020 frames, 57.1 fps, avg decode 1.6ms
[2026-08-05T04:06:47Z INFO  net_transport::video_receiver] Recv stats: 253900 packets, 0 dropped, 22100 assembled, 90 frame_drops
[2026-08-05T04:06:47Z INFO  net_transport::video_receiver] Recv stats: 254000 packets, 0 dropped, 22100 assembled, 90 frame_drops
[2026-08-05T04:06:47Z INFO  net_transport::video_receiver] Recv stats: 254100 packets, 0 dropped, 22100 assembled, 90 frame_drops
[2026-08-05T04:06:47Z INFO  net_transport::video_receiver] Recv stats: 254200 packets, 0 dropped, 22129 assembled, 90 frame_drops
[2026-08-05T04:06:47Z INFO  net_transport::video_receiver] Recv stats: 254300 packets, 0 dropped, 22130 assembled, 90 frame_drops
[2026-08-05T04:06:47Z INFO  net_transport::video_receiver] Recv stats: 254400 packets, 0 dropped, 22130 assembled, 90 frame_drops
[2026-08-05T04:06:47Z INFO  net_transport::video_receiver] Recv stats: 254500 packets, 0 dropped, 22130 assembled, 90 frame_drops
[2026-08-05T04:06:47Z INFO  remote_display_client] Decoded: 22080 frames, 57.1 fps, avg decode 1.6ms
[2026-08-05T04:06:48Z INFO  net_transport::video_receiver] Recv stats: 254600 packets, 0 dropped, 22160 assembled, 90 frame_drops
[2026-08-05T04:06:48Z INFO  net_transport::video_receiver] Recv stats: 254700 packets, 0 dropped, 22160 assembled, 90 frame_drops
[2026-08-05T04:06:48Z INFO  net_transport::video_receiver] Recv stats: 254800 packets, 0 dropped, 22160 assembled, 90 frame_drops
[2026-08-05T04:06:48Z INFO  net_transport::video_receiver] Recv stats: 254900 packets, 0 dropped, 22190 assembled, 90 frame_drops
[2026-08-05T04:06:48Z INFO  net_transport::video_receiver] Recv stats: 255000 packets, 0 dropped, 22190 assembled, 90 frame_drops
[2026-08-05T04:06:48Z INFO  net_transport::video_receiver] Recv stats: 255100 packets, 0 dropped, 22190 assembled, 90 frame_drops
[2026-08-05T04:06:48Z INFO  remote_display_client] Decoded: 22140 frames, 57.1 fps, avg decode 1.6ms
[2026-08-05T04:06:48Z INFO  net_transport::video_receiver] Recv stats: 255200 packets, 0 dropped, 22199 assembled, 90 frame_drops
[2026-08-05T04:06:49Z INFO  net_transport::video_receiver] Recv stats: 255300 packets, 0 dropped, 22220 assembled, 90 frame_drops
[2026-08-05T04:06:49Z INFO  net_transport::video_receiver] Recv stats: 255400 packets, 0 dropped, 22220 assembled, 90 frame_drops
[2026-08-05T04:06:49Z INFO  net_transport::video_receiver] Recv stats: 255500 packets, 0 dropped, 22220 assembled, 90 frame_drops
[2026-08-05T04:06:49Z INFO  net_transport::video_receiver] Recv stats: 255600 packets, 0 dropped, 22250 assembled, 90 frame_drops
[2026-08-05T04:06:49Z INFO  net_transport::video_receiver] Recv stats: 255700 packets, 0 dropped, 22250 assembled, 90 frame_drops
[2026-08-05T04:06:49Z INFO  net_transport::video_receiver] Recv stats: 255800 packets, 0 dropped, 22250 assembled, 90 frame_drops
[2026-08-05T04:06:49Z INFO  remote_display_client] Decoded: 22200 frames, 57.1 fps, avg decode 1.6ms
[2026-08-05T04:06:50Z INFO  net_transport::video_receiver] Recv stats: 255900 packets, 0 dropped, 22279 assembled, 90 frame_drops
[2026-08-05T04:06:50Z INFO  net_transport::video_receiver] Recv stats: 256000 packets, 0 dropped, 22280 assembled, 90 frame_drops
[2026-08-05T04:06:50Z INFO  net_transport::video_receiver] Recv stats: 256100 packets, 0 dropped, 22280 assembled, 90 frame_drops
[2026-08-05T04:06:50Z INFO  net_transport::video_receiver] Recv stats: 256200 packets, 0 dropped, 22280 assembled, 90 frame_drops
[2026-08-05T04:06:50Z INFO  net_transport::video_receiver] Recv stats: 256300 packets, 0 dropped, 22309 assembled, 91 frame_drops
[2026-08-05T04:06:50Z INFO  net_transport::video_receiver] Recv stats: 256400 packets, 0 dropped, 22309 assembled, 91 frame_drops
[2026-08-05T04:06:50Z INFO  net_transport::video_receiver] Recv stats: 256500 packets, 0 dropped, 22309 assembled, 91 frame_drops
[2026-08-05T04:06:50Z INFO  remote_display_client] Decoded: 22260 frames, 57.1 fps, avg decode 1.6ms
[2026-08-05T04:06:51Z INFO  net_transport::video_receiver] Recv stats: 256600 packets, 0 dropped, 22339 assembled, 91 frame_drops
[2026-08-05T04:06:51Z INFO  net_transport::video_receiver] Recv stats: 256700 packets, 0 dropped, 22339 assembled, 91 frame_drops
[2026-08-05T04:06:51Z INFO  net_transport::video_receiver] Recv stats: 256800 packets, 0 dropped, 22339 assembled, 91 frame_drops
[2026-08-05T04:06:51Z INFO  net_transport::video_receiver] Recv stats: 256900 packets, 0 dropped, 22357 assembled, 91 frame_drops
[2026-08-05T04:06:51Z INFO  net_transport::video_receiver] Recv stats: 257000 packets, 0 dropped, 22369 assembled, 91 frame_drops
[2026-08-05T04:06:51Z INFO  net_transport::video_receiver] Recv stats: 257100 packets, 0 dropped, 22369 assembled, 91 frame_drops
[2026-08-05T04:06:51Z INFO  net_transport::video_receiver] Recv stats: 257200 packets, 0 dropped, 22369 assembled, 91 frame_drops
[2026-08-05T04:06:51Z INFO  remote_display_client] Decoded: 22320 frames, 57.1 fps, avg decode 1.6ms
[2026-08-05T04:06:52Z INFO  net_transport::video_receiver] Recv stats: 257300 packets, 0 dropped, 22399 assembled, 91 frame_drops
[2026-08-05T04:06:52Z INFO  net_transport::video_receiver] Recv stats: 257400 packets, 0 dropped, 22399 assembled, 91 frame_drops
[2026-08-05T04:06:52Z INFO  net_transport::video_receiver] Recv stats: 257500 packets, 0 dropped, 22399 assembled, 91 frame_drops
[2026-08-05T04:06:52Z INFO  net_transport::video_receiver] Recv stats: 257600 packets, 0 dropped, 22429 assembled, 91 frame_drops
[2026-08-05T04:06:52Z INFO  net_transport::video_receiver] Recv stats: 257700 packets, 0 dropped, 22429 assembled, 91 frame_drops
[2026-08-05T04:06:52Z INFO  net_transport::video_receiver] Recv stats: 257800 packets, 0 dropped, 22429 assembled, 91 frame_drops
[2026-08-05T04:06:52Z INFO  net_transport::video_receiver] Recv stats: 257900 packets, 0 dropped, 22429 assembled, 91 frame_drops
[2026-08-05T04:06:52Z INFO  remote_display_client] Decoded: 22380 frames, 57.1 fps, avg decode 1.6ms
[2026-08-05T04:06:53Z INFO  net_transport::video_receiver] Recv stats: 258000 packets, 0 dropped, 22459 assembled, 91 frame_drops
[2026-08-05T04:06:53Z INFO  net_transport::video_receiver] Recv stats: 258100 packets, 0 dropped, 22459 assembled, 91 frame_drops
[2026-08-05T04:06:53Z INFO  net_transport::video_receiver] Recv stats: 258200 packets, 0 dropped, 22459 assembled, 91 frame_drops
[2026-08-05T04:06:53Z INFO  net_transport::video_receiver] Recv stats: 258300 packets, 0 dropped, 22489 assembled, 91 frame_drops
[2026-08-05T04:06:53Z INFO  net_transport::video_receiver] Recv stats: 258400 packets, 0 dropped, 22489 assembled, 91 frame_drops
[2026-08-05T04:06:53Z INFO  net_transport::video_receiver] Recv stats: 258500 packets, 0 dropped, 22489 assembled, 91 frame_drops
[2026-08-05T04:06:54Z INFO  remote_display_client] Decoded: 22440 frames, 57.1 fps, avg decode 1.6ms
[2026-08-05T04:06:54Z INFO  net_transport::video_receiver] Recv stats: 258600 packets, 0 dropped, 22507 assembled, 91 frame_drops
[2026-08-05T04:06:54Z INFO  net_transport::video_receiver] Recv stats: 258700 packets, 0 dropped, 22519 assembled, 91 frame_drops
[2026-08-05T04:06:54Z INFO  net_transport::video_receiver] Recv stats: 258800 packets, 0 dropped, 22519 assembled, 91 frame_drops
[2026-08-05T04:06:54Z INFO  net_transport::video_receiver] Recv stats: 258900 packets, 0 dropped, 22519 assembled, 91 frame_drops
[2026-08-05T04:06:54Z INFO  net_transport::video_receiver] Recv stats: 259000 packets, 0 dropped, 22549 assembled, 91 frame_drops
[2026-08-05T04:06:54Z INFO  net_transport::video_receiver] Recv stats: 259100 packets, 0 dropped, 22549 assembled, 91 frame_drops
[2026-08-05T04:06:54Z INFO  net_transport::video_receiver] Recv stats: 259200 packets, 0 dropped, 22549 assembled, 91 frame_drops
[2026-08-05T04:06:55Z INFO  remote_display_client] Decoded: 22500 frames, 57.1 fps, avg decode 1.6ms
[2026-08-05T04:06:55Z INFO  net_transport::video_receiver] Recv stats: 259300 packets, 0 dropped, 22579 assembled, 91 frame_drops
[2026-08-05T04:06:55Z INFO  net_transport::video_receiver] Recv stats: 259400 packets, 0 dropped, 22579 assembled, 91 frame_drops
[2026-08-05T04:06:55Z INFO  net_transport::video_receiver] Recv stats: 259500 packets, 0 dropped, 22579 assembled, 91 frame_drops
[2026-08-05T04:06:55Z INFO  net_transport::video_receiver] Recv stats: 259600 packets, 0 dropped, 22579 assembled, 91 frame_drops
[2026-08-05T04:06:55Z INFO  net_transport::video_receiver] Recv stats: 259700 packets, 0 dropped, 22609 assembled, 91 frame_drops
[2026-08-05T04:06:55Z INFO  net_transport::video_receiver] Recv stats: 259800 packets, 0 dropped, 22609 assembled, 91 frame_drops
[2026-08-05T04:06:55Z INFO  net_transport::video_receiver] Recv stats: 259900 packets, 0 dropped, 22609 assembled, 91 frame_drops
[2026-08-05T04:06:56Z INFO  remote_display_client] Decoded: 22560 frames, 57.1 fps, avg decode 1.6ms
[2026-08-05T04:06:56Z INFO  net_transport::video_receiver] Recv stats: 260000 packets, 0 dropped, 22639 assembled, 91 frame_drops
[2026-08-05T04:06:56Z INFO  net_transport::video_receiver] Recv stats: 260100 packets, 0 dropped, 22639 assembled, 91 frame_drops
[2026-08-05T04:06:56Z INFO  net_transport::video_receiver] Recv stats: 260200 packets, 0 dropped, 22639 assembled, 91 frame_drops
[2026-08-05T04:06:56Z INFO  net_transport::video_receiver] Recv stats: 260300 packets, 0 dropped, 22657 assembled, 91 frame_drops
[2026-08-05T04:06:56Z INFO  net_transport::video_receiver] Recv stats: 260400 packets, 0 dropped, 22669 assembled, 91 frame_drops
[2026-08-05T04:06:56Z INFO  net_transport::video_receiver] Recv stats: 260500 packets, 0 dropped, 22669 assembled, 91 frame_drops
[2026-08-05T04:06:56Z INFO  net_transport::video_receiver] Recv stats: 260600 packets, 0 dropped, 22669 assembled, 91 frame_drops
[2026-08-05T04:06:57Z INFO  remote_display_client] Decoded: 22620 frames, 57.1 fps, avg decode 1.6ms
[2026-08-05T04:06:57Z INFO  net_transport::video_receiver] Recv stats: 260700 packets, 0 dropped, 22699 assembled, 91 frame_drops
[2026-08-05T04:06:57Z INFO  net_transport::video_receiver] Recv stats: 260800 packets, 0 dropped, 22699 assembled, 91 frame_drops
[2026-08-05T04:06:57Z INFO  net_transport::video_receiver] Recv stats: 260900 packets, 0 dropped, 22699 assembled, 91 frame_drops
[2026-08-05T04:06:58Z INFO  net_transport::video_receiver] Recv stats: 261000 packets, 0 dropped, 22729 assembled, 91 frame_drops
[2026-08-05T04:06:58Z INFO  net_transport::video_receiver] Recv stats: 261100 packets, 0 dropped, 22729 assembled, 91 frame_drops
[2026-08-05T04:06:58Z INFO  net_transport::video_receiver] Recv stats: 261200 packets, 0 dropped, 22729 assembled, 91 frame_drops
[2026-08-05T04:06:58Z INFO  net_transport::video_receiver] Recv stats: 261300 packets, 0 dropped, 22729 assembled, 91 frame_drops
[2026-08-05T04:06:58Z INFO  net_transport::video_receiver] Recv stats: 261400 packets, 0 dropped, 22759 assembled, 91 frame_drops
[2026-08-05T04:06:58Z INFO  net_transport::video_receiver] Recv stats: 261500 packets, 0 dropped, 22759 assembled, 91 frame_drops
[2026-08-05T04:06:58Z INFO  net_transport::video_receiver] Recv stats: 261600 packets, 0 dropped, 22759 assembled, 91 frame_drops
[2026-08-05T04:06:59Z INFO  net_transport::video_receiver] Recv stats: 261700 packets, 0 dropped, 22789 assembled, 91 frame_drops
[2026-08-05T04:06:59Z INFO  net_transport::video_receiver] Recv stats: 261800 packets, 0 dropped, 22789 assembled, 91 frame_drops
[2026-08-05T04:06:59Z INFO  net_transport::video_receiver] Recv stats: 261900 packets, 0 dropped, 22789 assembled, 91 frame_drops
[2026-08-05T04:06:59Z INFO  remote_display_client] Decoded: 22740 frames, 57.2 fps, avg decode 1.6ms
[2026-08-05T04:06:59Z INFO  net_transport::video_receiver] Recv stats: 262000 packets, 0 dropped, 22807 assembled, 91 frame_drops
[2026-08-05T04:06:59Z INFO  net_transport::video_receiver] Recv stats: 262100 packets, 0 dropped, 22819 assembled, 91 frame_drops
[2026-08-05T04:06:59Z INFO  net_transport::video_receiver] Recv stats: 262200 packets, 0 dropped, 22819 assembled, 91 frame_drops
[2026-08-05T04:06:59Z INFO  net_transport::video_receiver] Recv stats: 262300 packets, 0 dropped, 22819 assembled, 91 frame_drops
[2026-08-05T04:07:00Z INFO  net_transport::video_receiver] Recv stats: 262400 packets, 0 dropped, 22849 assembled, 91 frame_drops
[2026-08-05T04:07:00Z INFO  net_transport::video_receiver] Recv stats: 262500 packets, 0 dropped, 22849 assembled, 91 frame_drops
[2026-08-05T04:07:00Z INFO  net_transport::video_receiver] Recv stats: 262600 packets, 0 dropped, 22849 assembled, 91 frame_drops
[2026-08-05T04:07:00Z INFO  remote_display_client] Decoded: 22800 frames, 57.2 fps, avg decode 1.6ms
[2026-08-05T04:07:00Z INFO  net_transport::video_receiver] Recv stats: 262700 packets, 0 dropped, 22879 assembled, 91 frame_drops
[2026-08-05T04:07:00Z INFO  net_transport::video_receiver] Recv stats: 262800 packets, 0 dropped, 22879 assembled, 91 frame_drops
[2026-08-05T04:07:00Z INFO  net_transport::video_receiver] Recv stats: 262900 packets, 0 dropped, 22879 assembled, 91 frame_drops
[2026-08-05T04:07:00Z INFO  net_transport::video_receiver] Recv stats: 263000 packets, 0 dropped, 22879 assembled, 91 frame_drops
[2026-08-05T04:07:01Z INFO  net_transport::video_receiver] Recv stats: 263100 packets, 0 dropped, 22909 assembled, 91 frame_drops
[2026-08-05T04:07:01Z INFO  net_transport::video_receiver] Recv stats: 263200 packets, 0 dropped, 22909 assembled, 91 frame_drops
[2026-08-05T04:07:01Z INFO  net_transport::video_receiver] Recv stats: 263300 packets, 0 dropped, 22909 assembled, 91 frame_drops
[2026-08-05T04:07:01Z INFO  remote_display_client] Decoded: 22860 frames, 57.2 fps, avg decode 1.6ms
[2026-08-05T04:07:01Z INFO  net_transport::video_receiver] Recv stats: 263400 packets, 0 dropped, 22939 assembled, 91 frame_drops
[2026-08-05T04:07:01Z INFO  net_transport::video_receiver] Recv stats: 263500 packets, 0 dropped, 22939 assembled, 91 frame_drops
[2026-08-05T04:07:01Z INFO  net_transport::video_receiver] Recv stats: 263600 packets, 0 dropped, 22939 assembled, 91 frame_drops
[2026-08-05T04:07:01Z INFO  net_transport::video_receiver] Recv stats: 263700 packets, 0 dropped, 22957 assembled, 91 frame_drops
[2026-08-05T04:07:02Z INFO  net_transport::video_receiver] Recv stats: 263800 packets, 0 dropped, 22969 assembled, 91 frame_drops
[2026-08-05T04:07:02Z INFO  net_transport::video_receiver] Recv stats: 263900 packets, 0 dropped, 22969 assembled, 91 frame_drops
[2026-08-05T04:07:02Z INFO  net_transport::video_receiver] Recv stats: 264000 packets, 0 dropped, 22969 assembled, 91 frame_drops
[2026-08-05T04:07:02Z INFO  remote_display_client] Decoded: 22920 frames, 57.2 fps, avg decode 1.6ms
[2026-08-05T04:07:02Z INFO  net_transport::video_receiver] Recv stats: 264100 packets, 0 dropped, 22999 assembled, 91 frame_drops
[2026-08-05T04:07:02Z INFO  net_transport::video_receiver] Recv stats: 264200 packets, 0 dropped, 22999 assembled, 91 frame_drops
[2026-08-05T04:07:02Z INFO  net_transport::video_receiver] Recv stats: 264300 packets, 0 dropped, 22999 assembled, 91 frame_drops
[2026-08-05T04:07:03Z INFO  net_transport::video_receiver] Recv stats: 264400 packets, 0 dropped, 23029 assembled, 91 frame_drops
[2026-08-05T04:07:03Z INFO  net_transport::video_receiver] Recv stats: 264500 packets, 0 dropped, 23029 assembled, 91 frame_drops
[2026-08-05T04:07:03Z INFO  net_transport::video_receiver] Recv stats: 264600 packets, 0 dropped, 23029 assembled, 91 frame_drops
[2026-08-05T04:07:03Z INFO  net_transport::video_receiver] Recv stats: 264700 packets, 0 dropped, 23029 assembled, 91 frame_drops
[2026-08-05T04:07:03Z INFO  remote_display_client] Decoded: 22980 frames, 57.2 fps, avg decode 1.6ms
[2026-08-05T04:07:03Z INFO  net_transport::video_receiver] Recv stats: 264800 packets, 0 dropped, 23059 assembled, 91 frame_drops
[2026-08-05T04:07:03Z INFO  net_transport::video_receiver] Recv stats: 264900 packets, 0 dropped, 23059 assembled, 91 frame_drops
[2026-08-05T04:07:03Z INFO  net_transport::video_receiver] Recv stats: 265000 packets, 0 dropped, 23059 assembled, 91 frame_drops
[2026-08-05T04:07:04Z INFO  net_transport::video_receiver] Recv stats: 265100 packets, 0 dropped, 23089 assembled, 91 frame_drops
[2026-08-05T04:07:04Z INFO  net_transport::video_receiver] Recv stats: 265200 packets, 0 dropped, 23089 assembled, 91 frame_drops
[2026-08-05T04:07:04Z INFO  net_transport::video_receiver] Recv stats: 265300 packets, 0 dropped, 23089 assembled, 91 frame_drops
[2026-08-05T04:07:04Z INFO  remote_display_client] Decoded: 23040 frames, 57.2 fps, avg decode 1.6ms
[2026-08-05T04:07:04Z INFO  net_transport::video_receiver] Recv stats: 265400 packets, 0 dropped, 23107 assembled, 91 frame_drops
[2026-08-05T04:07:04Z INFO  net_transport::video_receiver] Recv stats: 265500 packets, 0 dropped, 23119 assembled, 91 frame_drops
[2026-08-05T04:07:04Z INFO  net_transport::video_receiver] Recv stats: 265600 packets, 0 dropped, 23119 assembled, 91 frame_drops
[2026-08-05T04:07:04Z INFO  net_transport::video_receiver] Recv stats: 265700 packets, 0 dropped, 23119 assembled, 91 frame_drops
[2026-08-05T04:07:05Z INFO  net_transport::video_receiver] Recv stats: 265800 packets, 0 dropped, 23149 assembled, 91 frame_drops
[2026-08-05T04:07:05Z INFO  net_transport::video_receiver] Recv stats: 265900 packets, 0 dropped, 23149 assembled, 91 frame_drops
[2026-08-05T04:07:05Z INFO  net_transport::video_receiver] Recv stats: 266000 packets, 0 dropped, 23149 assembled, 91 frame_drops
[2026-08-05T04:07:05Z INFO  remote_display_client] Decoded: 23100 frames, 57.2 fps, avg decode 1.6ms
[2026-08-05T04:07:05Z INFO  net_transport::video_receiver] Recv stats: 266100 packets, 0 dropped, 23179 assembled, 91 frame_drops
[2026-08-05T04:07:05Z INFO  net_transport::video_receiver] Recv stats: 266200 packets, 0 dropped, 23179 assembled, 91 frame_drops
[2026-08-05T04:07:05Z INFO  net_transport::video_receiver] Recv stats: 266300 packets, 0 dropped, 23179 assembled, 91 frame_drops
[2026-08-05T04:07:05Z INFO  net_transport::video_receiver] Recv stats: 266400 packets, 0 dropped, 23179 assembled, 91 frame_drops
[2026-08-05T04:07:06Z INFO  net_transport::video_receiver] Recv stats: 266500 packets, 0 dropped, 23209 assembled, 91 frame_drops
[2026-08-05T04:07:06Z INFO  net_transport::video_receiver] Recv stats: 266600 packets, 0 dropped, 23209 assembled, 91 frame_drops
[2026-08-05T04:07:06Z INFO  net_transport::video_receiver] Recv stats: 266700 packets, 0 dropped, 23209 assembled, 91 frame_drops
[2026-08-05T04:07:06Z INFO  remote_display_client] Decoded: 23160 frames, 57.2 fps, avg decode 1.6ms
[2026-08-05T04:07:06Z INFO  net_transport::video_receiver] Recv stats: 266800 packets, 0 dropped, 23239 assembled, 91 frame_drops
[2026-08-05T04:07:06Z INFO  net_transport::video_receiver] Recv stats: 266900 packets, 0 dropped, 23239 assembled, 91 frame_drops
[2026-08-05T04:07:06Z INFO  net_transport::video_receiver] Recv stats: 267000 packets, 0 dropped, 23239 assembled, 91 frame_drops
[2026-08-05T04:07:07Z INFO  net_transport::video_receiver] Recv stats: 267100 packets, 0 dropped, 23257 assembled, 91 frame_drops
[2026-08-05T04:07:07Z INFO  net_transport::video_receiver] Recv stats: 267200 packets, 0 dropped, 23269 assembled, 91 frame_drops
[2026-08-05T04:07:07Z INFO  net_transport::video_receiver] Recv stats: 267300 packets, 0 dropped, 23269 assembled, 91 frame_drops
[2026-08-05T04:07:07Z INFO  net_transport::video_receiver] Recv stats: 267400 packets, 0 dropped, 23269 assembled, 91 frame_drops
[2026-08-05T04:07:07Z INFO  remote_display_client] Decoded: 23220 frames, 57.2 fps, avg decode 1.6ms
[2026-08-05T04:07:07Z INFO  net_transport::video_receiver] Recv stats: 267500 packets, 0 dropped, 23299 assembled, 91 frame_drops
[2026-08-05T04:07:07Z INFO  net_transport::video_receiver] Recv stats: 267600 packets, 0 dropped, 23299 assembled, 91 frame_drops
[2026-08-05T04:07:07Z INFO  net_transport::video_receiver] Recv stats: 267700 packets, 0 dropped, 23299 assembled, 91 frame_drops
[2026-08-05T04:07:08Z INFO  net_transport::video_receiver] Recv stats: 267800 packets, 0 dropped, 23329 assembled, 91 frame_drops
[2026-08-05T04:07:08Z INFO  net_transport::video_receiver] Recv stats: 267900 packets, 0 dropped, 23329 assembled, 91 frame_drops
[2026-08-05T04:07:08Z INFO  net_transport::video_receiver] Recv stats: 268000 packets, 0 dropped, 23329 assembled, 91 frame_drops
[2026-08-05T04:07:08Z INFO  net_transport::video_receiver] Recv stats: 268100 packets, 0 dropped, 23329 assembled, 91 frame_drops
[2026-08-05T04:07:08Z INFO  remote_display_client] Decoded: 23280 frames, 57.2 fps, avg decode 1.6ms
[2026-08-05T04:07:08Z INFO  net_transport::video_receiver] Recv stats: 268200 packets, 0 dropped, 23359 assembled, 91 frame_drops
[2026-08-05T04:07:08Z INFO  net_transport::video_receiver] Recv stats: 268300 packets, 0 dropped, 23359 assembled, 91 frame_drops
[2026-08-05T04:07:08Z INFO  net_transport::video_receiver] Recv stats: 268400 packets, 0 dropped, 23359 assembled, 91 frame_drops
[2026-08-05T04:07:09Z INFO  net_transport::video_receiver] Recv stats: 268500 packets, 0 dropped, 23389 assembled, 91 frame_drops
[2026-08-05T04:07:09Z INFO  net_transport::video_receiver] Recv stats: 268600 packets, 0 dropped, 23389 assembled, 91 frame_drops
[2026-08-05T04:07:09Z INFO  net_transport::video_receiver] Recv stats: 268700 packets, 0 dropped, 23389 assembled, 91 frame_drops
[2026-08-05T04:07:09Z INFO  remote_display_client] Decoded: 23340 frames, 57.2 fps, avg decode 1.6ms
[2026-08-05T04:07:09Z INFO  net_transport::video_receiver] Recv stats: 268800 packets, 0 dropped, 23405 assembled, 91 frame_drops
[2026-08-05T04:07:09Z INFO  net_transport::video_receiver] Recv stats: 268900 packets, 0 dropped, 23419 assembled, 91 frame_drops
[2026-08-05T04:07:09Z INFO  net_transport::video_receiver] Recv stats: 269000 packets, 0 dropped, 23419 assembled, 91 frame_drops
[2026-08-05T04:07:09Z INFO  net_transport::video_receiver] Recv stats: 269100 packets, 0 dropped, 23419 assembled, 91 frame_drops
[2026-08-05T04:07:10Z INFO  net_transport::video_receiver] Recv stats: 269200 packets, 0 dropped, 23449 assembled, 91 frame_drops
[2026-08-05T04:07:10Z INFO  net_transport::video_receiver] Recv stats: 269300 packets, 0 dropped, 23449 assembled, 91 frame_drops
[2026-08-05T04:07:10Z INFO  net_transport::video_receiver] Recv stats: 269400 packets, 0 dropped, 23449 assembled, 91 frame_drops
[2026-08-05T04:07:10Z INFO  remote_display_client] Decoded: 23400 frames, 57.2 fps, avg decode 1.6ms
[2026-08-05T04:07:10Z INFO  net_transport::video_receiver] Recv stats: 269500 packets, 0 dropped, 23479 assembled, 91 frame_drops
[2026-08-05T04:07:10Z INFO  net_transport::video_receiver] Recv stats: 269600 packets, 0 dropped, 23479 assembled, 91 frame_drops
[2026-08-05T04:07:10Z INFO  net_transport::video_receiver] Recv stats: 269700 packets, 0 dropped, 23479 assembled, 91 frame_drops
[2026-08-05T04:07:10Z INFO  net_transport::video_receiver] Recv stats: 269800 packets, 0 dropped, 23479 assembled, 91 frame_drops
[2026-08-05T04:07:11Z INFO  net_transport::video_receiver] Recv stats: 269900 packets, 0 dropped, 23509 assembled, 91 frame_drops
[2026-08-05T04:07:11Z INFO  net_transport::video_receiver] Recv stats: 270000 packets, 0 dropped, 23509 assembled, 91 frame_drops
[2026-08-05T04:07:11Z INFO  net_transport::video_receiver] Recv stats: 270100 packets, 0 dropped, 23509 assembled, 91 frame_drops
[2026-08-05T04:07:11Z INFO  remote_display_client] Decoded: 23460 frames, 57.2 fps, avg decode 1.6ms
[2026-08-05T04:07:11Z INFO  net_transport::video_receiver] Recv stats: 270200 packets, 0 dropped, 23539 assembled, 91 frame_drops
[2026-08-05T04:07:11Z INFO  net_transport::video_receiver] Recv stats: 270300 packets, 0 dropped, 23539 assembled, 91 frame_drops
[2026-08-05T04:07:11Z INFO  net_transport::video_receiver] Recv stats: 270400 packets, 0 dropped, 23539 assembled, 91 frame_drops
[2026-08-05T04:07:12Z INFO  net_transport::video_receiver] Recv stats: 270500 packets, 0 dropped, 23559 assembled, 91 frame_drops
[2026-08-05T04:07:12Z INFO  net_transport::video_receiver] Recv stats: 270600 packets, 0 dropped, 23569 assembled, 91 frame_drops
[2026-08-05T04:07:12Z INFO  net_transport::video_receiver] Recv stats: 270700 packets, 0 dropped, 23569 assembled, 91 frame_drops
[2026-08-05T04:07:12Z INFO  net_transport::video_receiver] Recv stats: 270800 packets, 0 dropped, 23569 assembled, 91 frame_drops
[2026-08-05T04:07:12Z INFO  remote_display_client] Decoded: 23520 frames, 57.2 fps, avg decode 1.6ms
[2026-08-05T04:07:13Z INFO  net_transport::video_receiver] Recv stats: 270900 packets, 0 dropped, 23599 assembled, 91 frame_drops
[2026-08-05T04:07:13Z INFO  net_transport::video_receiver] Recv stats: 271000 packets, 0 dropped, 23599 assembled, 91 frame_drops
[2026-08-05T04:07:13Z INFO  net_transport::video_receiver] Recv stats: 271100 packets, 0 dropped, 23599 assembled, 91 frame_drops
[2026-08-05T04:07:13Z INFO  net_transport::video_receiver] Recv stats: 271200 packets, 0 dropped, 23629 assembled, 91 frame_drops
[2026-08-05T04:07:13Z INFO  net_transport::video_receiver] Recv stats: 271300 packets, 0 dropped, 23629 assembled, 91 frame_drops
[2026-08-05T04:07:13Z INFO  net_transport::video_receiver] Recv stats: 271400 packets, 0 dropped, 23629 assembled, 91 frame_drops
[2026-08-05T04:07:13Z INFO  net_transport::video_receiver] Recv stats: 271500 packets, 0 dropped, 23632 assembled, 91 frame_drops
[2026-08-05T04:07:13Z INFO  remote_display_client] Decoded: 23580 frames, 57.2 fps, avg decode 1.6ms
[2026-08-05T04:07:14Z INFO  net_transport::video_receiver] Recv stats: 271600 packets, 0 dropped, 23659 assembled, 91 frame_drops
[2026-08-05T04:07:14Z INFO  net_transport::video_receiver] Recv stats: 271700 packets, 0 dropped, 23659 assembled, 91 frame_drops
[2026-08-05T04:07:14Z INFO  net_transport::video_receiver] Recv stats: 271800 packets, 0 dropped, 23659 assembled, 91 frame_drops
[2026-08-05T04:07:14Z INFO  net_transport::video_receiver] Recv stats: 271900 packets, 0 dropped, 23689 assembled, 91 frame_drops
[2026-08-05T04:07:14Z INFO  net_transport::video_receiver] Recv stats: 272000 packets, 0 dropped, 23689 assembled, 91 frame_drops
[2026-08-05T04:07:14Z INFO  net_transport::video_receiver] Recv stats: 272100 packets, 0 dropped, 23689 assembled, 91 frame_drops
[2026-08-05T04:07:14Z INFO  remote_display_client] Decoded: 23640 frames, 57.2 fps, avg decode 1.6ms
[2026-08-05T04:07:14Z INFO  net_transport::video_receiver] Recv stats: 272200 packets, 0 dropped, 23714 assembled, 91 frame_drops
[2026-08-05T04:07:15Z INFO  net_transport::video_receiver] Recv stats: 272300 packets, 0 dropped, 23719 assembled, 91 frame_drops
[2026-08-05T04:07:15Z INFO  net_transport::video_receiver] Recv stats: 272400 packets, 0 dropped, 23719 assembled, 91 frame_drops
[2026-08-05T04:07:15Z INFO  net_transport::video_receiver] Recv stats: 272500 packets, 0 dropped, 23719 assembled, 91 frame_drops
[2026-08-05T04:07:15Z INFO  net_transport::video_receiver] Recv stats: 272600 packets, 0 dropped, 23749 assembled, 91 frame_drops
[2026-08-05T04:07:15Z INFO  net_transport::video_receiver] Recv stats: 272700 packets, 0 dropped, 23749 assembled, 91 frame_drops
[2026-08-05T04:07:15Z INFO  net_transport::video_receiver] Recv stats: 272800 packets, 0 dropped, 23749 assembled, 91 frame_drops
[2026-08-05T04:07:15Z INFO  remote_display_client] Decoded: 23700 frames, 57.2 fps, avg decode 1.6ms
[2026-08-05T04:07:16Z INFO  net_transport::video_receiver] Recv stats: 272900 packets, 0 dropped, 23779 assembled, 91 frame_drops
[2026-08-05T04:07:16Z INFO  net_transport::video_receiver] Recv stats: 273000 packets, 0 dropped, 23779 assembled, 91 frame_drops
[2026-08-05T04:07:16Z INFO  net_transport::video_receiver] Recv stats: 273100 packets, 0 dropped, 23779 assembled, 91 frame_drops
[2026-08-05T04:07:16Z INFO  net_transport::video_receiver] Recv stats: 273200 packets, 0 dropped, 23787 assembled, 91 frame_drops
[2026-08-05T04:07:16Z INFO  net_transport::video_receiver] Recv stats: 273300 packets, 0 dropped, 23809 assembled, 91 frame_drops
[2026-08-05T04:07:16Z INFO  net_transport::video_receiver] Recv stats: 273400 packets, 0 dropped, 23809 assembled, 91 frame_drops
[2026-08-05T04:07:16Z INFO  net_transport::video_receiver] Recv stats: 273500 packets, 0 dropped, 23809 assembled, 91 frame_drops
[2026-08-05T04:07:16Z INFO  remote_display_client] Decoded: 23760 frames, 57.2 fps, avg decode 1.6ms
[2026-08-05T04:07:17Z INFO  net_transport::video_receiver] Recv stats: 273600 packets, 0 dropped, 23839 assembled, 91 frame_drops
[2026-08-05T04:07:17Z INFO  net_transport::video_receiver] Recv stats: 273700 packets, 0 dropped, 23839 assembled, 91 frame_drops
[2026-08-05T04:07:17Z INFO  net_transport::video_receiver] Recv stats: 273800 packets, 0 dropped, 23839 assembled, 91 frame_drops
[2026-08-05T04:07:17Z INFO  net_transport::video_receiver] Recv stats: 273900 packets, 0 dropped, 23869 assembled, 91 frame_drops
[2026-08-05T04:07:17Z INFO  net_transport::video_receiver] Recv stats: 274000 packets, 0 dropped, 23869 assembled, 91 frame_drops
[2026-08-05T04:07:17Z INFO  net_transport::video_receiver] Recv stats: 274100 packets, 0 dropped, 23869 assembled, 91 frame_drops
[2026-08-05T04:07:17Z INFO  net_transport::video_receiver] Recv stats: 274200 packets, 0 dropped, 23869 assembled, 91 frame_drops
[2026-08-05T04:07:17Z INFO  remote_display_client] Decoded: 23820 frames, 57.2 fps, avg decode 1.6ms
[2026-08-05T04:07:18Z INFO  net_transport::video_receiver] Recv stats: 274300 packets, 0 dropped, 23899 assembled, 91 frame_drops
[2026-08-05T04:07:18Z INFO  net_transport::video_receiver] Recv stats: 274400 packets, 0 dropped, 23899 assembled, 91 frame_drops
[2026-08-05T04:07:18Z INFO  net_transport::video_receiver] Recv stats: 274500 packets, 0 dropped, 23899 assembled, 91 frame_drops
[2026-08-05T04:07:18Z INFO  net_transport::video_receiver] Recv stats: 274600 packets, 0 dropped, 23929 assembled, 91 frame_drops
[2026-08-05T04:07:18Z INFO  net_transport::video_receiver] Recv stats: 274700 packets, 0 dropped, 23929 assembled, 91 frame_drops
[2026-08-05T04:07:18Z INFO  net_transport::video_receiver] Recv stats: 274800 packets, 0 dropped, 23929 assembled, 91 frame_drops
[2026-08-05T04:07:18Z INFO  remote_display_client] Decoded: 23880 frames, 57.2 fps, avg decode 1.6ms
[2026-08-05T04:07:18Z INFO  net_transport::video_receiver] Recv stats: 274900 packets, 0 dropped, 23942 assembled, 91 frame_drops
[2026-08-05T04:07:19Z INFO  net_transport::video_receiver] Recv stats: 275000 packets, 0 dropped, 23959 assembled, 91 frame_drops
[2026-08-05T04:07:19Z INFO  net_transport::video_receiver] Recv stats: 275100 packets, 0 dropped, 23959 assembled, 91 frame_drops
[2026-08-05T04:07:19Z INFO  net_transport::video_receiver] Recv stats: 275200 packets, 0 dropped, 23959 assembled, 91 frame_drops
[2026-08-05T04:07:19Z INFO  net_transport::video_receiver] Recv stats: 275300 packets, 0 dropped, 23989 assembled, 91 frame_drops
[2026-08-05T04:07:19Z INFO  net_transport::video_receiver] Recv stats: 275400 packets, 0 dropped, 23989 assembled, 91 frame_drops
[2026-08-05T04:07:19Z INFO  net_transport::video_receiver] Recv stats: 275500 packets, 0 dropped, 23989 assembled, 91 frame_drops
[2026-08-05T04:07:19Z INFO  remote_display_client] Decoded: 23940 frames, 57.2 fps, avg decode 1.6ms
[2026-08-05T04:07:20Z INFO  net_transport::video_receiver] Recv stats: 275600 packets, 0 dropped, 24019 assembled, 91 frame_drops
[2026-08-05T04:07:20Z INFO  net_transport::video_receiver] Recv stats: 275700 packets, 0 dropped, 24019 assembled, 91 frame_drops
[2026-08-05T04:07:20Z INFO  net_transport::video_receiver] Recv stats: 275800 packets, 0 dropped, 24019 assembled, 91 frame_drops
[2026-08-05T04:07:20Z INFO  net_transport::video_receiver] Recv stats: 275900 packets, 0 dropped, 24019 assembled, 91 frame_drops
[2026-08-05T04:07:20Z INFO  net_transport::video_receiver] Recv stats: 276000 packets, 0 dropped, 24049 assembled, 91 frame_drops
[2026-08-05T04:07:20Z INFO  net_transport::video_receiver] Recv stats: 276100 packets, 0 dropped, 24049 assembled, 91 frame_drops
[2026-08-05T04:07:20Z INFO  net_transport::video_receiver] Recv stats: 276200 packets, 0 dropped, 24049 assembled, 91 frame_drops
[2026-08-05T04:07:20Z INFO  remote_display_client] Decoded: 24000 frames, 57.2 fps, avg decode 1.6ms
[2026-08-05T04:07:21Z INFO  net_transport::video_receiver] Recv stats: 276300 packets, 0 dropped, 24079 assembled, 91 frame_drops
[2026-08-05T04:07:21Z INFO  net_transport::video_receiver] Recv stats: 276400 packets, 0 dropped, 24079 assembled, 91 frame_drops
[2026-08-05T04:07:21Z INFO  net_transport::video_receiver] Recv stats: 276500 packets, 0 dropped, 24079 assembled, 91 frame_drops
[2026-08-05T04:07:21Z INFO  net_transport::video_receiver] Recv stats: 276600 packets, 0 dropped, 24097 assembled, 91 frame_drops
[2026-08-05T04:07:21Z INFO  net_transport::video_receiver] Recv stats: 276700 packets, 0 dropped, 24109 assembled, 91 frame_drops
[2026-08-05T04:07:21Z INFO  net_transport::video_receiver] Recv stats: 276800 packets, 0 dropped, 24109 assembled, 91 frame_drops
[2026-08-05T04:07:21Z INFO  net_transport::video_receiver] Recv stats: 276900 packets, 0 dropped, 24109 assembled, 91 frame_drops
[2026-08-05T04:07:21Z INFO  remote_display_client] Decoded: 24060 frames, 57.2 fps, avg decode 1.6ms
[2026-08-05T04:07:22Z INFO  net_transport::video_receiver] Recv stats: 277000 packets, 0 dropped, 24139 assembled, 91 frame_drops
[2026-08-05T04:07:22Z INFO  net_transport::video_receiver] Recv stats: 277100 packets, 0 dropped, 24139 assembled, 91 frame_drops
[2026-08-05T04:07:22Z INFO  net_transport::video_receiver] Recv stats: 277200 packets, 0 dropped, 24139 assembled, 91 frame_drops
[2026-08-05T04:07:22Z INFO  net_transport::video_receiver] Recv stats: 277300 packets, 0 dropped, 24169 assembled, 91 frame_drops
[2026-08-05T04:07:22Z INFO  net_transport::video_receiver] Recv stats: 277400 packets, 0 dropped, 24169 assembled, 91 frame_drops
[2026-08-05T04:07:22Z INFO  net_transport::video_receiver] Recv stats: 277500 packets, 0 dropped, 24169 assembled, 91 frame_drops
[2026-08-05T04:07:22Z INFO  net_transport::video_receiver] Recv stats: 277600 packets, 0 dropped, 24170 assembled, 91 frame_drops
[2026-08-05T04:07:22Z INFO  remote_display_client] Decoded: 24120 frames, 57.2 fps, avg decode 1.6ms
[2026-08-05T04:07:23Z INFO  net_transport::video_receiver] Recv stats: 277700 packets, 0 dropped, 24199 assembled, 91 frame_drops
[2026-08-05T04:07:23Z INFO  net_transport::video_receiver] Recv stats: 277800 packets, 0 dropped, 24199 assembled, 91 frame_drops
[2026-08-05T04:07:23Z INFO  net_transport::video_receiver] Recv stats: 277900 packets, 0 dropped, 24199 assembled, 91 frame_drops
[2026-08-05T04:07:23Z INFO  net_transport::video_receiver] Recv stats: 278000 packets, 0 dropped, 24229 assembled, 91 frame_drops
[2026-08-05T04:07:23Z INFO  net_transport::video_receiver] Recv stats: 278100 packets, 0 dropped, 24229 assembled, 91 frame_drops
[2026-08-05T04:07:23Z INFO  net_transport::video_receiver] Recv stats: 278200 packets, 0 dropped, 24229 assembled, 91 frame_drops
[2026-08-05T04:07:24Z INFO  remote_display_client] Decoded: 24180 frames, 57.2 fps, avg decode 1.6ms
[2026-08-05T04:07:24Z INFO  net_transport::video_receiver] Recv stats: 278300 packets, 0 dropped, 24252 assembled, 91 frame_drops
[2026-08-05T04:07:24Z INFO  net_transport::video_receiver] Recv stats: 278400 packets, 0 dropped, 24259 assembled, 91 frame_drops
[2026-08-05T04:07:24Z INFO  net_transport::video_receiver] Recv stats: 278500 packets, 0 dropped, 24259 assembled, 91 frame_drops
[2026-08-05T04:07:24Z INFO  net_transport::video_receiver] Recv stats: 278600 packets, 0 dropped, 24259 assembled, 91 frame_drops
[2026-08-05T04:07:24Z INFO  net_transport::video_receiver] Recv stats: 278700 packets, 0 dropped, 24289 assembled, 91 frame_drops
[2026-08-05T04:07:24Z INFO  net_transport::video_receiver] Recv stats: 278800 packets, 0 dropped, 24289 assembled, 91 frame_drops
[2026-08-05T04:07:24Z INFO  net_transport::video_receiver] Recv stats: 278900 packets, 0 dropped, 24289 assembled, 91 frame_drops
[2026-08-05T04:07:25Z INFO  remote_display_client] Decoded: 24240 frames, 57.2 fps, avg decode 1.6ms
[2026-08-05T04:07:25Z INFO  net_transport::video_receiver] Recv stats: 279000 packets, 0 dropped, 24319 assembled, 91 frame_drops
[2026-08-05T04:07:25Z INFO  net_transport::video_receiver] Recv stats: 279100 packets, 0 dropped, 24319 assembled, 91 frame_drops
[2026-08-05T04:07:25Z INFO  net_transport::video_receiver] Recv stats: 279200 packets, 0 dropped, 24319 assembled, 91 frame_drops
[2026-08-05T04:07:25Z INFO  net_transport::video_receiver] Recv stats: 279300 packets, 0 dropped, 24325 assembled, 91 frame_drops
[2026-08-05T04:07:25Z INFO  net_transport::video_receiver] Recv stats: 279400 packets, 0 dropped, 24349 assembled, 91 frame_drops
[2026-08-05T04:07:25Z INFO  net_transport::video_receiver] Recv stats: 279500 packets, 0 dropped, 24349 assembled, 91 frame_drops
[2026-08-05T04:07:25Z INFO  net_transport::video_receiver] Recv stats: 279600 packets, 0 dropped, 24349 assembled, 91 frame_drops
[2026-08-05T04:07:26Z INFO  remote_display_client] Decoded: 24300 frames, 57.2 fps, avg decode 1.6ms
[2026-08-05T04:07:26Z INFO  net_transport::video_receiver] Recv stats: 279700 packets, 0 dropped, 24379 assembled, 91 frame_drops
[2026-08-05T04:07:26Z INFO  net_transport::video_receiver] Recv stats: 279800 packets, 0 dropped, 24379 assembled, 91 frame_drops
[2026-08-05T04:07:26Z INFO  net_transport::video_receiver] Recv stats: 279900 packets, 0 dropped, 24379 assembled, 91 frame_drops
[2026-08-05T04:07:26Z INFO  net_transport::video_receiver] Recv stats: 280000 packets, 0 dropped, 24407 assembled, 91 frame_drops
[2026-08-05T04:07:26Z INFO  net_transport::video_receiver] Recv stats: 280100 packets, 0 dropped, 24409 assembled, 91 frame_drops
[2026-08-05T04:07:26Z INFO  net_transport::video_receiver] Recv stats: 280200 packets, 0 dropped, 24409 assembled, 91 frame_drops
[2026-08-05T04:07:26Z INFO  net_transport::video_receiver] Recv stats: 280300 packets, 0 dropped, 24409 assembled, 91 frame_drops
[2026-08-05T04:07:27Z INFO  remote_display_client] Decoded: 24360 frames, 57.2 fps, avg decode 1.6ms
[2026-08-05T04:07:27Z INFO  net_transport::video_receiver] Recv stats: 280400 packets, 0 dropped, 24439 assembled, 91 frame_drops
[2026-08-05T04:07:27Z INFO  net_transport::video_receiver] Recv stats: 280500 packets, 0 dropped, 24439 assembled, 91 frame_drops
[2026-08-05T04:07:27Z INFO  net_transport::video_receiver] Recv stats: 280600 packets, 0 dropped, 24439 assembled, 91 frame_drops
[2026-08-05T04:07:27Z INFO  net_transport::video_receiver] Recv stats: 280700 packets, 0 dropped, 24469 assembled, 91 frame_drops
[2026-08-05T04:07:27Z INFO  net_transport::video_receiver] Recv stats: 280800 packets, 0 dropped, 24469 assembled, 91 frame_drops
[2026-08-05T04:07:27Z INFO  net_transport::video_receiver] Recv stats: 280900 packets, 0 dropped, 24469 assembled, 91 frame_drops
[2026-08-05T04:07:28Z INFO  remote_display_client] Decoded: 24420 frames, 57.2 fps, avg decode 1.6ms
[2026-08-05T04:07:28Z INFO  net_transport::video_receiver] Recv stats: 281000 packets, 0 dropped, 24480 assembled, 91 frame_drops
[2026-08-05T04:07:28Z INFO  net_transport::video_receiver] Recv stats: 281100 packets, 0 dropped, 24499 assembled, 91 frame_drops
[2026-08-05T04:07:28Z INFO  net_transport::video_receiver] Recv stats: 281200 packets, 0 dropped, 24499 assembled, 91 frame_drops
[2026-08-05T04:07:28Z INFO  net_transport::video_receiver] Recv stats: 281300 packets, 0 dropped, 24499 assembled, 91 frame_drops
[2026-08-05T04:07:29Z INFO  net_transport::video_receiver] Recv stats: 281400 packets, 0 dropped, 24529 assembled, 91 frame_drops
[2026-08-05T04:07:29Z INFO  net_transport::video_receiver] Recv stats: 281500 packets, 0 dropped, 24529 assembled, 91 frame_drops
[2026-08-05T04:07:29Z INFO  net_transport::video_receiver] Recv stats: 281600 packets, 0 dropped, 24529 assembled, 91 frame_drops
[2026-08-05T04:07:29Z INFO  remote_display_client] Decoded: 24480 frames, 57.2 fps, avg decode 1.6ms
[2026-08-05T04:07:29Z INFO  net_transport::video_receiver] Recv stats: 281700 packets, 0 dropped, 24559 assembled, 91 frame_drops
[2026-08-05T04:07:29Z INFO  net_transport::video_receiver] Recv stats: 281800 packets, 0 dropped, 24559 assembled, 91 frame_drops
[2026-08-05T04:07:29Z INFO  net_transport::video_receiver] Recv stats: 281900 packets, 0 dropped, 24559 assembled, 91 frame_drops
[2026-08-05T04:07:29Z INFO  net_transport::video_receiver] Recv stats: 282000 packets, 0 dropped, 24559 assembled, 91 frame_drops
[2026-08-05T04:07:30Z INFO  net_transport::video_receiver] Recv stats: 282100 packets, 0 dropped, 24589 assembled, 91 frame_drops
[2026-08-05T04:07:30Z INFO  net_transport::video_receiver] Recv stats: 282200 packets, 0 dropped, 24589 assembled, 91 frame_drops
[2026-08-05T04:07:30Z INFO  net_transport::video_receiver] Recv stats: 282300 packets, 0 dropped, 24589 assembled, 91 frame_drops
[2026-08-05T04:07:30Z INFO  remote_display_client] Decoded: 24540 frames, 57.2 fps, avg decode 1.6ms
[2026-08-05T04:07:30Z INFO  net_transport::video_receiver] Recv stats: 282400 packets, 0 dropped, 24619 assembled, 91 frame_drops
[2026-08-05T04:07:30Z INFO  net_transport::video_receiver] Recv stats: 282500 packets, 0 dropped, 24619 assembled, 91 frame_drops
[2026-08-05T04:07:30Z INFO  net_transport::video_receiver] Recv stats: 282600 packets, 0 dropped, 24619 assembled, 91 frame_drops
[2026-08-05T04:07:30Z INFO  net_transport::video_receiver] Recv stats: 282700 packets, 0 dropped, 24635 assembled, 91 frame_drops
[2026-08-05T04:07:31Z INFO  net_transport::video_receiver] Recv stats: 282800 packets, 0 dropped, 24649 assembled, 91 frame_drops
[2026-08-05T04:07:31Z INFO  net_transport::video_receiver] Recv stats: 282900 packets, 0 dropped, 24649 assembled, 91 frame_drops
[2026-08-05T04:07:31Z INFO  net_transport::video_receiver] Recv stats: 283000 packets, 0 dropped, 24649 assembled, 91 frame_drops
[2026-08-05T04:07:31Z INFO  remote_display_client] Decoded: 24600 frames, 57.2 fps, avg decode 1.6ms
[2026-08-05T04:07:31Z INFO  net_transport::video_receiver] Recv stats: 283100 packets, 0 dropped, 24679 assembled, 91 frame_drops
[2026-08-05T04:07:31Z INFO  net_transport::video_receiver] Recv stats: 283200 packets, 0 dropped, 24679 assembled, 91 frame_drops
[2026-08-05T04:07:31Z INFO  net_transport::video_receiver] Recv stats: 283300 packets, 0 dropped, 24679 assembled, 91 frame_drops
[2026-08-05T04:07:32Z INFO  net_transport::video_receiver] Recv stats: 283400 packets, 0 dropped, 24709 assembled, 91 frame_drops
[2026-08-05T04:07:32Z INFO  net_transport::video_receiver] Recv stats: 283500 packets, 0 dropped, 24709 assembled, 91 frame_drops
[2026-08-05T04:07:32Z INFO  net_transport::video_receiver] Recv stats: 283600 packets, 0 dropped, 24709 assembled, 91 frame_drops
[2026-08-05T04:07:32Z INFO  remote_display_client] Decoded: 24660 frames, 57.2 fps, avg decode 1.6ms
[2026-08-05T04:07:32Z INFO  net_transport::video_receiver] Recv stats: 283700 packets, 0 dropped, 24725 assembled, 92 frame_drops
[2026-08-05T04:07:32Z INFO  net_transport::video_receiver] Recv stats: 283800 packets, 0 dropped, 24738 assembled, 92 frame_drops
[2026-08-05T04:07:32Z INFO  net_transport::video_receiver] Recv stats: 283900 packets, 0 dropped, 24738 assembled, 92 frame_drops
[2026-08-05T04:07:32Z INFO  net_transport::video_receiver] Recv stats: 284000 packets, 0 dropped, 24738 assembled, 92 frame_drops
[2026-08-05T04:07:33Z INFO  net_transport::video_receiver] Recv stats: 284100 packets, 0 dropped, 24768 assembled, 92 frame_drops
[2026-08-05T04:07:33Z INFO  net_transport::video_receiver] Recv stats: 284200 packets, 0 dropped, 24768 assembled, 92 frame_drops
[2026-08-05T04:07:33Z INFO  net_transport::video_receiver] Recv stats: 284300 packets, 0 dropped, 24768 assembled, 92 frame_drops
[2026-08-05T04:07:33Z INFO  net_transport::video_receiver] Recv stats: 284400 packets, 0 dropped, 24798 assembled, 92 frame_drops
[2026-08-05T04:07:33Z INFO  net_transport::video_receiver] Recv stats: 284500 packets, 0 dropped, 24798 assembled, 92 frame_drops
[2026-08-05T04:07:33Z INFO  net_transport::video_receiver] Recv stats: 284600 packets, 0 dropped, 24798 assembled, 92 frame_drops
[2026-08-05T04:07:33Z INFO  net_transport::video_receiver] Recv stats: 284700 packets, 0 dropped, 24798 assembled, 92 frame_drops
[2026-08-05T04:07:34Z INFO  net_transport::video_receiver] Recv stats: 284800 packets, 0 dropped, 24828 assembled, 92 frame_drops
[2026-08-05T04:07:34Z INFO  net_transport::video_receiver] Recv stats: 284900 packets, 0 dropped, 24828 assembled, 92 frame_drops
[2026-08-05T04:07:34Z INFO  net_transport::video_receiver] Recv stats: 285000 packets, 0 dropped, 24828 assembled, 92 frame_drops
[2026-08-05T04:07:34Z INFO  remote_display_client] Decoded: 24780 frames, 57.2 fps, avg decode 1.6ms
[2026-08-05T04:07:34Z INFO  net_transport::video_receiver] Recv stats: 285100 packets, 0 dropped, 24858 assembled, 92 frame_drops
[2026-08-05T04:07:34Z INFO  net_transport::video_receiver] Recv stats: 285200 packets, 0 dropped, 24858 assembled, 92 frame_drops
[2026-08-05T04:07:34Z INFO  net_transport::video_receiver] Recv stats: 285300 packets, 0 dropped, 24858 assembled, 92 frame_drops
[2026-08-05T04:07:35Z INFO  net_transport::video_receiver] Recv stats: 285400 packets, 0 dropped, 24880 assembled, 92 frame_drops
[2026-08-05T04:07:35Z INFO  net_transport::video_receiver] Recv stats: 285500 packets, 0 dropped, 24888 assembled, 92 frame_drops
[2026-08-05T04:07:35Z INFO  net_transport::video_receiver] Recv stats: 285600 packets, 0 dropped, 24888 assembled, 92 frame_drops
[2026-08-05T04:07:35Z INFO  net_transport::video_receiver] Recv stats: 285700 packets, 0 dropped, 24888 assembled, 92 frame_drops
[2026-08-05T04:07:35Z INFO  remote_display_client] Decoded: 24840 frames, 57.2 fps, avg decode 1.6ms
[2026-08-05T04:07:35Z INFO  net_transport::video_receiver] Recv stats: 285800 packets, 0 dropped, 24918 assembled, 92 frame_drops
[2026-08-05T04:07:35Z INFO  net_transport::video_receiver] Recv stats: 285900 packets, 0 dropped, 24918 assembled, 92 frame_drops
[2026-08-05T04:07:35Z INFO  net_transport::video_receiver] Recv stats: 286000 packets, 0 dropped, 24918 assembled, 92 frame_drops
[2026-08-05T04:07:36Z INFO  net_transport::video_receiver] Recv stats: 286100 packets, 0 dropped, 24948 assembled, 92 frame_drops
[2026-08-05T04:07:36Z INFO  net_transport::video_receiver] Recv stats: 286200 packets, 0 dropped, 24948 assembled, 92 frame_drops
[2026-08-05T04:07:36Z INFO  net_transport::video_receiver] Recv stats: 286300 packets, 0 dropped, 24948 assembled, 92 frame_drops
[2026-08-05T04:07:36Z INFO  net_transport::video_receiver] Recv stats: 286400 packets, 0 dropped, 24953 assembled, 92 frame_drops
[2026-08-05T04:07:36Z INFO  net_transport::video_receiver] Recv stats: 286500 packets, 0 dropped, 24978 assembled, 92 frame_drops
[2026-08-05T04:07:36Z INFO  net_transport::video_receiver] Recv stats: 286600 packets, 0 dropped, 24978 assembled, 92 frame_drops
[2026-08-05T04:07:36Z INFO  net_transport::video_receiver] Recv stats: 286700 packets, 0 dropped, 24978 assembled, 92 frame_drops
[2026-08-05T04:07:37Z INFO  net_transport::video_receiver] Recv stats: 286800 packets, 0 dropped, 25008 assembled, 92 frame_drops
[2026-08-05T04:07:37Z INFO  net_transport::video_receiver] Recv stats: 286900 packets, 0 dropped, 25008 assembled, 92 frame_drops
[2026-08-05T04:07:37Z INFO  net_transport::video_receiver] Recv stats: 287000 packets, 0 dropped, 25008 assembled, 92 frame_drops
[2026-08-05T04:07:37Z INFO  remote_display_client] Decoded: 24960 frames, 57.2 fps, avg decode 1.6ms
[2026-08-05T04:07:37Z INFO  net_transport::video_receiver] Recv stats: 287100 packets, 0 dropped, 25035 assembled, 92 frame_drops
[2026-08-05T04:07:37Z INFO  net_transport::video_receiver] Recv stats: 287200 packets, 0 dropped, 25038 assembled, 92 frame_drops
[2026-08-05T04:07:37Z INFO  net_transport::video_receiver] Recv stats: 287300 packets, 0 dropped, 25038 assembled, 92 frame_drops
[2026-08-05T04:07:37Z INFO  net_transport::video_receiver] Recv stats: 287400 packets, 0 dropped, 25038 assembled, 92 frame_drops
[2026-08-05T04:07:38Z INFO  net_transport::video_receiver] Recv stats: 287500 packets, 0 dropped, 25068 assembled, 92 frame_drops
[2026-08-05T04:07:38Z INFO  net_transport::video_receiver] Recv stats: 287600 packets, 0 dropped, 25068 assembled, 92 frame_drops
[2026-08-05T04:07:38Z INFO  net_transport::video_receiver] Recv stats: 287700 packets, 0 dropped, 25068 assembled, 92 frame_drops
[2026-08-05T04:07:38Z INFO  remote_display_client] Decoded: 25020 frames, 57.2 fps, avg decode 1.6ms
[2026-08-05T04:07:38Z INFO  net_transport::video_receiver] Recv stats: 287800 packets, 0 dropped, 25098 assembled, 92 frame_drops
[2026-08-05T04:07:38Z INFO  net_transport::video_receiver] Recv stats: 287900 packets, 0 dropped, 25098 assembled, 92 frame_drops
[2026-08-05T04:07:38Z INFO  net_transport::video_receiver] Recv stats: 288000 packets, 0 dropped, 25098 assembled, 92 frame_drops
[2026-08-05T04:07:39Z INFO  net_transport::video_receiver] Recv stats: 288100 packets, 0 dropped, 25108 assembled, 92 frame_drops
[2026-08-05T04:07:39Z INFO  net_transport::video_receiver] Recv stats: 288200 packets, 0 dropped, 25128 assembled, 92 frame_drops
[2026-08-05T04:07:39Z INFO  net_transport::video_receiver] Recv stats: 288300 packets, 0 dropped, 25128 assembled, 92 frame_drops
[2026-08-05T04:07:39Z INFO  net_transport::video_receiver] Recv stats: 288400 packets, 0 dropped, 25128 assembled, 92 frame_drops
[2026-08-05T04:07:39Z INFO  net_transport::video_receiver] Recv stats: 288500 packets, 0 dropped, 25158 assembled, 92 frame_drops
[2026-08-05T04:07:39Z INFO  net_transport::video_receiver] Recv stats: 288600 packets, 0 dropped, 25158 assembled, 92 frame_drops
[2026-08-05T04:07:39Z INFO  net_transport::video_receiver] Recv stats: 288700 packets, 0 dropped, 25158 assembled, 92 frame_drops
[2026-08-05T04:07:40Z INFO  net_transport::video_receiver] Recv stats: 288800 packets, 0 dropped, 25188 assembled, 92 frame_drops
[2026-08-05T04:07:40Z INFO  net_transport::video_receiver] Recv stats: 288900 packets, 0 dropped, 25188 assembled, 92 frame_drops
[2026-08-05T04:07:40Z INFO  net_transport::video_receiver] Recv stats: 289000 packets, 0 dropped, 25188 assembled, 92 frame_drops
[2026-08-05T04:07:40Z INFO  net_transport::video_receiver] Recv stats: 289100 packets, 0 dropped, 25188 assembled, 92 frame_drops
[2026-08-05T04:07:40Z INFO  remote_display_client] Decoded: 25140 frames, 57.2 fps, avg decode 1.6ms
[2026-08-05T04:07:40Z INFO  net_transport::video_receiver] Recv stats: 289200 packets, 0 dropped, 25218 assembled, 92 frame_drops
[2026-08-05T04:07:40Z INFO  net_transport::video_receiver] Recv stats: 289300 packets, 0 dropped, 25218 assembled, 92 frame_drops
[2026-08-05T04:07:40Z INFO  net_transport::video_receiver] Recv stats: 289400 packets, 0 dropped, 25218 assembled, 92 frame_drops
[2026-08-05T04:07:41Z INFO  net_transport::video_receiver] Recv stats: 289500 packets, 0 dropped, 25248 assembled, 92 frame_drops
[2026-08-05T04:07:41Z INFO  net_transport::video_receiver] Recv stats: 289600 packets, 0 dropped, 25248 assembled, 92 frame_drops
[2026-08-05T04:07:41Z INFO  net_transport::video_receiver] Recv stats: 289700 packets, 0 dropped, 25248 assembled, 92 frame_drops
[2026-08-05T04:07:41Z INFO  remote_display_client] Decoded: 25200 frames, 57.2 fps, avg decode 1.6ms
[2026-08-05T04:07:41Z INFO  net_transport::video_receiver] Recv stats: 289800 packets, 0 dropped, 25263 assembled, 92 frame_drops
[2026-08-05T04:07:41Z INFO  net_transport::video_receiver] Recv stats: 289900 packets, 0 dropped, 25278 assembled, 92 frame_drops
[2026-08-05T04:07:41Z INFO  net_transport::video_receiver] Recv stats: 290000 packets, 0 dropped, 25278 assembled, 92 frame_drops
[2026-08-05T04:07:41Z INFO  net_transport::video_receiver] Recv stats: 290100 packets, 0 dropped, 25278 assembled, 92 frame_drops
[2026-08-05T04:07:42Z INFO  net_transport::video_receiver] Recv stats: 290200 packets, 0 dropped, 25308 assembled, 92 frame_drops
[2026-08-05T04:07:42Z INFO  net_transport::video_receiver] Recv stats: 290300 packets, 0 dropped, 25308 assembled, 92 frame_drops
[2026-08-05T04:07:42Z INFO  net_transport::video_receiver] Recv stats: 290400 packets, 0 dropped, 25308 assembled, 92 frame_drops
[2026-08-05T04:07:42Z INFO  remote_display_client] Decoded: 25260 frames, 57.2 fps, avg decode 1.6ms
[2026-08-05T04:07:42Z INFO  net_transport::video_receiver] Recv stats: 290500 packets, 0 dropped, 25338 assembled, 92 frame_drops
[2026-08-05T04:07:43Z INFO  net_transport::video_receiver] Recv stats: 290600 packets, 0 dropped, 25338 assembled, 92 frame_drops
[2026-08-05T04:07:43Z INFO  net_transport::video_receiver] Recv stats: 290700 packets, 0 dropped, 25338 assembled, 92 frame_drops
[2026-08-05T04:07:43Z INFO  net_transport::video_receiver] Recv stats: 290800 packets, 0 dropped, 25338 assembled, 92 frame_drops
[2026-08-05T04:07:43Z INFO  net_transport::video_receiver] Recv stats: 290900 packets, 0 dropped, 25368 assembled, 92 frame_drops
[2026-08-05T04:07:43Z INFO  net_transport::video_receiver] Recv stats: 291000 packets, 0 dropped, 25368 assembled, 92 frame_drops
[2026-08-05T04:07:43Z INFO  net_transport::video_receiver] Recv stats: 291100 packets, 0 dropped, 25368 assembled, 92 frame_drops
[2026-08-05T04:07:43Z INFO  remote_display_client] Decoded: 25320 frames, 57.2 fps, avg decode 1.6ms
[2026-08-05T04:07:44Z INFO  net_transport::video_receiver] Recv stats: 291200 packets, 0 dropped, 25398 assembled, 92 frame_drops
[2026-08-05T04:07:44Z INFO  net_transport::video_receiver] Recv stats: 291300 packets, 0 dropped, 25398 assembled, 92 frame_drops
[2026-08-05T04:07:44Z INFO  net_transport::video_receiver] Recv stats: 291400 packets, 0 dropped, 25398 assembled, 92 frame_drops
[2026-08-05T04:07:44Z INFO  net_transport::video_receiver] Recv stats: 291500 packets, 0 dropped, 25418 assembled, 92 frame_drops
[2026-08-05T04:07:44Z INFO  net_transport::video_receiver] Recv stats: 291600 packets, 0 dropped, 25428 assembled, 92 frame_drops
[2026-08-05T04:07:44Z INFO  net_transport::video_receiver] Recv stats: 291700 packets, 0 dropped, 25428 assembled, 92 frame_drops
[2026-08-05T04:07:44Z INFO  net_transport::video_receiver] Recv stats: 291800 packets, 0 dropped, 25428 assembled, 92 frame_drops
[2026-08-05T04:07:44Z INFO  remote_display_client] Decoded: 25380 frames, 57.2 fps, avg decode 1.6ms
[2026-08-05T04:07:45Z INFO  net_transport::video_receiver] Recv stats: 291900 packets, 0 dropped, 25458 assembled, 92 frame_drops
[2026-08-05T04:07:45Z INFO  net_transport::video_receiver] Recv stats: 292000 packets, 0 dropped, 25458 assembled, 92 frame_drops
[2026-08-05T04:07:45Z INFO  net_transport::video_receiver] Recv stats: 292100 packets, 0 dropped, 25458 assembled, 92 frame_drops
[2026-08-05T04:07:45Z INFO  net_transport::video_receiver] Recv stats: 292200 packets, 0 dropped, 25488 assembled, 92 frame_drops
[2026-08-05T04:07:45Z INFO  net_transport::video_receiver] Recv stats: 292300 packets, 0 dropped, 25488 assembled, 92 frame_drops
[2026-08-05T04:07:45Z INFO  net_transport::video_receiver] Recv stats: 292400 packets, 0 dropped, 25488 assembled, 92 frame_drops
[2026-08-05T04:07:45Z INFO  net_transport::video_receiver] Recv stats: 292500 packets, 0 dropped, 25491 assembled, 92 frame_drops
[2026-08-05T04:07:45Z INFO  remote_display_client] Decoded: 25440 frames, 57.2 fps, avg decode 1.6ms
[2026-08-05T04:07:46Z INFO  net_transport::video_receiver] Recv stats: 292600 packets, 0 dropped, 25518 assembled, 92 frame_drops
[2026-08-05T04:07:46Z INFO  net_transport::video_receiver] Recv stats: 292700 packets, 0 dropped, 25518 assembled, 92 frame_drops
[2026-08-05T04:07:46Z INFO  net_transport::video_receiver] Recv stats: 292800 packets, 0 dropped, 25518 assembled, 92 frame_drops
[2026-08-05T04:07:46Z INFO  net_transport::video_receiver] Recv stats: 292900 packets, 0 dropped, 25548 assembled, 92 frame_drops
[2026-08-05T04:07:46Z INFO  net_transport::video_receiver] Recv stats: 293000 packets, 0 dropped, 25548 assembled, 92 frame_drops
[2026-08-05T04:07:46Z INFO  net_transport::video_receiver] Recv stats: 293100 packets, 0 dropped, 25548 assembled, 92 frame_drops
[2026-08-05T04:07:46Z INFO  remote_display_client] Decoded: 25500 frames, 57.2 fps, avg decode 1.6ms
[2026-08-05T04:07:47Z INFO  net_transport::video_receiver] Recv stats: 293200 packets, 0 dropped, 25573 assembled, 92 frame_drops
[2026-08-05T04:07:47Z INFO  net_transport::video_receiver] Recv stats: 293300 packets, 0 dropped, 25578 assembled, 92 frame_drops
[2026-08-05T04:07:47Z INFO  net_transport::video_receiver] Recv stats: 293400 packets, 0 dropped, 25578 assembled, 92 frame_drops
[2026-08-05T04:07:47Z INFO  net_transport::video_receiver] Recv stats: 293500 packets, 0 dropped, 25578 assembled, 92 frame_drops
[2026-08-05T04:07:47Z INFO  net_transport::video_receiver] Recv stats: 293600 packets, 0 dropped, 25608 assembled, 92 frame_drops
[2026-08-05T04:07:47Z INFO  net_transport::video_receiver] Recv stats: 293700 packets, 0 dropped, 25608 assembled, 92 frame_drops
[2026-08-05T04:07:47Z INFO  net_transport::video_receiver] Recv stats: 293800 packets, 0 dropped, 25608 assembled, 92 frame_drops
[2026-08-05T04:07:47Z INFO  remote_display_client] Decoded: 25560 frames, 57.2 fps, avg decode 1.6ms
[2026-08-05T04:07:48Z INFO  net_transport::video_receiver] Recv stats: 293900 packets, 0 dropped, 25638 assembled, 92 frame_drops
[2026-08-05T04:07:48Z INFO  net_transport::video_receiver] Recv stats: 294000 packets, 0 dropped, 25638 assembled, 92 frame_drops
[2026-08-05T04:07:48Z INFO  net_transport::video_receiver] Recv stats: 294100 packets, 0 dropped, 25638 assembled, 92 frame_drops
[2026-08-05T04:07:48Z INFO  net_transport::video_receiver] Recv stats: 294200 packets, 0 dropped, 25646 assembled, 92 frame_drops
[2026-08-05T04:07:48Z INFO  net_transport::video_receiver] Recv stats: 294300 packets, 0 dropped, 25668 assembled, 92 frame_drops
[2026-08-05T04:07:48Z INFO  net_transport::video_receiver] Recv stats: 294400 packets, 0 dropped, 25668 assembled, 92 frame_drops
[2026-08-05T04:07:48Z INFO  net_transport::video_receiver] Recv stats: 294500 packets, 0 dropped, 25668 assembled, 92 frame_drops
[2026-08-05T04:07:48Z INFO  remote_display_client] Decoded: 25620 frames, 57.2 fps, avg decode 1.6ms
[2026-08-05T04:07:49Z INFO  net_transport::video_receiver] Recv stats: 294600 packets, 0 dropped, 25698 assembled, 92 frame_drops
[2026-08-05T04:07:49Z INFO  net_transport::video_receiver] Recv stats: 294700 packets, 0 dropped, 25698 assembled, 92 frame_drops
[2026-08-05T04:07:49Z INFO  net_transport::video_receiver] Recv stats: 294800 packets, 0 dropped, 25698 assembled, 92 frame_drops
[2026-08-05T04:07:49Z INFO  net_transport::video_receiver] Recv stats: 294900 packets, 0 dropped, 25728 assembled, 92 frame_drops
[2026-08-05T04:07:49Z INFO  net_transport::video_receiver] Recv stats: 295000 packets, 0 dropped, 25728 assembled, 92 frame_drops
[2026-08-05T04:07:49Z INFO  net_transport::video_receiver] Recv stats: 295100 packets, 0 dropped, 25728 assembled, 92 frame_drops
[2026-08-05T04:07:49Z INFO  net_transport::video_receiver] Recv stats: 295200 packets, 0 dropped, 25728 assembled, 92 frame_drops
[2026-08-05T04:07:49Z INFO  remote_display_client] Decoded: 25680 frames, 57.2 fps, avg decode 1.6ms
[2026-08-05T04:07:50Z INFO  net_transport::video_receiver] Recv stats: 295300 packets, 0 dropped, 25758 assembled, 92 frame_drops
[2026-08-05T04:07:50Z INFO  net_transport::video_receiver] Recv stats: 295400 packets, 0 dropped, 25758 assembled, 92 frame_drops
[2026-08-05T04:07:50Z INFO  net_transport::video_receiver] Recv stats: 295500 packets, 0 dropped, 25758 assembled, 92 frame_drops
[2026-08-05T04:07:50Z INFO  net_transport::video_receiver] Recv stats: 295600 packets, 0 dropped, 25788 assembled, 92 frame_drops
[2026-08-05T04:07:50Z INFO  net_transport::video_receiver] Recv stats: 295700 packets, 0 dropped, 25788 assembled, 92 frame_drops
[2026-08-05T04:07:50Z INFO  net_transport::video_receiver] Recv stats: 295800 packets, 0 dropped, 25788 assembled, 92 frame_drops
[2026-08-05T04:07:50Z INFO  remote_display_client] Decoded: 25740 frames, 57.2 fps, avg decode 1.6ms
[2026-08-05T04:07:51Z INFO  net_transport::video_receiver] Recv stats: 295900 packets, 0 dropped, 25801 assembled, 92 frame_drops
[2026-08-05T04:07:51Z INFO  net_transport::video_receiver] Recv stats: 296000 packets, 0 dropped, 25818 assembled, 92 frame_drops
[2026-08-05T04:07:51Z INFO  net_transport::video_receiver] Recv stats: 296100 packets, 0 dropped, 25818 assembled, 92 frame_drops
[2026-08-05T04:07:51Z INFO  net_transport::video_receiver] Recv stats: 296200 packets, 0 dropped, 25818 assembled, 92 frame_drops
[2026-08-05T04:07:51Z INFO  net_transport::video_receiver] Recv stats: 296300 packets, 0 dropped, 25848 assembled, 92 frame_drops
[2026-08-05T04:07:51Z INFO  net_transport::video_receiver] Recv stats: 296400 packets, 0 dropped, 25848 assembled, 92 frame_drops
[2026-08-05T04:07:51Z INFO  net_transport::video_receiver] Recv stats: 296500 packets, 0 dropped, 25848 assembled, 92 frame_drops
[2026-08-05T04:07:52Z INFO  remote_display_client] Decoded: 25800 frames, 57.2 fps, avg decode 1.6ms
[2026-08-05T04:07:52Z INFO  net_transport::video_receiver] Recv stats: 296600 packets, 0 dropped, 25878 assembled, 92 frame_drops
[2026-08-05T04:07:52Z INFO  net_transport::video_receiver] Recv stats: 296700 packets, 0 dropped, 25878 assembled, 92 frame_drops
[2026-08-05T04:07:52Z INFO  net_transport::video_receiver] Recv stats: 296800 packets, 0 dropped, 25878 assembled, 92 frame_drops
[2026-08-05T04:07:52Z INFO  net_transport::video_receiver] Recv stats: 296900 packets, 0 dropped, 25878 assembled, 92 frame_drops
[2026-08-05T04:07:52Z INFO  net_transport::video_receiver] Recv stats: 297000 packets, 0 dropped, 25908 assembled, 92 frame_drops
[2026-08-05T04:07:52Z INFO  net_transport::video_receiver] Recv stats: 297100 packets, 0 dropped, 25908 assembled, 92 frame_drops
[2026-08-05T04:07:52Z INFO  net_transport::video_receiver] Recv stats: 297200 packets, 0 dropped, 25908 assembled, 92 frame_drops
[2026-08-05T04:07:53Z INFO  remote_display_client] Decoded: 25860 frames, 57.2 fps, avg decode 1.6ms
[2026-08-05T04:07:53Z INFO  net_transport::video_receiver] Recv stats: 297300 packets, 0 dropped, 25938 assembled, 92 frame_drops
[2026-08-05T04:07:53Z INFO  net_transport::video_receiver] Recv stats: 297400 packets, 0 dropped, 25938 assembled, 92 frame_drops
[2026-08-05T04:07:53Z INFO  net_transport::video_receiver] Recv stats: 297500 packets, 0 dropped, 25938 assembled, 92 frame_drops
[2026-08-05T04:07:53Z INFO  net_transport::video_receiver] Recv stats: 297600 packets, 0 dropped, 25956 assembled, 92 frame_drops
[2026-08-05T04:07:53Z INFO  net_transport::video_receiver] Recv stats: 297700 packets, 0 dropped, 25968 assembled, 92 frame_drops
[2026-08-05T04:07:53Z INFO  net_transport::video_receiver] Recv stats: 297800 packets, 0 dropped, 25968 assembled, 92 frame_drops
[2026-08-05T04:07:53Z INFO  net_transport::video_receiver] Recv stats: 297900 packets, 0 dropped, 25968 assembled, 92 frame_drops
[2026-08-05T04:07:54Z INFO  remote_display_client] Decoded: 25920 frames, 57.2 fps, avg decode 1.6ms
[2026-08-05T04:07:54Z INFO  net_transport::video_receiver] Recv stats: 298000 packets, 0 dropped, 25998 assembled, 92 frame_drops
[2026-08-05T04:07:54Z INFO  net_transport::video_receiver] Recv stats: 298100 packets, 0 dropped, 25998 assembled, 92 frame_drops
[2026-08-05T04:07:54Z INFO  net_transport::video_receiver] Recv stats: 298200 packets, 0 dropped, 25998 assembled, 92 frame_drops
[2026-08-05T04:07:54Z INFO  net_transport::video_receiver] Recv stats: 298300 packets, 0 dropped, 26028 assembled, 92 frame_drops
[2026-08-05T04:07:54Z INFO  net_transport::video_receiver] Recv stats: 298400 packets, 0 dropped, 26028 assembled, 92 frame_drops
[2026-08-05T04:07:54Z INFO  net_transport::video_receiver] Recv stats: 298500 packets, 0 dropped, 26028 assembled, 92 frame_drops
[2026-08-05T04:07:54Z INFO  net_transport::video_receiver] Recv stats: 298600 packets, 0 dropped, 26029 assembled, 92 frame_drops
[2026-08-05T04:07:55Z INFO  remote_display_client] Decoded: 25980 frames, 57.2 fps, avg decode 1.6ms
[2026-08-05T04:07:55Z INFO  net_transport::video_receiver] Recv stats: 298700 packets, 0 dropped, 26058 assembled, 92 frame_drops
[2026-08-05T04:07:55Z INFO  net_transport::video_receiver] Recv stats: 298800 packets, 0 dropped, 26058 assembled, 92 frame_drops
[2026-08-05T04:07:55Z INFO  net_transport::video_receiver] Recv stats: 298900 packets, 0 dropped, 26058 assembled, 92 frame_drops
[2026-08-05T04:07:56Z INFO  net_transport::video_receiver] Recv stats: 299000 packets, 0 dropped, 26088 assembled, 92 frame_drops
[2026-08-05T04:07:56Z INFO  net_transport::video_receiver] Recv stats: 299100 packets, 0 dropped, 26088 assembled, 92 frame_drops
[2026-08-05T04:07:56Z INFO  net_transport::video_receiver] Recv stats: 299200 packets, 0 dropped, 26088 assembled, 92 frame_drops
[2026-08-05T04:07:56Z INFO  remote_display_client] Decoded: 26040 frames, 57.2 fps, avg decode 1.6ms
[2026-08-05T04:07:56Z INFO  net_transport::video_receiver] Recv stats: 299300 packets, 0 dropped, 26111 assembled, 92 frame_drops
[2026-08-05T04:07:56Z INFO  net_transport::video_receiver] Recv stats: 299400 packets, 0 dropped, 26118 assembled, 92 frame_drops
[2026-08-05T04:07:56Z INFO  net_transport::video_receiver] Recv stats: 299500 packets, 0 dropped, 26118 assembled, 92 frame_drops
[2026-08-05T04:07:56Z INFO  net_transport::video_receiver] Recv stats: 299600 packets, 0 dropped, 26118 assembled, 92 frame_drops
[2026-08-05T04:07:57Z INFO  net_transport::video_receiver] Recv stats: 299700 packets, 0 dropped, 26148 assembled, 92 frame_drops
[2026-08-05T04:07:57Z INFO  net_transport::video_receiver] Recv stats: 299800 packets, 0 dropped, 26148 assembled, 92 frame_drops
[2026-08-05T04:07:57Z INFO  net_transport::video_receiver] Recv stats: 299900 packets, 0 dropped, 26148 assembled, 92 frame_drops
[2026-08-05T04:07:57Z INFO  remote_display_client] Decoded: 26100 frames, 57.2 fps, avg decode 1.6ms
[2026-08-05T04:07:57Z INFO  net_transport::video_receiver] Recv stats: 300000 packets, 0 dropped, 26178 assembled, 92 frame_drops
[2026-08-05T04:07:57Z INFO  net_transport::video_receiver] Recv stats: 300100 packets, 0 dropped, 26178 assembled, 92 frame_drops
[2026-08-05T04:07:57Z INFO  net_transport::video_receiver] Recv stats: 300200 packets, 0 dropped, 26178 assembled, 92 frame_drops
[2026-08-05T04:07:57Z INFO  net_transport::video_receiver] Recv stats: 300300 packets, 0 dropped, 26184 assembled, 92 frame_drops
[2026-08-05T04:07:58Z INFO  net_transport::video_receiver] Recv stats: 300400 packets, 0 dropped, 26208 assembled, 92 frame_drops
[2026-08-05T04:07:58Z INFO  net_transport::video_receiver] Recv stats: 300500 packets, 0 dropped, 26208 assembled, 92 frame_drops
[2026-08-05T04:07:58Z INFO  net_transport::video_receiver] Recv stats: 300600 packets, 0 dropped, 26208 assembled, 92 frame_drops
[2026-08-05T04:07:58Z INFO  remote_display_client] Decoded: 26160 frames, 57.3 fps, avg decode 1.6ms
[2026-08-05T04:07:58Z INFO  net_transport::video_receiver] Recv stats: 300700 packets, 0 dropped, 26238 assembled, 92 frame_drops
[2026-08-05T04:07:58Z INFO  net_transport::video_receiver] Recv stats: 300800 packets, 0 dropped, 26238 assembled, 92 frame_drops
[2026-08-05T04:07:58Z INFO  net_transport::video_receiver] Recv stats: 300900 packets, 0 dropped, 26238 assembled, 92 frame_drops
[2026-08-05T04:07:59Z INFO  net_transport::video_receiver] Recv stats: 301000 packets, 0 dropped, 26266 assembled, 92 frame_drops
[2026-08-05T04:07:59Z INFO  net_transport::video_receiver] Recv stats: 301100 packets, 0 dropped, 26268 assembled, 92 frame_drops
[2026-08-05T04:07:59Z INFO  net_transport::video_receiver] Recv stats: 301200 packets, 0 dropped, 26268 assembled, 92 frame_drops
[2026-08-05T04:07:59Z INFO  net_transport::video_receiver] Recv stats: 301300 packets, 0 dropped, 26268 assembled, 92 frame_drops
[2026-08-05T04:07:59Z INFO  remote_display_client] Decoded: 26220 frames, 57.3 fps, avg decode 1.6ms
[2026-08-05T04:07:59Z INFO  net_transport::video_receiver] Recv stats: 301400 packets, 0 dropped, 26298 assembled, 92 frame_drops
[2026-08-05T04:07:59Z INFO  net_transport::video_receiver] Recv stats: 301500 packets, 0 dropped, 26298 assembled, 92 frame_drops
[2026-08-05T04:07:59Z INFO  net_transport::video_receiver] Recv stats: 301600 packets, 0 dropped, 26298 assembled, 92 frame_drops
[2026-08-05T04:08:00Z INFO  net_transport::video_receiver] Recv stats: 301700 packets, 0 dropped, 26328 assembled, 92 frame_drops
[2026-08-05T04:08:00Z INFO  net_transport::video_receiver] Recv stats: 301800 packets, 0 dropped, 26328 assembled, 92 frame_drops
[2026-08-05T04:08:00Z INFO  net_transport::video_receiver] Recv stats: 301900 packets, 0 dropped, 26328 assembled, 92 frame_drops
[2026-08-05T04:08:00Z INFO  remote_display_client] Decoded: 26280 frames, 57.3 fps, avg decode 1.6ms
[2026-08-05T04:08:00Z INFO  net_transport::video_receiver] Recv stats: 302000 packets, 0 dropped, 26339 assembled, 92 frame_drops
[2026-08-05T04:08:00Z INFO  net_transport::video_receiver] Recv stats: 302100 packets, 0 dropped, 26358 assembled, 92 frame_drops
[2026-08-05T04:08:00Z INFO  net_transport::video_receiver] Recv stats: 302200 packets, 0 dropped, 26358 assembled, 92 frame_drops
[2026-08-05T04:08:00Z INFO  net_transport::video_receiver] Recv stats: 302300 packets, 0 dropped, 26358 assembled, 92 frame_drops
[2026-08-05T04:08:01Z INFO  net_transport::video_receiver] Recv stats: 302400 packets, 0 dropped, 26388 assembled, 92 frame_drops
[2026-08-05T04:08:01Z INFO  net_transport::video_receiver] Recv stats: 302500 packets, 0 dropped, 26388 assembled, 92 frame_drops
[2026-08-05T04:08:01Z INFO  net_transport::video_receiver] Recv stats: 302600 packets, 0 dropped, 26388 assembled, 92 frame_drops
[2026-08-05T04:08:01Z INFO  remote_display_client] Decoded: 26340 frames, 57.3 fps, avg decode 1.6ms
[2026-08-05T04:08:01Z INFO  net_transport::video_receiver] Recv stats: 302700 packets, 0 dropped, 26418 assembled, 92 frame_drops
[2026-08-05T04:08:01Z INFO  net_transport::video_receiver] Recv stats: 302800 packets, 0 dropped, 26418 assembled, 92 frame_drops
[2026-08-05T04:08:01Z INFO  net_transport::video_receiver] Recv stats: 302900 packets, 0 dropped, 26418 assembled, 92 frame_drops
[2026-08-05T04:08:01Z INFO  net_transport::video_receiver] Recv stats: 303000 packets, 0 dropped, 26418 assembled, 92 frame_drops
[2026-08-05T04:08:02Z INFO  net_transport::video_receiver] Recv stats: 303100 packets, 0 dropped, 26448 assembled, 92 frame_drops
[2026-08-05T04:08:02Z INFO  net_transport::video_receiver] Recv stats: 303200 packets, 0 dropped, 26448 assembled, 92 frame_drops
[2026-08-05T04:08:02Z INFO  net_transport::video_receiver] Recv stats: 303300 packets, 0 dropped, 26448 assembled, 92 frame_drops
[2026-08-05T04:08:02Z INFO  remote_display_client] Decoded: 26400 frames, 57.3 fps, avg decode 1.6ms
[2026-08-05T04:08:02Z INFO  net_transport::video_receiver] Recv stats: 303400 packets, 0 dropped, 26478 assembled, 92 frame_drops
[2026-08-05T04:08:02Z INFO  net_transport::video_receiver] Recv stats: 303500 packets, 0 dropped, 26478 assembled, 92 frame_drops
[2026-08-05T04:08:02Z INFO  net_transport::video_receiver] Recv stats: 303600 packets, 0 dropped, 26478 assembled, 92 frame_drops
[2026-08-05T04:08:03Z INFO  net_transport::video_receiver] Recv stats: 303700 packets, 0 dropped, 26494 assembled, 92 frame_drops
[2026-08-05T04:08:03Z INFO  net_transport::video_receiver] Recv stats: 303800 packets, 0 dropped, 26508 assembled, 92 frame_drops
[2026-08-05T04:08:03Z INFO  net_transport::video_receiver] Recv stats: 303900 packets, 0 dropped, 26508 assembled, 92 frame_drops
[2026-08-05T04:08:03Z INFO  net_transport::video_receiver] Recv stats: 304000 packets, 0 dropped, 26508 assembled, 92 frame_drops
[2026-08-05T04:08:03Z INFO  remote_display_client] Decoded: 26460 frames, 57.3 fps, avg decode 1.6ms
[2026-08-05T04:08:03Z INFO  net_transport::video_receiver] Recv stats: 304100 packets, 0 dropped, 26538 assembled, 92 frame_drops
[2026-08-05T04:08:03Z INFO  net_transport::video_receiver] Recv stats: 304200 packets, 0 dropped, 26538 assembled, 92 frame_drops
[2026-08-05T04:08:03Z INFO  net_transport::video_receiver] Recv stats: 304300 packets, 0 dropped, 26538 assembled, 92 frame_drops
[2026-08-05T04:08:04Z INFO  net_transport::video_receiver] Recv stats: 304400 packets, 0 dropped, 26568 assembled, 92 frame_drops
[2026-08-05T04:08:04Z INFO  net_transport::video_receiver] Recv stats: 304500 packets, 0 dropped, 26568 assembled, 92 frame_drops
[2026-08-05T04:08:04Z INFO  net_transport::video_receiver] Recv stats: 304600 packets, 0 dropped, 26568 assembled, 92 frame_drops
[2026-08-05T04:08:04Z INFO  net_transport::video_receiver] Recv stats: 304700 packets, 0 dropped, 26568 assembled, 92 frame_drops
[2026-08-05T04:08:04Z INFO  remote_display_client] Decoded: 26520 frames, 57.3 fps, avg decode 1.6ms
[2026-08-05T04:08:04Z INFO  net_transport::video_receiver] Recv stats: 304800 packets, 0 dropped, 26598 assembled, 92 frame_drops
[2026-08-05T04:08:04Z INFO  net_transport::video_receiver] Recv stats: 304900 packets, 0 dropped, 26598 assembled, 92 frame_drops
[2026-08-05T04:08:04Z INFO  net_transport::video_receiver] Recv stats: 305000 packets, 0 dropped, 26598 assembled, 92 frame_drops
[2026-08-05T04:08:05Z INFO  net_transport::video_receiver] Recv stats: 305100 packets, 0 dropped, 26628 assembled, 92 frame_drops
[2026-08-05T04:08:05Z INFO  net_transport::video_receiver] Recv stats: 305200 packets, 0 dropped, 26628 assembled, 92 frame_drops
[2026-08-05T04:08:05Z INFO  net_transport::video_receiver] Recv stats: 305300 packets, 0 dropped, 26628 assembled, 92 frame_drops
[2026-08-05T04:08:05Z INFO  remote_display_client] Decoded: 26580 frames, 57.3 fps, avg decode 1.6ms
[2026-08-05T04:08:05Z INFO  net_transport::video_receiver] Recv stats: 305400 packets, 0 dropped, 26649 assembled, 92 frame_drops
[2026-08-05T04:08:05Z INFO  net_transport::video_receiver] Recv stats: 305500 packets, 0 dropped, 26658 assembled, 92 frame_drops
[2026-08-05T04:08:05Z INFO  net_transport::video_receiver] Recv stats: 305600 packets, 0 dropped, 26658 assembled, 92 frame_drops
[2026-08-05T04:08:05Z INFO  net_transport::video_receiver] Recv stats: 305700 packets, 0 dropped, 26658 assembled, 92 frame_drops
[2026-08-05T04:08:06Z INFO  net_transport::video_receiver] Recv stats: 305800 packets, 0 dropped, 26688 assembled, 92 frame_drops
[2026-08-05T04:08:06Z INFO  net_transport::video_receiver] Recv stats: 305900 packets, 0 dropped, 26688 assembled, 92 frame_drops
[2026-08-05T04:08:06Z INFO  net_transport::video_receiver] Recv stats: 306000 packets, 0 dropped, 26688 assembled, 92 frame_drops
[2026-08-05T04:08:06Z INFO  remote_display_client] Decoded: 26640 frames, 57.3 fps, avg decode 1.6ms
[2026-08-05T04:08:06Z INFO  net_transport::video_receiver] Recv stats: 306100 packets, 0 dropped, 26718 assembled, 92 frame_drops
[2026-08-05T04:08:06Z INFO  net_transport::video_receiver] Recv stats: 306200 packets, 0 dropped, 26718 assembled, 92 frame_drops
[2026-08-05T04:08:06Z INFO  net_transport::video_receiver] Recv stats: 306300 packets, 0 dropped, 26718 assembled, 92 frame_drops
[2026-08-05T04:08:06Z INFO  net_transport::video_receiver] Recv stats: 306400 packets, 0 dropped, 26722 assembled, 92 frame_drops
[2026-08-05T04:08:07Z INFO  net_transport::video_receiver] Recv stats: 306500 packets, 0 dropped, 26748 assembled, 92 frame_drops
[2026-08-05T04:08:07Z INFO  net_transport::video_receiver] Recv stats: 306600 packets, 0 dropped, 26748 assembled, 92 frame_drops
[2026-08-05T04:08:07Z INFO  net_transport::video_receiver] Recv stats: 306700 packets, 0 dropped, 26748 assembled, 92 frame_drops
[2026-08-05T04:08:07Z INFO  remote_display_client] Decoded: 26700 frames, 57.3 fps, avg decode 1.6ms
[2026-08-05T04:08:07Z INFO  net_transport::video_receiver] Recv stats: 306800 packets, 0 dropped, 26778 assembled, 92 frame_drops
[2026-08-05T04:08:07Z INFO  net_transport::video_receiver] Recv stats: 306900 packets, 0 dropped, 26778 assembled, 92 frame_drops
[2026-08-05T04:08:07Z INFO  net_transport::video_receiver] Recv stats: 307000 packets, 0 dropped, 26778 assembled, 92 frame_drops
[2026-08-05T04:08:08Z INFO  net_transport::video_receiver] Recv stats: 307100 packets, 0 dropped, 26804 assembled, 92 frame_drops
[2026-08-05T04:08:08Z INFO  net_transport::video_receiver] Recv stats: 307200 packets, 0 dropped, 26808 assembled, 92 frame_drops
[2026-08-05T04:08:08Z INFO  net_transport::video_receiver] Recv stats: 307300 packets, 0 dropped, 26808 assembled, 92 frame_drops
[2026-08-05T04:08:08Z INFO  net_transport::video_receiver] Recv stats: 307400 packets, 0 dropped, 26808 assembled, 92 frame_drops
[2026-08-05T04:08:08Z INFO  remote_display_client] Decoded: 26760 frames, 57.3 fps, avg decode 1.6ms
[2026-08-05T04:08:09Z INFO  net_transport::video_receiver] Recv stats: 307500 packets, 0 dropped, 26838 assembled, 92 frame_drops
[2026-08-05T04:08:09Z INFO  net_transport::video_receiver] Recv stats: 307600 packets, 0 dropped, 26838 assembled, 92 frame_drops
[2026-08-05T04:08:09Z INFO  net_transport::video_receiver] Recv stats: 307700 packets, 0 dropped, 26838 assembled, 92 frame_drops
[2026-08-05T04:08:09Z INFO  net_transport::video_receiver] Recv stats: 307800 packets, 0 dropped, 26868 assembled, 92 frame_drops
[2026-08-05T04:08:09Z INFO  net_transport::video_receiver] Recv stats: 307900 packets, 0 dropped, 26868 assembled, 92 frame_drops
[2026-08-05T04:08:09Z INFO  net_transport::video_receiver] Recv stats: 308000 packets, 0 dropped, 26868 assembled, 92 frame_drops
[2026-08-05T04:08:09Z INFO  net_transport::video_receiver] Recv stats: 308100 packets, 0 dropped, 26877 assembled, 92 frame_drops
[2026-08-05T04:08:09Z INFO  remote_display_client] Decoded: 26820 frames, 57.3 fps, avg decode 1.6ms
[2026-08-05T04:08:10Z INFO  net_transport::video_receiver] Recv stats: 308200 packets, 0 dropped, 26898 assembled, 92 frame_drops
[2026-08-05T04:08:10Z INFO  net_transport::video_receiver] Recv stats: 308300 packets, 0 dropped, 26898 assembled, 92 frame_drops
[2026-08-05T04:08:10Z INFO  net_transport::video_receiver] Recv stats: 308400 packets, 0 dropped, 26898 assembled, 92 frame_drops
[2026-08-05T04:08:10Z INFO  net_transport::video_receiver] Recv stats: 308500 packets, 0 dropped, 26928 assembled, 92 frame_drops
[2026-08-05T04:08:10Z INFO  net_transport::video_receiver] Recv stats: 308600 packets, 0 dropped, 26928 assembled, 92 frame_drops
[2026-08-05T04:08:10Z INFO  net_transport::video_receiver] Recv stats: 308700 packets, 0 dropped, 26928 assembled, 92 frame_drops
[2026-08-05T04:08:10Z INFO  remote_display_client] Decoded: 26880 frames, 57.3 fps, avg decode 1.6ms
[2026-08-05T04:08:11Z INFO  net_transport::video_receiver] Recv stats: 308800 packets, 0 dropped, 26958 assembled, 92 frame_drops
[2026-08-05T04:08:11Z INFO  net_transport::video_receiver] Recv stats: 308900 packets, 0 dropped, 26958 assembled, 92 frame_drops
[2026-08-05T04:08:11Z INFO  net_transport::video_receiver] Recv stats: 309000 packets, 0 dropped, 26958 assembled, 92 frame_drops
[2026-08-05T04:08:11Z INFO  net_transport::video_receiver] Recv stats: 309100 packets, 0 dropped, 26958 assembled, 92 frame_drops
[2026-08-05T04:08:11Z INFO  net_transport::video_receiver] Recv stats: 309200 packets, 0 dropped, 26988 assembled, 92 frame_drops
[2026-08-05T04:08:11Z INFO  net_transport::video_receiver] Recv stats: 309300 packets, 0 dropped, 26988 assembled, 92 frame_drops
[2026-08-05T04:08:11Z INFO  net_transport::video_receiver] Recv stats: 309400 packets, 0 dropped, 26988 assembled, 92 frame_drops
[2026-08-05T04:08:11Z INFO  remote_display_client] Decoded: 26940 frames, 57.3 fps, avg decode 1.6ms
[2026-08-05T04:08:12Z INFO  net_transport::video_receiver] Recv stats: 309500 packets, 0 dropped, 27018 assembled, 92 frame_drops
[2026-08-05T04:08:12Z INFO  net_transport::video_receiver] Recv stats: 309600 packets, 0 dropped, 27018 assembled, 92 frame_drops
[2026-08-05T04:08:12Z INFO  net_transport::video_receiver] Recv stats: 309700 packets, 0 dropped, 27018 assembled, 92 frame_drops
[2026-08-05T04:08:12Z INFO  net_transport::video_receiver] Recv stats: 309800 packets, 0 dropped, 27032 assembled, 92 frame_drops
[2026-08-05T04:08:12Z INFO  net_transport::video_receiver] Recv stats: 309900 packets, 0 dropped, 27048 assembled, 92 frame_drops
[2026-08-05T04:08:12Z INFO  net_transport::video_receiver] Recv stats: 310000 packets, 0 dropped, 27048 assembled, 92 frame_drops
[2026-08-05T04:08:12Z INFO  net_transport::video_receiver] Recv stats: 310100 packets, 0 dropped, 27048 assembled, 92 frame_drops
[2026-08-05T04:08:12Z INFO  remote_display_client] Decoded: 27000 frames, 57.3 fps, avg decode 1.6ms
[2026-08-05T04:08:13Z INFO  net_transport::video_receiver] Recv stats: 310200 packets, 0 dropped, 27078 assembled, 92 frame_drops
[2026-08-05T04:08:13Z INFO  net_transport::video_receiver] Recv stats: 310300 packets, 0 dropped, 27078 assembled, 92 frame_drops
[2026-08-05T04:08:13Z INFO  net_transport::video_receiver] Recv stats: 310400 packets, 0 dropped, 27078 assembled, 92 frame_drops
[2026-08-05T04:08:13Z INFO  net_transport::video_receiver] Recv stats: 310500 packets, 0 dropped, 27108 assembled, 92 frame_drops
[2026-08-05T04:08:13Z INFO  net_transport::video_receiver] Recv stats: 310600 packets, 0 dropped, 27108 assembled, 92 frame_drops
[2026-08-05T04:08:13Z INFO  net_transport::video_receiver] Recv stats: 310700 packets, 0 dropped, 27108 assembled, 92 frame_drops
[2026-08-05T04:08:13Z INFO  net_transport::video_receiver] Recv stats: 310800 packets, 0 dropped, 27108 assembled, 92 frame_drops
[2026-08-05T04:08:13Z INFO  remote_display_client] Decoded: 27060 frames, 57.3 fps, avg decode 1.6ms
[2026-08-05T04:08:14Z INFO  net_transport::video_receiver] Recv stats: 310900 packets, 0 dropped, 27138 assembled, 92 frame_drops
[2026-08-05T04:08:14Z INFO  net_transport::video_receiver] Recv stats: 311000 packets, 0 dropped, 27138 assembled, 92 frame_drops
[2026-08-05T04:08:14Z INFO  net_transport::video_receiver] Recv stats: 311100 packets, 0 dropped, 27138 assembled, 92 frame_drops
[2026-08-05T04:08:14Z INFO  net_transport::video_receiver] Recv stats: 311200 packets, 0 dropped, 27168 assembled, 92 frame_drops
[2026-08-05T04:08:14Z INFO  net_transport::video_receiver] Recv stats: 311300 packets, 0 dropped, 27168 assembled, 92 frame_drops
[2026-08-05T04:08:14Z INFO  net_transport::video_receiver] Recv stats: 311400 packets, 0 dropped, 27168 assembled, 92 frame_drops
[2026-08-05T04:08:14Z INFO  remote_display_client] Decoded: 27120 frames, 57.3 fps, avg decode 1.6ms
[2026-08-05T04:08:15Z INFO  net_transport::video_receiver] Recv stats: 311500 packets, 0 dropped, 27187 assembled, 92 frame_drops
[2026-08-05T04:08:15Z INFO  net_transport::video_receiver] Recv stats: 311600 packets, 0 dropped, 27198 assembled, 92 frame_drops
[2026-08-05T04:08:15Z INFO  net_transport::video_receiver] Recv stats: 311700 packets, 0 dropped, 27198 assembled, 92 frame_drops
[2026-08-05T04:08:15Z INFO  net_transport::video_receiver] Recv stats: 311800 packets, 0 dropped, 27198 assembled, 92 frame_drops
[2026-08-05T04:08:15Z INFO  net_transport::video_receiver] Recv stats: 311900 packets, 0 dropped, 27228 assembled, 92 frame_drops
[2026-08-05T04:08:15Z INFO  net_transport::video_receiver] Recv stats: 312000 packets, 0 dropped, 27228 assembled, 92 frame_drops
[2026-08-05T04:08:15Z INFO  net_transport::video_receiver] Recv stats: 312100 packets, 0 dropped, 27228 assembled, 92 frame_drops
[2026-08-05T04:08:15Z INFO  remote_display_client] Decoded: 27180 frames, 57.3 fps, avg decode 1.6ms
[2026-08-05T04:08:16Z INFO  net_transport::video_receiver] Recv stats: 312200 packets, 0 dropped, 27258 assembled, 92 frame_drops
[2026-08-05T04:08:16Z INFO  net_transport::video_receiver] Recv stats: 312300 packets, 0 dropped, 27258 assembled, 92 frame_drops
[2026-08-05T04:08:16Z INFO  net_transport::video_receiver] Recv stats: 312400 packets, 0 dropped, 27258 assembled, 92 frame_drops
[2026-08-05T04:08:16Z INFO  net_transport::video_receiver] Recv stats: 312500 packets, 0 dropped, 27260 assembled, 92 frame_drops
[2026-08-05T04:08:16Z INFO  net_transport::video_receiver] Recv stats: 312600 packets, 0 dropped, 27288 assembled, 92 frame_drops
[2026-08-05T04:08:16Z INFO  net_transport::video_receiver] Recv stats: 312700 packets, 0 dropped, 27288 assembled, 92 frame_drops
[2026-08-05T04:08:16Z INFO  net_transport::video_receiver] Recv stats: 312800 packets, 0 dropped, 27288 assembled, 92 frame_drops
[2026-08-05T04:08:16Z INFO  remote_display_client] Decoded: 27240 frames, 57.3 fps, avg decode 1.6ms
[2026-08-05T04:08:17Z INFO  net_transport::video_receiver] Recv stats: 312900 packets, 0 dropped, 27318 assembled, 92 frame_drops
[2026-08-05T04:08:17Z INFO  net_transport::video_receiver] Recv stats: 313000 packets, 0 dropped, 27318 assembled, 92 frame_drops
[2026-08-05T04:08:17Z INFO  net_transport::video_receiver] Recv stats: 313100 packets, 0 dropped, 27318 assembled, 92 frame_drops
[2026-08-05T04:08:17Z INFO  net_transport::video_receiver] Recv stats: 313200 packets, 0 dropped, 27342 assembled, 92 frame_drops
[2026-08-05T04:08:17Z INFO  net_transport::video_receiver] Recv stats: 313300 packets, 0 dropped, 27348 assembled, 92 frame_drops
[2026-08-05T04:08:17Z INFO  net_transport::video_receiver] Recv stats: 313400 packets, 0 dropped, 27348 assembled, 92 frame_drops
[2026-08-05T04:08:17Z INFO  net_transport::video_receiver] Recv stats: 313500 packets, 0 dropped, 27348 assembled, 92 frame_drops
[2026-08-05T04:08:17Z INFO  remote_display_client] Decoded: 27300 frames, 57.3 fps, avg decode 1.6ms
[2026-08-05T04:08:18Z INFO  net_transport::video_receiver] Recv stats: 313600 packets, 0 dropped, 27378 assembled, 92 frame_drops
[2026-08-05T04:08:18Z INFO  net_transport::video_receiver] Recv stats: 313700 packets, 0 dropped, 27378 assembled, 92 frame_drops
[2026-08-05T04:08:18Z INFO  net_transport::video_receiver] Recv stats: 313800 packets, 0 dropped, 27378 assembled, 92 frame_drops
[2026-08-05T04:08:18Z INFO  net_transport::video_receiver] Recv stats: 313900 packets, 0 dropped, 27408 assembled, 92 frame_drops
[2026-08-05T04:08:18Z INFO  net_transport::video_receiver] Recv stats: 314000 packets, 0 dropped, 27408 assembled, 92 frame_drops
[2026-08-05T04:08:18Z INFO  net_transport::video_receiver] Recv stats: 314100 packets, 0 dropped, 27408 assembled, 92 frame_drops
[2026-08-05T04:08:18Z INFO  net_transport::video_receiver] Recv stats: 314200 packets, 0 dropped, 27415 assembled, 92 frame_drops
[2026-08-05T04:08:19Z INFO  remote_display_client] Decoded: 27360 frames, 57.3 fps, avg decode 1.6ms
[2026-08-05T04:08:19Z INFO  net_transport::video_receiver] Recv stats: 314300 packets, 0 dropped, 27438 assembled, 92 frame_drops
[2026-08-05T04:08:19Z INFO  net_transport::video_receiver] Recv stats: 314400 packets, 0 dropped, 27438 assembled, 92 frame_drops
[2026-08-05T04:08:19Z INFO  net_transport::video_receiver] Recv stats: 314500 packets, 0 dropped, 27438 assembled, 92 frame_drops
[2026-08-05T04:08:19Z INFO  net_transport::video_receiver] Recv stats: 314600 packets, 0 dropped, 27468 assembled, 92 frame_drops
[2026-08-05T04:08:19Z INFO  net_transport::video_receiver] Recv stats: 314700 packets, 0 dropped, 27468 assembled, 92 frame_drops
[2026-08-05T04:08:19Z INFO  net_transport::video_receiver] Recv stats: 314800 packets, 0 dropped, 27468 assembled, 92 frame_drops
[2026-08-05T04:08:20Z INFO  remote_display_client] Decoded: 27420 frames, 57.3 fps, avg decode 1.6ms
[2026-08-05T04:08:20Z INFO  net_transport::video_receiver] Recv stats: 314900 packets, 0 dropped, 27497 assembled, 92 frame_drops
[2026-08-05T04:08:20Z INFO  net_transport::video_receiver] Recv stats: 315000 packets, 0 dropped, 27498 assembled, 92 frame_drops
[2026-08-05T04:08:20Z INFO  net_transport::video_receiver] Recv stats: 315100 packets, 0 dropped, 27498 assembled, 92 frame_drops
[2026-08-05T04:08:20Z INFO  net_transport::video_receiver] Recv stats: 315200 packets, 0 dropped, 27498 assembled, 92 frame_drops
[2026-08-05T04:08:20Z INFO  net_transport::video_receiver] Recv stats: 315300 packets, 0 dropped, 27528 assembled, 92 frame_drops
[2026-08-05T04:08:20Z INFO  net_transport::video_receiver] Recv stats: 315400 packets, 0 dropped, 27528 assembled, 92 frame_drops
[2026-08-05T04:08:20Z INFO  net_transport::video_receiver] Recv stats: 315500 packets, 0 dropped, 27528 assembled, 92 frame_drops
[2026-08-05T04:08:21Z INFO  remote_display_client] Decoded: 27480 frames, 57.3 fps, avg decode 1.6ms
[2026-08-05T04:08:21Z INFO  net_transport::video_receiver] Recv stats: 315600 packets, 0 dropped, 27558 assembled, 92 frame_drops
[2026-08-05T04:08:21Z INFO  net_transport::video_receiver] Recv stats: 315700 packets, 0 dropped, 27558 assembled, 92 frame_drops
[2026-08-05T04:08:21Z INFO  net_transport::video_receiver] Recv stats: 315800 packets, 0 dropped, 27558 assembled, 92 frame_drops
[2026-08-05T04:08:21Z INFO  net_transport::video_receiver] Recv stats: 315900 packets, 0 dropped, 27570 assembled, 92 frame_drops
[2026-08-05T04:08:21Z INFO  net_transport::video_receiver] Recv stats: 316000 packets, 0 dropped, 27588 assembled, 92 frame_drops
[2026-08-05T04:08:21Z INFO  net_transport::video_receiver] Recv stats: 316100 packets, 0 dropped, 27588 assembled, 92 frame_drops
[2026-08-05T04:08:21Z INFO  net_transport::video_receiver] Recv stats: 316200 packets, 0 dropped, 27588 assembled, 92 frame_drops
[2026-08-05T04:08:22Z INFO  remote_display_client] Decoded: 27540 frames, 57.3 fps, avg decode 1.6ms
[2026-08-05T04:08:22Z INFO  net_transport::video_receiver] Recv stats: 316300 packets, 0 dropped, 27618 assembled, 92 frame_drops
[2026-08-05T04:08:22Z INFO  net_transport::video_receiver] Recv stats: 316400 packets, 0 dropped, 27618 assembled, 92 frame_drops
[2026-08-05T04:08:22Z INFO  net_transport::video_receiver] Recv stats: 316500 packets, 0 dropped, 27618 assembled, 92 frame_drops
[2026-08-05T04:08:23Z INFO  net_transport::video_receiver] Recv stats: 316600 packets, 0 dropped, 27648 assembled, 92 frame_drops
[2026-08-05T04:08:23Z INFO  net_transport::video_receiver] Recv stats: 316700 packets, 0 dropped, 27648 assembled, 92 frame_drops
[2026-08-05T04:08:23Z INFO  net_transport::video_receiver] Recv stats: 316800 packets, 0 dropped, 27648 assembled, 92 frame_drops
[2026-08-05T04:08:23Z INFO  net_transport::video_receiver] Recv stats: 316900 packets, 0 dropped, 27648 assembled, 92 frame_drops
[2026-08-05T04:08:23Z INFO  remote_display_client] Decoded: 27600 frames, 57.3 fps, avg decode 1.6ms
[2026-08-05T04:08:23Z INFO  net_transport::video_receiver] Recv stats: 317000 packets, 0 dropped, 27678 assembled, 92 frame_drops
[2026-08-05T04:08:23Z INFO  net_transport::video_receiver] Recv stats: 317100 packets, 0 dropped, 27678 assembled, 92 frame_drops
[2026-08-05T04:08:23Z INFO  net_transport::video_receiver] Recv stats: 317200 packets, 0 dropped, 27678 assembled, 92 frame_drops
[2026-08-05T04:08:24Z INFO  net_transport::video_receiver] Recv stats: 317300 packets, 0 dropped, 27708 assembled, 92 frame_drops
[2026-08-05T04:08:24Z INFO  net_transport::video_receiver] Recv stats: 317400 packets, 0 dropped, 27708 assembled, 92 frame_drops
[2026-08-05T04:08:24Z INFO  net_transport::video_receiver] Recv stats: 317500 packets, 0 dropped, 27708 assembled, 92 frame_drops
[2026-08-05T04:08:24Z INFO  remote_display_client] Decoded: 27660 frames, 57.3 fps, avg decode 1.6ms
[2026-08-05T04:08:24Z INFO  net_transport::video_receiver] Recv stats: 317600 packets, 0 dropped, 27725 assembled, 92 frame_drops
[2026-08-05T04:08:24Z INFO  net_transport::video_receiver] Recv stats: 317700 packets, 0 dropped, 27738 assembled, 92 frame_drops
[2026-08-05T04:08:24Z INFO  net_transport::video_receiver] Recv stats: 317800 packets, 0 dropped, 27738 assembled, 92 frame_drops
[2026-08-05T04:08:24Z INFO  net_transport::video_receiver] Recv stats: 317900 packets, 0 dropped, 27738 assembled, 92 frame_drops
[2026-08-05T04:08:25Z INFO  net_transport::video_receiver] Recv stats: 318000 packets, 0 dropped, 27768 assembled, 92 frame_drops
[2026-08-05T04:08:25Z INFO  net_transport::video_receiver] Recv stats: 318100 packets, 0 dropped, 27768 assembled, 92 frame_drops
[2026-08-05T04:08:25Z INFO  net_transport::video_receiver] Recv stats: 318200 packets, 0 dropped, 27768 assembled, 92 frame_drops
[2026-08-05T04:08:25Z INFO  remote_display_client] Decoded: 27720 frames, 57.3 fps, avg decode 1.6ms
[2026-08-05T04:08:25Z INFO  net_transport::video_receiver] Recv stats: 318300 packets, 0 dropped, 27798 assembled, 92 frame_drops
[2026-08-05T04:08:25Z INFO  net_transport::video_receiver] Recv stats: 318400 packets, 0 dropped, 27798 assembled, 92 frame_drops
[2026-08-05T04:08:25Z INFO  net_transport::video_receiver] Recv stats: 318500 packets, 0 dropped, 27798 assembled, 92 frame_drops
[2026-08-05T04:08:25Z INFO  net_transport::video_receiver] Recv stats: 318600 packets, 0 dropped, 27798 assembled, 92 frame_drops
[2026-08-05T04:08:26Z INFO  net_transport::video_receiver] Recv stats: 318700 packets, 0 dropped, 27828 assembled, 92 frame_drops
[2026-08-05T04:08:26Z INFO  net_transport::video_receiver] Recv stats: 318800 packets, 0 dropped, 27828 assembled, 92 frame_drops
[2026-08-05T04:08:26Z INFO  net_transport::video_receiver] Recv stats: 318900 packets, 0 dropped, 27828 assembled, 92 frame_drops
[2026-08-05T04:08:26Z INFO  remote_display_client] Decoded: 27780 frames, 57.3 fps, avg decode 1.6ms
[2026-08-05T04:08:26Z INFO  net_transport::video_receiver] Recv stats: 319000 packets, 0 dropped, 27858 assembled, 92 frame_drops
[2026-08-05T04:08:26Z INFO  net_transport::video_receiver] Recv stats: 319100 packets, 0 dropped, 27858 assembled, 92 frame_drops
[2026-08-05T04:08:26Z INFO  net_transport::video_receiver] Recv stats: 319200 packets, 0 dropped, 27858 assembled, 92 frame_drops
[2026-08-05T04:08:27Z INFO  net_transport::video_receiver] Recv stats: 319300 packets, 0 dropped, 27880 assembled, 92 frame_drops
[2026-08-05T04:08:27Z INFO  net_transport::video_receiver] Recv stats: 319400 packets, 0 dropped, 27888 assembled, 92 frame_drops
[2026-08-05T04:08:27Z INFO  net_transport::video_receiver] Recv stats: 319500 packets, 0 dropped, 27888 assembled, 92 frame_drops
[2026-08-05T04:08:27Z INFO  net_transport::video_receiver] Recv stats: 319600 packets, 0 dropped, 27888 assembled, 92 frame_drops
[2026-08-05T04:08:27Z INFO  remote_display_client] Decoded: 27840 frames, 57.3 fps, avg decode 1.6ms
[2026-08-05T04:08:27Z INFO  net_transport::video_receiver] Recv stats: 319700 packets, 0 dropped, 27918 assembled, 92 frame_drops
[2026-08-05T04:08:27Z INFO  net_transport::video_receiver] Recv stats: 319800 packets, 0 dropped, 27918 assembled, 92 frame_drops
[2026-08-05T04:08:27Z INFO  net_transport::video_receiver] Recv stats: 319900 packets, 0 dropped, 27918 assembled, 92 frame_drops
[2026-08-05T04:08:28Z INFO  net_transport::video_receiver] Recv stats: 320000 packets, 0 dropped, 27947 assembled, 93 frame_drops
[2026-08-05T04:08:28Z INFO  net_transport::video_receiver] Recv stats: 320100 packets, 0 dropped, 27947 assembled, 93 frame_drops
[2026-08-05T04:08:28Z INFO  net_transport::video_receiver] Recv stats: 320200 packets, 0 dropped, 27947 assembled, 93 frame_drops
[2026-08-05T04:08:28Z INFO  net_transport::video_receiver] Recv stats: 320300 packets, 0 dropped, 27954 assembled, 93 frame_drops
[2026-08-05T04:08:28Z INFO  remote_display_client] Decoded: 27900 frames, 57.3 fps, avg decode 1.6ms
[2026-08-05T04:08:28Z INFO  net_transport::video_receiver] Recv stats: 320400 packets, 0 dropped, 27977 assembled, 93 frame_drops
[2026-08-05T04:08:28Z INFO  net_transport::video_receiver] Recv stats: 320500 packets, 0 dropped, 27977 assembled, 93 frame_drops
[2026-08-05T04:08:28Z INFO  net_transport::video_receiver] Recv stats: 320600 packets, 0 dropped, 27977 assembled, 93 frame_drops
[2026-08-05T04:08:29Z INFO  net_transport::video_receiver] Recv stats: 320700 packets, 0 dropped, 28007 assembled, 93 frame_drops
[2026-08-05T04:08:29Z INFO  net_transport::video_receiver] Recv stats: 320800 packets, 0 dropped, 28007 assembled, 93 frame_drops
[2026-08-05T04:08:29Z INFO  net_transport::video_receiver] Recv stats: 320900 packets, 0 dropped, 28007 assembled, 93 frame_drops
[2026-08-05T04:08:29Z INFO  remote_display_client] Decoded: 27960 frames, 57.3 fps, avg decode 1.6ms
[2026-08-05T04:08:29Z INFO  net_transport::video_receiver] Recv stats: 321000 packets, 0 dropped, 28036 assembled, 93 frame_drops
[2026-08-05T04:08:29Z INFO  net_transport::video_receiver] Recv stats: 321100 packets, 0 dropped, 28037 assembled, 93 frame_drops
[2026-08-05T04:08:29Z INFO  net_transport::video_receiver] Recv stats: 321200 packets, 0 dropped, 28037 assembled, 93 frame_drops
[2026-08-05T04:08:29Z INFO  net_transport::video_receiver] Recv stats: 321300 packets, 0 dropped, 28037 assembled, 93 frame_drops
[2026-08-05T04:08:30Z INFO  net_transport::video_receiver] Recv stats: 321400 packets, 0 dropped, 28067 assembled, 93 frame_drops
[2026-08-05T04:08:30Z INFO  net_transport::video_receiver] Recv stats: 321500 packets, 0 dropped, 28067 assembled, 93 frame_drops
[2026-08-05T04:08:30Z INFO  remote_display_client] Decoded: 28020 frames, 57.3 fps, avg decode 1.6ms
[2026-08-05T04:08:30Z INFO  net_transport::video_receiver] Recv stats: 321600 packets, 0 dropped, 28096 assembled, 94 frame_drops
[2026-08-05T04:08:30Z INFO  net_transport::video_receiver] Recv stats: 321700 packets, 0 dropped, 28096 assembled, 94 frame_drops
[2026-08-05T04:08:30Z INFO  net_transport::video_receiver] Recv stats: 321800 packets, 0 dropped, 28096 assembled, 94 frame_drops
[2026-08-05T04:08:30Z INFO  net_transport::video_receiver] Recv stats: 321900 packets, 0 dropped, 28096 assembled, 94 frame_drops
[2026-08-05T04:08:31Z INFO  net_transport::video_receiver] Recv stats: 322000 packets, 0 dropped, 28126 assembled, 94 frame_drops
[2026-08-05T04:08:31Z INFO  net_transport::video_receiver] Recv stats: 322100 packets, 0 dropped, 28126 assembled, 94 frame_drops
[2026-08-05T04:08:31Z INFO  net_transport::video_receiver] Recv stats: 322200 packets, 0 dropped, 28126 assembled, 94 frame_drops
[2026-08-05T04:08:31Z INFO  remote_display_client] Decoded: 28080 frames, 57.3 fps, avg decode 1.6ms
[2026-08-05T04:08:31Z INFO  net_transport::video_receiver] Recv stats: 322300 packets, 0 dropped, 28156 assembled, 94 frame_drops
[2026-08-05T04:08:31Z INFO  net_transport::video_receiver] Recv stats: 322400 packets, 0 dropped, 28156 assembled, 94 frame_drops
[2026-08-05T04:08:31Z INFO  net_transport::video_receiver] Recv stats: 322500 packets, 0 dropped, 28156 assembled, 94 frame_drops
[2026-08-05T04:08:32Z INFO  net_transport::video_receiver] Recv stats: 322600 packets, 0 dropped, 28175 assembled, 94 frame_drops
[2026-08-05T04:08:32Z INFO  net_transport::video_receiver] Recv stats: 322700 packets, 0 dropped, 28186 assembled, 94 frame_drops
[2026-08-05T04:08:32Z INFO  net_transport::video_receiver] Recv stats: 322800 packets, 0 dropped, 28186 assembled, 94 frame_drops
[2026-08-05T04:08:32Z INFO  net_transport::video_receiver] Recv stats: 322900 packets, 0 dropped, 28186 assembled, 94 frame_drops
[2026-08-05T04:08:32Z INFO  remote_display_client] Decoded: 28140 frames, 57.3 fps, avg decode 1.6ms
[2026-08-05T04:08:32Z INFO  net_transport::video_receiver] Recv stats: 323000 packets, 0 dropped, 28216 assembled, 94 frame_drops
[2026-08-05T04:08:32Z INFO  net_transport::video_receiver] Recv stats: 323100 packets, 0 dropped, 28216 assembled, 94 frame_drops
[2026-08-05T04:08:32Z INFO  net_transport::video_receiver] Recv stats: 323200 packets, 0 dropped, 28216 assembled, 94 frame_drops
[2026-08-05T04:08:33Z INFO  net_transport::video_receiver] Recv stats: 323300 packets, 0 dropped, 28246 assembled, 94 frame_drops
[2026-08-05T04:08:33Z INFO  net_transport::video_receiver] Recv stats: 323400 packets, 0 dropped, 28246 assembled, 94 frame_drops
[2026-08-05T04:08:33Z INFO  net_transport::video_receiver] Recv stats: 323500 packets, 0 dropped, 28246 assembled, 94 frame_drops
[2026-08-05T04:08:33Z INFO  net_transport::video_receiver] Recv stats: 323600 packets, 0 dropped, 28248 assembled, 94 frame_drops
[2026-08-05T04:08:33Z INFO  remote_display_client] Decoded: 28200 frames, 57.3 fps, avg decode 1.6ms
[2026-08-05T04:08:33Z INFO  net_transport::video_receiver] Recv stats: 323700 packets, 0 dropped, 28276 assembled, 94 frame_drops
[2026-08-05T04:08:33Z INFO  net_transport::video_receiver] Recv stats: 323800 packets, 0 dropped, 28276 assembled, 94 frame_drops
[2026-08-05T04:08:33Z INFO  net_transport::video_receiver] Recv stats: 323900 packets, 0 dropped, 28276 assembled, 94 frame_drops
[2026-08-05T04:08:34Z INFO  net_transport::video_receiver] Recv stats: 324000 packets, 0 dropped, 28306 assembled, 94 frame_drops
[2026-08-05T04:08:34Z INFO  net_transport::video_receiver] Recv stats: 324100 packets, 0 dropped, 28306 assembled, 94 frame_drops
[2026-08-05T04:08:34Z INFO  net_transport::video_receiver] Recv stats: 324200 packets, 0 dropped, 28306 assembled, 94 frame_drops
[2026-08-05T04:08:34Z INFO  remote_display_client] Decoded: 28260 frames, 57.3 fps, avg decode 1.6ms
[2026-08-05T04:08:34Z INFO  net_transport::video_receiver] Recv stats: 324300 packets, 0 dropped, 28330 assembled, 94 frame_drops
[2026-08-05T04:08:34Z INFO  net_transport::video_receiver] Recv stats: 324400 packets, 0 dropped, 28336 assembled, 94 frame_drops
[2026-08-05T04:08:34Z INFO  net_transport::video_receiver] Recv stats: 324500 packets, 0 dropped, 28336 assembled, 94 frame_drops
[2026-08-05T04:08:34Z INFO  net_transport::video_receiver] Recv stats: 324600 packets, 0 dropped, 28336 assembled, 94 frame_drops
[2026-08-05T04:08:35Z INFO  net_transport::video_receiver] Recv stats: 324700 packets, 0 dropped, 28366 assembled, 94 frame_drops
[2026-08-05T04:08:35Z INFO  net_transport::video_receiver] Recv stats: 324800 packets, 0 dropped, 28366 assembled, 94 frame_drops
[2026-08-05T04:08:35Z INFO  net_transport::video_receiver] Recv stats: 324900 packets, 0 dropped, 28366 assembled, 94 frame_drops
[2026-08-05T04:08:35Z INFO  remote_display_client] Decoded: 28320 frames, 57.3 fps, avg decode 1.6ms
[2026-08-05T04:08:36Z INFO  net_transport::video_receiver] Recv stats: 325000 packets, 0 dropped, 28396 assembled, 94 frame_drops
[2026-08-05T04:08:36Z INFO  net_transport::video_receiver] Recv stats: 325100 packets, 0 dropped, 28396 assembled, 94 frame_drops
[2026-08-05T04:08:36Z INFO  net_transport::video_receiver] Recv stats: 325200 packets, 0 dropped, 28396 assembled, 94 frame_drops
[2026-08-05T04:08:36Z INFO  net_transport::video_receiver] Recv stats: 325300 packets, 0 dropped, 28403 assembled, 94 frame_drops
[2026-08-05T04:08:36Z INFO  net_transport::video_receiver] Recv stats: 325400 packets, 0 dropped, 28426 assembled, 94 frame_drops
[2026-08-05T04:08:36Z INFO  net_transport::video_receiver] Recv stats: 325500 packets, 0 dropped, 28426 assembled, 94 frame_drops
[2026-08-05T04:08:36Z INFO  net_transport::video_receiver] Recv stats: 325600 packets, 0 dropped, 28426 assembled, 94 frame_drops
[2026-08-05T04:08:36Z INFO  remote_display_client] Decoded: 28380 frames, 57.3 fps, avg decode 1.6ms
[2026-08-05T04:08:37Z INFO  net_transport::video_receiver] Recv stats: 325700 packets, 0 dropped, 28456 assembled, 94 frame_drops
[2026-08-05T04:08:37Z INFO  net_transport::video_receiver] Recv stats: 325800 packets, 0 dropped, 28456 assembled, 94 frame_drops
[2026-08-05T04:08:37Z INFO  net_transport::video_receiver] Recv stats: 325900 packets, 0 dropped, 28456 assembled, 94 frame_drops
[2026-08-05T04:08:37Z INFO  net_transport::video_receiver] Recv stats: 326000 packets, 0 dropped, 28485 assembled, 94 frame_drops
[2026-08-05T04:08:37Z INFO  net_transport::video_receiver] Recv stats: 326100 packets, 0 dropped, 28486 assembled, 94 frame_drops
[2026-08-05T04:08:37Z INFO  net_transport::video_receiver] Recv stats: 326200 packets, 0 dropped, 28486 assembled, 94 frame_drops
[2026-08-05T04:08:37Z INFO  net_transport::video_receiver] Recv stats: 326300 packets, 0 dropped, 28486 assembled, 94 frame_drops
[2026-08-05T04:08:37Z INFO  remote_display_client] Decoded: 28440 frames, 57.3 fps, avg decode 1.6ms
[2026-08-05T04:08:38Z INFO  net_transport::video_receiver] Recv stats: 326400 packets, 0 dropped, 28516 assembled, 94 frame_drops
[2026-08-05T04:08:38Z INFO  net_transport::video_receiver] Recv stats: 326500 packets, 0 dropped, 28516 assembled, 94 frame_drops
[2026-08-05T04:08:38Z INFO  net_transport::video_receiver] Recv stats: 326600 packets, 0 dropped, 28516 assembled, 94 frame_drops
[2026-08-05T04:08:38Z INFO  net_transport::video_receiver] Recv stats: 326700 packets, 0 dropped, 28546 assembled, 94 frame_drops
[2026-08-05T04:08:38Z INFO  net_transport::video_receiver] Recv stats: 326800 packets, 0 dropped, 28546 assembled, 94 frame_drops
[2026-08-05T04:08:38Z INFO  net_transport::video_receiver] Recv stats: 326900 packets, 0 dropped, 28546 assembled, 94 frame_drops
[2026-08-05T04:08:38Z INFO  remote_display_client] Decoded: 28500 frames, 57.3 fps, avg decode 1.6ms
[2026-08-05T04:08:38Z INFO  net_transport::video_receiver] Recv stats: 327000 packets, 0 dropped, 28558 assembled, 94 frame_drops
[2026-08-05T04:08:39Z INFO  net_transport::video_receiver] Recv stats: 327100 packets, 0 dropped, 28576 assembled, 94 frame_drops
[2026-08-05T04:08:39Z INFO  net_transport::video_receiver] Recv stats: 327200 packets, 0 dropped, 28576 assembled, 94 frame_drops
[2026-08-05T04:08:39Z INFO  net_transport::video_receiver] Recv stats: 327300 packets, 0 dropped, 28576 assembled, 94 frame_drops
[2026-08-05T04:08:39Z INFO  net_transport::video_receiver] Recv stats: 327400 packets, 0 dropped, 28606 assembled, 94 frame_drops
[2026-08-05T04:08:39Z INFO  net_transport::video_receiver] Recv stats: 327500 packets, 0 dropped, 28606 assembled, 94 frame_drops
[2026-08-05T04:08:39Z INFO  net_transport::video_receiver] Recv stats: 327600 packets, 0 dropped, 28606 assembled, 94 frame_drops
[2026-08-05T04:08:39Z INFO  remote_display_client] Decoded: 28560 frames, 57.3 fps, avg decode 1.6ms
[2026-08-05T04:08:40Z INFO  net_transport::video_receiver] Recv stats: 327700 packets, 0 dropped, 28636 assembled, 94 frame_drops
[2026-08-05T04:08:40Z INFO  net_transport::video_receiver] Recv stats: 327800 packets, 0 dropped, 28636 assembled, 94 frame_drops
[2026-08-05T04:08:40Z INFO  net_transport::video_receiver] Recv stats: 327900 packets, 0 dropped, 28636 assembled, 94 frame_drops
[2026-08-05T04:08:40Z INFO  net_transport::video_receiver] Recv stats: 328000 packets, 0 dropped, 28636 assembled, 94 frame_drops
[2026-08-05T04:08:40Z INFO  net_transport::video_receiver] Recv stats: 328100 packets, 0 dropped, 28666 assembled, 94 frame_drops
[2026-08-05T04:08:40Z INFO  net_transport::video_receiver] Recv stats: 328200 packets, 0 dropped, 28666 assembled, 94 frame_drops
[2026-08-05T04:08:40Z INFO  net_transport::video_receiver] Recv stats: 328300 packets, 0 dropped, 28666 assembled, 94 frame_drops
[2026-08-05T04:08:40Z INFO  remote_display_client] Decoded: 28620 frames, 57.3 fps, avg decode 1.6ms
[2026-08-05T04:08:41Z INFO  net_transport::video_receiver] Recv stats: 328400 packets, 0 dropped, 28696 assembled, 94 frame_drops
[2026-08-05T04:08:41Z INFO  net_transport::video_receiver] Recv stats: 328500 packets, 0 dropped, 28696 assembled, 94 frame_drops
[2026-08-05T04:08:41Z INFO  net_transport::video_receiver] Recv stats: 328600 packets, 0 dropped, 28696 assembled, 94 frame_drops
[2026-08-05T04:08:41Z INFO  net_transport::video_receiver] Recv stats: 328700 packets, 0 dropped, 28713 assembled, 94 frame_drops
[2026-08-05T04:08:41Z INFO  net_transport::video_receiver] Recv stats: 328800 packets, 0 dropped, 28726 assembled, 94 frame_drops
[2026-08-05T04:08:41Z INFO  net_transport::video_receiver] Recv stats: 328900 packets, 0 dropped, 28726 assembled, 94 frame_drops
[2026-08-05T04:08:41Z INFO  net_transport::video_receiver] Recv stats: 329000 packets, 0 dropped, 28726 assembled, 94 frame_drops
[2026-08-05T04:08:41Z INFO  remote_display_client] Decoded: 28680 frames, 57.3 fps, avg decode 1.6ms
[2026-08-05T04:08:42Z INFO  net_transport::video_receiver] Recv stats: 329100 packets, 0 dropped, 28756 assembled, 94 frame_drops
[2026-08-05T04:08:42Z INFO  net_transport::video_receiver] Recv stats: 329200 packets, 0 dropped, 28756 assembled, 94 frame_drops
[2026-08-05T04:08:42Z INFO  net_transport::video_receiver] Recv stats: 329300 packets, 0 dropped, 28756 assembled, 94 frame_drops
[2026-08-05T04:08:42Z INFO  net_transport::video_receiver] Recv stats: 329400 packets, 0 dropped, 28786 assembled, 94 frame_drops
[2026-08-05T04:08:42Z INFO  net_transport::video_receiver] Recv stats: 329500 packets, 0 dropped, 28786 assembled, 94 frame_drops
[2026-08-05T04:08:42Z INFO  net_transport::video_receiver] Recv stats: 329600 packets, 0 dropped, 28786 assembled, 94 frame_drops
[2026-08-05T04:08:42Z INFO  net_transport::video_receiver] Recv stats: 329700 packets, 0 dropped, 28786 assembled, 94 frame_drops
[2026-08-05T04:08:42Z INFO  remote_display_client] Decoded: 28740 frames, 57.3 fps, avg decode 1.6ms
[2026-08-05T04:08:43Z INFO  net_transport::video_receiver] Recv stats: 329800 packets, 0 dropped, 28816 assembled, 94 frame_drops
[2026-08-05T04:08:43Z INFO  net_transport::video_receiver] Recv stats: 329900 packets, 0 dropped, 28816 assembled, 94 frame_drops
[2026-08-05T04:08:43Z INFO  net_transport::video_receiver] Recv stats: 330000 packets, 0 dropped, 28816 assembled, 94 frame_drops
[2026-08-05T04:08:43Z INFO  net_transport::video_receiver] Recv stats: 330100 packets, 0 dropped, 28846 assembled, 94 frame_drops
[2026-08-05T04:08:43Z INFO  net_transport::video_receiver] Recv stats: 330200 packets, 0 dropped, 28846 assembled, 94 frame_drops
[2026-08-05T04:08:43Z INFO  net_transport::video_receiver] Recv stats: 330300 packets, 0 dropped, 28846 assembled, 94 frame_drops
[2026-08-05T04:08:43Z INFO  remote_display_client] Decoded: 28800 frames, 57.3 fps, avg decode 1.6ms
[2026-08-05T04:08:44Z INFO  net_transport::video_receiver] Recv stats: 330400 packets, 0 dropped, 28868 assembled, 94 frame_drops
[2026-08-05T04:08:44Z INFO  net_transport::video_receiver] Recv stats: 330500 packets, 0 dropped, 28876 assembled, 94 frame_drops
[2026-08-05T04:08:44Z INFO  net_transport::video_receiver] Recv stats: 330600 packets, 0 dropped, 28876 assembled, 94 frame_drops
[2026-08-05T04:08:44Z INFO  net_transport::video_receiver] Recv stats: 330700 packets, 0 dropped, 28876 assembled, 94 frame_drops
[2026-08-05T04:08:44Z INFO  net_transport::video_receiver] Recv stats: 330800 packets, 0 dropped, 28906 assembled, 94 frame_drops
[2026-08-05T04:08:44Z INFO  net_transport::video_receiver] Recv stats: 330900 packets, 0 dropped, 28906 assembled, 94 frame_drops
[2026-08-05T04:08:44Z INFO  net_transport::video_receiver] Recv stats: 331000 packets, 0 dropped, 28906 assembled, 94 frame_drops
[2026-08-05T04:08:45Z INFO  remote_display_client] Decoded: 28860 frames, 57.3 fps, avg decode 1.6ms
[2026-08-05T04:08:45Z INFO  net_transport::video_receiver] Recv stats: 331100 packets, 0 dropped, 28936 assembled, 94 frame_drops
[2026-08-05T04:08:45Z INFO  net_transport::video_receiver] Recv stats: 331200 packets, 0 dropped, 28936 assembled, 94 frame_drops
[2026-08-05T04:08:45Z INFO  net_transport::video_receiver] Recv stats: 331300 packets, 0 dropped, 28936 assembled, 94 frame_drops
[2026-08-05T04:08:45Z INFO  net_transport::video_receiver] Recv stats: 331400 packets, 0 dropped, 28941 assembled, 94 frame_drops
[2026-08-05T04:08:45Z INFO  net_transport::video_receiver] Recv stats: 331500 packets, 0 dropped, 28966 assembled, 94 frame_drops
[2026-08-05T04:08:45Z INFO  net_transport::video_receiver] Recv stats: 331600 packets, 0 dropped, 28966 assembled, 94 frame_drops
[2026-08-05T04:08:45Z INFO  net_transport::video_receiver] Recv stats: 331700 packets, 0 dropped, 28966 assembled, 94 frame_drops
[2026-08-05T04:08:46Z INFO  remote_display_client] Decoded: 28920 frames, 57.3 fps, avg decode 1.6ms
[2026-08-05T04:08:46Z INFO  net_transport::video_receiver] Recv stats: 331800 packets, 0 dropped, 28996 assembled, 94 frame_drops
[2026-08-05T04:08:46Z INFO  net_transport::video_receiver] Recv stats: 331900 packets, 0 dropped, 28996 assembled, 94 frame_drops
[2026-08-05T04:08:46Z INFO  net_transport::video_receiver] Recv stats: 332000 packets, 0 dropped, 28996 assembled, 94 frame_drops
[2026-08-05T04:08:46Z INFO  net_transport::video_receiver] Recv stats: 332100 packets, 0 dropped, 29023 assembled, 94 frame_drops
[2026-08-05T04:08:46Z INFO  net_transport::video_receiver] Recv stats: 332200 packets, 0 dropped, 29026 assembled, 94 frame_drops
[2026-08-05T04:08:46Z INFO  net_transport::video_receiver] Recv stats: 332300 packets, 0 dropped, 29026 assembled, 94 frame_drops
[2026-08-05T04:08:46Z INFO  net_transport::video_receiver] Recv stats: 332400 packets, 0 dropped, 29026 assembled, 94 frame_drops
[2026-08-05T04:08:47Z INFO  remote_display_client] Decoded: 28980 frames, 57.3 fps, avg decode 1.6ms
[2026-08-05T04:08:47Z INFO  net_transport::video_receiver] Recv stats: 332500 packets, 0 dropped, 29056 assembled, 94 frame_drops
[2026-08-05T04:08:47Z INFO  net_transport::video_receiver] Recv stats: 332600 packets, 0 dropped, 29056 assembled, 94 frame_drops
[2026-08-05T04:08:47Z INFO  net_transport::video_receiver] Recv stats: 332700 packets, 0 dropped, 29056 assembled, 94 frame_drops
[2026-08-05T04:08:47Z INFO  net_transport::video_receiver] Recv stats: 332800 packets, 0 dropped, 29086 assembled, 94 frame_drops
[2026-08-05T04:08:47Z INFO  net_transport::video_receiver] Recv stats: 332900 packets, 0 dropped, 29086 assembled, 94 frame_drops
[2026-08-05T04:08:47Z INFO  net_transport::video_receiver] Recv stats: 333000 packets, 0 dropped, 29086 assembled, 94 frame_drops
[2026-08-05T04:08:48Z INFO  net_transport::video_receiver] Recv stats: 333100 packets, 0 dropped, 29096 assembled, 94 frame_drops
[2026-08-05T04:08:48Z INFO  remote_display_client] Decoded: 29040 frames, 57.3 fps, avg decode 1.6ms
[2026-08-05T04:08:48Z INFO  net_transport::video_receiver] Recv stats: 333200 packets, 0 dropped, 29116 assembled, 94 frame_drops
[2026-08-05T04:08:48Z INFO  net_transport::video_receiver] Recv stats: 333300 packets, 0 dropped, 29116 assembled, 94 frame_drops
[2026-08-05T04:08:48Z INFO  net_transport::video_receiver] Recv stats: 333400 packets, 0 dropped, 29116 assembled, 94 frame_drops
[2026-08-05T04:08:48Z INFO  net_transport::video_receiver] Recv stats: 333500 packets, 0 dropped, 29146 assembled, 94 frame_drops
[2026-08-05T04:08:48Z INFO  net_transport::video_receiver] Recv stats: 333600 packets, 0 dropped, 29146 assembled, 94 frame_drops
[2026-08-05T04:08:48Z INFO  net_transport::video_receiver] Recv stats: 333700 packets, 0 dropped, 29146 assembled, 94 frame_drops
[2026-08-05T04:08:49Z INFO  remote_display_client] Decoded: 29100 frames, 57.3 fps, avg decode 1.6ms
[2026-08-05T04:08:49Z INFO  net_transport::video_receiver] Recv stats: 333800 packets, 0 dropped, 29176 assembled, 94 frame_drops
[2026-08-05T04:08:49Z INFO  net_transport::video_receiver] Recv stats: 333900 packets, 0 dropped, 29176 assembled, 94 frame_drops
[2026-08-05T04:08:49Z INFO  net_transport::video_receiver] Recv stats: 334000 packets, 0 dropped, 29176 assembled, 94 frame_drops
[2026-08-05T04:08:49Z INFO  net_transport::video_receiver] Recv stats: 334100 packets, 0 dropped, 29176 assembled, 94 frame_drops
[2026-08-05T04:08:50Z INFO  net_transport::video_receiver] Recv stats: 334200 packets, 0 dropped, 29206 assembled, 94 frame_drops
[2026-08-05T04:08:50Z INFO  net_transport::video_receiver] Recv stats: 334300 packets, 0 dropped, 29206 assembled, 94 frame_drops
[2026-08-05T04:08:50Z INFO  net_transport::video_receiver] Recv stats: 334400 packets, 0 dropped, 29206 assembled, 94 frame_drops
[2026-08-05T04:08:50Z INFO  remote_display_client] Decoded: 29160 frames, 57.3 fps, avg decode 1.6ms
[2026-08-05T04:08:50Z INFO  net_transport::video_receiver] Recv stats: 334500 packets, 0 dropped, 29236 assembled, 94 frame_drops
[2026-08-05T04:08:50Z INFO  net_transport::video_receiver] Recv stats: 334600 packets, 0 dropped, 29236 assembled, 94 frame_drops
[2026-08-05T04:08:50Z INFO  net_transport::video_receiver] Recv stats: 334700 packets, 0 dropped, 29236 assembled, 94 frame_drops
[2026-08-05T04:08:50Z INFO  net_transport::video_receiver] Recv stats: 334800 packets, 0 dropped, 29251 assembled, 94 frame_drops
[2026-08-05T04:08:51Z INFO  net_transport::video_receiver] Recv stats: 334900 packets, 0 dropped, 29266 assembled, 94 frame_drops
[2026-08-05T04:08:51Z INFO  net_transport::video_receiver] Recv stats: 335000 packets, 0 dropped, 29266 assembled, 94 frame_drops
[2026-08-05T04:08:51Z INFO  net_transport::video_receiver] Recv stats: 335100 packets, 0 dropped, 29266 assembled, 94 frame_drops
[2026-08-05T04:08:51Z INFO  remote_display_client] Decoded: 29220 frames, 57.3 fps, avg decode 1.6ms
[2026-08-05T04:08:51Z INFO  net_transport::video_receiver] Recv stats: 335200 packets, 0 dropped, 29296 assembled, 94 frame_drops
[2026-08-05T04:08:51Z INFO  net_transport::video_receiver] Recv stats: 335300 packets, 0 dropped, 29296 assembled, 94 frame_drops
[2026-08-05T04:08:51Z INFO  net_transport::video_receiver] Recv stats: 335400 packets, 0 dropped, 29296 assembled, 94 frame_drops
[2026-08-05T04:08:52Z INFO  net_transport::video_receiver] Recv stats: 335500 packets, 0 dropped, 29326 assembled, 94 frame_drops
[2026-08-05T04:08:52Z INFO  net_transport::video_receiver] Recv stats: 335600 packets, 0 dropped, 29326 assembled, 94 frame_drops
[2026-08-05T04:08:52Z INFO  net_transport::video_receiver] Recv stats: 335700 packets, 0 dropped, 29326 assembled, 94 frame_drops
[2026-08-05T04:08:52Z INFO  net_transport::video_receiver] Recv stats: 335800 packets, 0 dropped, 29326 assembled, 94 frame_drops
[2026-08-05T04:08:52Z INFO  remote_display_client] Decoded: 29280 frames, 57.3 fps, avg decode 1.6ms
[2026-08-05T04:08:52Z INFO  net_transport::video_receiver] Recv stats: 335900 packets, 0 dropped, 29356 assembled, 94 frame_drops
[2026-08-05T04:08:52Z INFO  net_transport::video_receiver] Recv stats: 336000 packets, 0 dropped, 29356 assembled, 94 frame_drops
[2026-08-05T04:08:52Z INFO  net_transport::video_receiver] Recv stats: 336100 packets, 0 dropped, 29356 assembled, 94 frame_drops
[2026-08-05T04:08:53Z INFO  net_transport::video_receiver] Recv stats: 336200 packets, 0 dropped, 29386 assembled, 94 frame_drops
[2026-08-05T04:08:53Z INFO  net_transport::video_receiver] Recv stats: 336300 packets, 0 dropped, 29386 assembled, 94 frame_drops
[2026-08-05T04:08:53Z INFO  net_transport::video_receiver] Recv stats: 336400 packets, 0 dropped, 29386 assembled, 94 frame_drops
[2026-08-05T04:08:53Z INFO  remote_display_client] Decoded: 29340 frames, 57.3 fps, avg decode 1.6ms
[2026-08-05T04:08:53Z INFO  net_transport::video_receiver] Recv stats: 336500 packets, 0 dropped, 29406 assembled, 94 frame_drops
[2026-08-05T04:08:53Z INFO  net_transport::video_receiver] Recv stats: 336600 packets, 0 dropped, 29416 assembled, 94 frame_drops
[2026-08-05T04:08:53Z INFO  net_transport::video_receiver] Recv stats: 336700 packets, 0 dropped, 29416 assembled, 94 frame_drops
[2026-08-05T04:08:53Z INFO  net_transport::video_receiver] Recv stats: 336800 packets, 0 dropped, 29416 assembled, 94 frame_drops
[2026-08-05T04:08:54Z INFO  net_transport::video_receiver] Recv stats: 336900 packets, 0 dropped, 29446 assembled, 94 frame_drops
[2026-08-05T04:08:54Z INFO  net_transport::video_receiver] Recv stats: 337000 packets, 0 dropped, 29446 assembled, 94 frame_drops
[2026-08-05T04:08:54Z INFO  net_transport::video_receiver] Recv stats: 337100 packets, 0 dropped, 29446 assembled, 94 frame_drops
[2026-08-05T04:08:54Z INFO  remote_display_client] Decoded: 29400 frames, 57.3 fps, avg decode 1.6ms
[2026-08-05T04:08:54Z INFO  net_transport::video_receiver] Recv stats: 337200 packets, 0 dropped, 29476 assembled, 94 frame_drops
[2026-08-05T04:08:54Z INFO  net_transport::video_receiver] Recv stats: 337300 packets, 0 dropped, 29476 assembled, 94 frame_drops
[2026-08-05T04:08:54Z INFO  net_transport::video_receiver] Recv stats: 337400 packets, 0 dropped, 29476 assembled, 94 frame_drops
[2026-08-05T04:08:54Z INFO  net_transport::video_receiver] Recv stats: 337500 packets, 0 dropped, 29479 assembled, 94 frame_drops
[2026-08-05T04:08:55Z INFO  net_transport::video_receiver] Recv stats: 337600 packets, 0 dropped, 29506 assembled, 94 frame_drops
[2026-08-05T04:08:55Z INFO  net_transport::video_receiver] Recv stats: 337700 packets, 0 dropped, 29506 assembled, 94 frame_drops
[2026-08-05T04:08:55Z INFO  net_transport::video_receiver] Recv stats: 337800 packets, 0 dropped, 29506 assembled, 94 frame_drops
[2026-08-05T04:08:55Z INFO  remote_display_client] Decoded: 29460 frames, 57.3 fps, avg decode 1.6ms
[2026-08-05T04:08:55Z INFO  net_transport::video_receiver] Recv stats: 337900 packets, 0 dropped, 29536 assembled, 94 frame_drops
[2026-08-05T04:08:55Z INFO  net_transport::video_receiver] Recv stats: 338000 packets, 0 dropped, 29536 assembled, 94 frame_drops
[2026-08-05T04:08:55Z INFO  net_transport::video_receiver] Recv stats: 338100 packets, 0 dropped, 29536 assembled, 94 frame_drops
[2026-08-05T04:08:56Z INFO  net_transport::video_receiver] Recv stats: 338200 packets, 0 dropped, 29561 assembled, 94 frame_drops
[2026-08-05T04:08:56Z INFO  net_transport::video_receiver] Recv stats: 338300 packets, 0 dropped, 29566 assembled, 94 frame_drops
[2026-08-05T04:08:56Z INFO  net_transport::video_receiver] Recv stats: 338400 packets, 0 dropped, 29566 assembled, 94 frame_drops
[2026-08-05T04:08:56Z INFO  net_transport::video_receiver] Recv stats: 338500 packets, 0 dropped, 29566 assembled, 94 frame_drops
[2026-08-05T04:08:56Z INFO  remote_display_client] Decoded: 29520 frames, 57.3 fps, avg decode 1.6ms
[2026-08-05T04:08:56Z INFO  net_transport::video_receiver] Recv stats: 338600 packets, 0 dropped, 29596 assembled, 94 frame_drops
[2026-08-05T04:08:56Z INFO  net_transport::video_receiver] Recv stats: 338700 packets, 0 dropped, 29596 assembled, 94 frame_drops
[2026-08-05T04:08:56Z INFO  net_transport::video_receiver] Recv stats: 338800 packets, 0 dropped, 29596 assembled, 94 frame_drops
[2026-08-05T04:08:57Z INFO  net_transport::video_receiver] Recv stats: 338900 packets, 0 dropped, 29626 assembled, 94 frame_drops
[2026-08-05T04:08:57Z INFO  net_transport::video_receiver] Recv stats: 339000 packets, 0 dropped, 29626 assembled, 94 frame_drops
[2026-08-05T04:08:57Z INFO  net_transport::video_receiver] Recv stats: 339100 packets, 0 dropped, 29626 assembled, 94 frame_drops
[2026-08-05T04:08:57Z INFO  net_transport::video_receiver] Recv stats: 339200 packets, 0 dropped, 29634 assembled, 94 frame_drops
[2026-08-05T04:08:57Z INFO  remote_display_client] Decoded: 29580 frames, 57.3 fps, avg decode 1.6ms
[2026-08-05T04:08:57Z INFO  net_transport::video_receiver] Recv stats: 339300 packets, 0 dropped, 29656 assembled, 94 frame_drops
[2026-08-05T04:08:57Z INFO  net_transport::video_receiver] Recv stats: 339400 packets, 0 dropped, 29656 assembled, 94 frame_drops
[2026-08-05T04:08:57Z INFO  net_transport::video_receiver] Recv stats: 339500 packets, 0 dropped, 29656 assembled, 94 frame_drops
[2026-08-05T04:08:58Z INFO  net_transport::video_receiver] Recv stats: 339600 packets, 0 dropped, 29686 assembled, 94 frame_drops
[2026-08-05T04:08:58Z INFO  net_transport::video_receiver] Recv stats: 339700 packets, 0 dropped, 29686 assembled, 94 frame_drops
[2026-08-05T04:08:58Z INFO  net_transport::video_receiver] Recv stats: 339800 packets, 0 dropped, 29686 assembled, 94 frame_drops
[2026-08-05T04:08:58Z INFO  remote_display_client] Decoded: 29640 frames, 57.3 fps, avg decode 1.6ms
[2026-08-05T04:08:58Z INFO  net_transport::video_receiver] Recv stats: 339900 packets, 0 dropped, 29716 assembled, 94 frame_drops
[2026-08-05T04:08:58Z INFO  net_transport::video_receiver] Recv stats: 340000 packets, 0 dropped, 29716 assembled, 94 frame_drops
[2026-08-05T04:08:58Z INFO  net_transport::video_receiver] Recv stats: 340100 packets, 0 dropped, 29716 assembled, 94 frame_drops
[2026-08-05T04:08:58Z INFO  net_transport::video_receiver] Recv stats: 340200 packets, 0 dropped, 29716 assembled, 94 frame_drops
[2026-08-05T04:08:59Z INFO  net_transport::video_receiver] Recv stats: 340300 packets, 0 dropped, 29746 assembled, 94 frame_drops
[2026-08-05T04:08:59Z INFO  net_transport::video_receiver] Recv stats: 340400 packets, 0 dropped, 29746 assembled, 94 frame_drops
[2026-08-05T04:08:59Z INFO  net_transport::video_receiver] Recv stats: 340500 packets, 0 dropped, 29746 assembled, 94 frame_drops
[2026-08-05T04:08:59Z INFO  remote_display_client] Decoded: 29700 frames, 57.3 fps, avg decode 1.6ms
[2026-08-05T04:08:59Z INFO  net_transport::video_receiver] Recv stats: 340600 packets, 0 dropped, 29776 assembled, 94 frame_drops
[2026-08-05T04:08:59Z INFO  net_transport::video_receiver] Recv stats: 340700 packets, 0 dropped, 29776 assembled, 94 frame_drops
[2026-08-05T04:08:59Z INFO  net_transport::video_receiver] Recv stats: 340800 packets, 0 dropped, 29776 assembled, 94 frame_drops
[2026-08-05T04:09:00Z INFO  net_transport::video_receiver] Recv stats: 340900 packets, 0 dropped, 29789 assembled, 94 frame_drops
[2026-08-05T04:09:00Z INFO  net_transport::video_receiver] Recv stats: 341000 packets, 0 dropped, 29806 assembled, 94 frame_drops
[2026-08-05T04:09:00Z INFO  net_transport::video_receiver] Recv stats: 341100 packets, 0 dropped, 29806 assembled, 94 frame_drops
[2026-08-05T04:09:00Z INFO  net_transport::video_receiver] Recv stats: 341200 packets, 0 dropped, 29806 assembled, 94 frame_drops
[2026-08-05T04:09:00Z INFO  remote_display_client] Decoded: 29760 frames, 57.3 fps, avg decode 1.6ms
[2026-08-05T04:09:00Z INFO  net_transport::video_receiver] Recv stats: 341300 packets, 0 dropped, 29836 assembled, 94 frame_drops
[2026-08-05T04:09:00Z INFO  net_transport::video_receiver] Recv stats: 341400 packets, 0 dropped, 29836 assembled, 94 frame_drops
[2026-08-05T04:09:00Z INFO  net_transport::video_receiver] Recv stats: 341500 packets, 0 dropped, 29836 assembled, 94 frame_drops
[2026-08-05T04:09:01Z INFO  net_transport::video_receiver] Recv stats: 341600 packets, 0 dropped, 29866 assembled, 94 frame_drops
[2026-08-05T04:09:01Z INFO  net_transport::video_receiver] Recv stats: 341700 packets, 0 dropped, 29866 assembled, 94 frame_drops
[2026-08-05T04:09:01Z INFO  net_transport::video_receiver] Recv stats: 341800 packets, 0 dropped, 29866 assembled, 94 frame_drops
[2026-08-05T04:09:01Z INFO  net_transport::video_receiver] Recv stats: 341900 packets, 0 dropped, 29866 assembled, 94 frame_drops
[2026-08-05T04:09:01Z INFO  remote_display_client] Decoded: 29820 frames, 57.3 fps, avg decode 1.6ms
[2026-08-05T04:09:01Z INFO  net_transport::video_receiver] Recv stats: 342000 packets, 0 dropped, 29896 assembled, 94 frame_drops
[2026-08-05T04:09:01Z INFO  net_transport::video_receiver] Recv stats: 342100 packets, 0 dropped, 29896 assembled, 94 frame_drops
[2026-08-05T04:09:01Z INFO  net_transport::video_receiver] Recv stats: 342200 packets, 0 dropped, 29896 assembled, 94 frame_drops
[2026-08-05T04:09:02Z INFO  net_transport::video_receiver] Recv stats: 342300 packets, 0 dropped, 29926 assembled, 94 frame_drops
[2026-08-05T04:09:02Z INFO  net_transport::video_receiver] Recv stats: 342400 packets, 0 dropped, 29926 assembled, 94 frame_drops
[2026-08-05T04:09:02Z INFO  net_transport::video_receiver] Recv stats: 342500 packets, 0 dropped, 29926 assembled, 94 frame_drops
[2026-08-05T04:09:02Z INFO  remote_display_client] Decoded: 29880 frames, 57.3 fps, avg decode 1.6ms
[2026-08-05T04:09:02Z INFO  net_transport::video_receiver] Recv stats: 342600 packets, 0 dropped, 29944 assembled, 94 frame_drops
[2026-08-05T04:09:03Z INFO  net_transport::video_receiver] Recv stats: 342700 packets, 0 dropped, 29956 assembled, 94 frame_drops
[2026-08-05T04:09:03Z INFO  net_transport::video_receiver] Recv stats: 342800 packets, 0 dropped, 29956 assembled, 94 frame_drops
[2026-08-05T04:09:03Z INFO  net_transport::video_receiver] Recv stats: 342900 packets, 0 dropped, 29956 assembled, 94 frame_drops
[2026-08-05T04:09:03Z INFO  net_transport::video_receiver] Recv stats: 343000 packets, 0 dropped, 29986 assembled, 94 frame_drops
[2026-08-05T04:09:03Z INFO  net_transport::video_receiver] Recv stats: 343100 packets, 0 dropped, 29986 assembled, 94 frame_drops
[2026-08-05T04:09:03Z INFO  net_transport::video_receiver] Recv stats: 343200 packets, 0 dropped, 29986 assembled, 94 frame_drops
[2026-08-05T04:09:03Z INFO  remote_display_client] Decoded: 29940 frames, 57.3 fps, avg decode 1.6ms
[2026-08-05T04:09:04Z INFO  net_transport::video_receiver] Recv stats: 343300 packets, 0 dropped, 30016 assembled, 94 frame_drops
[2026-08-05T04:09:04Z INFO  net_transport::video_receiver] Recv stats: 343400 packets, 0 dropped, 30016 assembled, 94 frame_drops
[2026-08-05T04:09:04Z INFO  net_transport::video_receiver] Recv stats: 343500 packets, 0 dropped, 30016 assembled, 94 frame_drops
[2026-08-05T04:09:04Z INFO  net_transport::video_receiver] Recv stats: 343600 packets, 0 dropped, 30017 assembled, 94 frame_drops
[2026-08-05T04:09:04Z INFO  net_transport::video_receiver] Recv stats: 343700 packets, 0 dropped, 30046 assembled, 94 frame_drops
[2026-08-05T04:09:04Z INFO  net_transport::video_receiver] Recv stats: 343800 packets, 0 dropped, 30046 assembled, 94 frame_drops
[2026-08-05T04:09:04Z INFO  net_transport::video_receiver] Recv stats: 343900 packets, 0 dropped, 30046 assembled, 94 frame_drops
[2026-08-05T04:09:04Z INFO  remote_display_client] Decoded: 30000 frames, 57.3 fps, avg decode 1.6ms
[2026-08-05T04:09:05Z INFO  net_transport::video_receiver] Recv stats: 344000 packets, 0 dropped, 30076 assembled, 94 frame_drops
[2026-08-05T04:09:05Z INFO  net_transport::video_receiver] Recv stats: 344100 packets, 0 dropped, 30076 assembled, 94 frame_drops
[2026-08-05T04:09:05Z INFO  net_transport::video_receiver] Recv stats: 344200 packets, 0 dropped, 30076 assembled, 94 frame_drops
[2026-08-05T04:09:05Z INFO  net_transport::video_receiver] Recv stats: 344300 packets, 0 dropped, 30099 assembled, 94 frame_drops
[2026-08-05T04:09:05Z INFO  net_transport::video_receiver] Recv stats: 344400 packets, 0 dropped, 30106 assembled, 94 frame_drops
[2026-08-05T04:09:05Z INFO  net_transport::video_receiver] Recv stats: 344500 packets, 0 dropped, 30106 assembled, 94 frame_drops
[2026-08-05T04:09:05Z INFO  net_transport::video_receiver] Recv stats: 344600 packets, 0 dropped, 30106 assembled, 94 frame_drops
[2026-08-05T04:09:05Z INFO  remote_display_client] Decoded: 30060 frames, 57.3 fps, avg decode 1.6ms
[2026-08-05T04:09:06Z INFO  net_transport::video_receiver] Recv stats: 344700 packets, 0 dropped, 30136 assembled, 94 frame_drops
[2026-08-05T04:09:06Z INFO  net_transport::video_receiver] Recv stats: 344800 packets, 0 dropped, 30136 assembled, 94 frame_drops
[2026-08-05T04:09:06Z INFO  net_transport::video_receiver] Recv stats: 344900 packets, 0 dropped, 30165 assembled, 95 frame_drops
[2026-08-05T04:09:06Z INFO  net_transport::video_receiver] Recv stats: 345000 packets, 0 dropped, 30165 assembled, 95 frame_drops
[2026-08-05T04:09:06Z INFO  net_transport::video_receiver] Recv stats: 345100 packets, 0 dropped, 30165 assembled, 95 frame_drops
[2026-08-05T04:09:06Z INFO  remote_display_client] Decoded: 30120 frames, 57.3 fps, avg decode 1.6ms
[2026-08-05T04:09:07Z INFO  net_transport::video_receiver] Recv stats: 345200 packets, 0 dropped, 30195 assembled, 95 frame_drops
[2026-08-05T04:09:07Z INFO  net_transport::video_receiver] Recv stats: 345300 packets, 0 dropped, 30195 assembled, 95 frame_drops
[2026-08-05T04:09:07Z INFO  net_transport::video_receiver] Recv stats: 345400 packets, 0 dropped, 30195 assembled, 95 frame_drops
[2026-08-05T04:09:07Z INFO  net_transport::video_receiver] Recv stats: 345500 packets, 0 dropped, 30195 assembled, 95 frame_drops
[2026-08-05T04:09:07Z INFO  net_transport::video_receiver] Recv stats: 345600 packets, 0 dropped, 30225 assembled, 95 frame_drops
[2026-08-05T04:09:07Z INFO  net_transport::video_receiver] Recv stats: 345700 packets, 0 dropped, 30225 assembled, 95 frame_drops
[2026-08-05T04:09:07Z INFO  net_transport::video_receiver] Recv stats: 345800 packets, 0 dropped, 30225 assembled, 95 frame_drops
[2026-08-05T04:09:07Z INFO  remote_display_client] Decoded: 30180 frames, 57.3 fps, avg decode 1.6ms
[2026-08-05T04:09:08Z INFO  net_transport::video_receiver] Recv stats: 345900 packets, 0 dropped, 30255 assembled, 95 frame_drops
[2026-08-05T04:09:08Z INFO  net_transport::video_receiver] Recv stats: 346000 packets, 0 dropped, 30255 assembled, 95 frame_drops
[2026-08-05T04:09:08Z INFO  net_transport::video_receiver] Recv stats: 346100 packets, 0 dropped, 30255 assembled, 95 frame_drops
[2026-08-05T04:09:08Z INFO  net_transport::video_receiver] Recv stats: 346200 packets, 0 dropped, 30270 assembled, 95 frame_drops
[2026-08-05T04:09:08Z INFO  net_transport::video_receiver] Recv stats: 346300 packets, 0 dropped, 30285 assembled, 95 frame_drops
[2026-08-05T04:09:08Z INFO  net_transport::video_receiver] Recv stats: 346400 packets, 0 dropped, 30285 assembled, 95 frame_drops
[2026-08-05T04:09:08Z INFO  net_transport::video_receiver] Recv stats: 346500 packets, 0 dropped, 30286 assembled, 95 frame_drops
[2026-08-05T04:09:08Z INFO  remote_display_client] Decoded: 30240 frames, 57.3 fps, avg decode 1.6ms
[2026-08-05T04:09:09Z INFO  net_transport::video_receiver] Recv stats: 346600 packets, 0 dropped, 30314 assembled, 96 frame_drops
[2026-08-05T04:09:09Z INFO  net_transport::video_receiver] Recv stats: 346700 packets, 0 dropped, 30314 assembled, 96 frame_drops
[2026-08-05T04:09:09Z INFO  net_transport::video_receiver] Recv stats: 346800 packets, 0 dropped, 30314 assembled, 96 frame_drops
[2026-08-05T04:09:09Z INFO  net_transport::video_receiver] Recv stats: 346900 packets, 0 dropped, 30344 assembled, 96 frame_drops
[2026-08-05T04:09:09Z INFO  net_transport::video_receiver] Recv stats: 347000 packets, 0 dropped, 30344 assembled, 96 frame_drops
[2026-08-05T04:09:09Z INFO  net_transport::video_receiver] Recv stats: 347100 packets, 0 dropped, 30344 assembled, 96 frame_drops
[2026-08-05T04:09:09Z INFO  remote_display_client] Decoded: 30300 frames, 57.3 fps, avg decode 1.6ms
[2026-08-05T04:09:10Z INFO  net_transport::video_receiver] Recv stats: 347200 packets, 0 dropped, 30368 assembled, 96 frame_drops
[2026-08-05T04:09:10Z INFO  net_transport::video_receiver] Recv stats: 347300 packets, 0 dropped, 30374 assembled, 96 frame_drops
[2026-08-05T04:09:10Z INFO  net_transport::video_receiver] Recv stats: 347400 packets, 0 dropped, 30374 assembled, 96 frame_drops
[2026-08-05T04:09:10Z INFO  net_transport::video_receiver] Recv stats: 347500 packets, 0 dropped, 30374 assembled, 96 frame_drops
[2026-08-05T04:09:10Z INFO  net_transport::video_receiver] Recv stats: 347600 packets, 0 dropped, 30404 assembled, 96 frame_drops
[2026-08-05T04:09:10Z INFO  net_transport::video_receiver] Recv stats: 347700 packets, 0 dropped, 30404 assembled, 96 frame_drops
[2026-08-05T04:09:10Z INFO  net_transport::video_receiver] Recv stats: 347800 packets, 0 dropped, 30404 assembled, 96 frame_drops
[2026-08-05T04:09:11Z INFO  remote_display_client] Decoded: 30360 frames, 57.3 fps, avg decode 1.6ms
[2026-08-05T04:09:11Z INFO  net_transport::video_receiver] Recv stats: 347900 packets, 0 dropped, 30434 assembled, 96 frame_drops
[2026-08-05T04:09:11Z INFO  net_transport::video_receiver] Recv stats: 348000 packets, 0 dropped, 30434 assembled, 96 frame_drops
[2026-08-05T04:09:11Z INFO  net_transport::video_receiver] Recv stats: 348100 packets, 0 dropped, 30434 assembled, 96 frame_drops
[2026-08-05T04:09:11Z INFO  net_transport::video_receiver] Recv stats: 348200 packets, 0 dropped, 30441 assembled, 96 frame_drops
[2026-08-05T04:09:11Z INFO  net_transport::video_receiver] Recv stats: 348300 packets, 0 dropped, 30464 assembled, 96 frame_drops
[2026-08-05T04:09:11Z INFO  net_transport::video_receiver] Recv stats: 348400 packets, 0 dropped, 30464 assembled, 96 frame_drops
[2026-08-05T04:09:11Z INFO  net_transport::video_receiver] Recv stats: 348500 packets, 0 dropped, 30464 assembled, 96 frame_drops
[2026-08-05T04:09:12Z INFO  remote_display_client] Decoded: 30420 frames, 57.3 fps, avg decode 1.6ms
[2026-08-05T04:09:12Z INFO  net_transport::video_receiver] Recv stats: 348600 packets, 0 dropped, 30494 assembled, 96 frame_drops
[2026-08-05T04:09:12Z INFO  net_transport::video_receiver] Recv stats: 348700 packets, 0 dropped, 30494 assembled, 96 frame_drops
[2026-08-05T04:09:12Z INFO  net_transport::video_receiver] Recv stats: 348800 packets, 0 dropped, 30494 assembled, 96 frame_drops
[2026-08-05T04:09:12Z INFO  net_transport::video_receiver] Recv stats: 348900 packets, 0 dropped, 30523 assembled, 96 frame_drops
[2026-08-05T04:09:12Z INFO  net_transport::video_receiver] Recv stats: 349000 packets, 0 dropped, 30524 assembled, 96 frame_drops
[2026-08-05T04:09:12Z INFO  net_transport::video_receiver] Recv stats: 349100 packets, 0 dropped, 30524 assembled, 96 frame_drops
[2026-08-05T04:09:12Z INFO  net_transport::video_receiver] Recv stats: 349200 packets, 0 dropped, 30524 assembled, 96 frame_drops
[2026-08-05T04:09:13Z INFO  remote_display_client] Decoded: 30480 frames, 57.3 fps, avg decode 1.6ms
[2026-08-05T04:09:13Z INFO  net_transport::video_receiver] Recv stats: 349300 packets, 0 dropped, 30554 assembled, 96 frame_drops
[2026-08-05T04:09:13Z INFO  net_transport::video_receiver] Recv stats: 349400 packets, 0 dropped, 30554 assembled, 96 frame_drops
[2026-08-05T04:09:13Z INFO  net_transport::video_receiver] Recv stats: 349500 packets, 0 dropped, 30554 assembled, 96 frame_drops
[2026-08-05T04:09:13Z INFO  net_transport::video_receiver] Recv stats: 349600 packets, 0 dropped, 30584 assembled, 96 frame_drops
[2026-08-05T04:09:13Z INFO  net_transport::video_receiver] Recv stats: 349700 packets, 0 dropped, 30584 assembled, 96 frame_drops
[2026-08-05T04:09:13Z INFO  net_transport::video_receiver] Recv stats: 349800 packets, 0 dropped, 30584 assembled, 96 frame_drops
[2026-08-05T04:09:14Z INFO  net_transport::video_receiver] Recv stats: 349900 packets, 0 dropped, 30596 assembled, 96 frame_drops
[2026-08-05T04:09:14Z INFO  remote_display_client] Decoded: 30540 frames, 57.3 fps, avg decode 1.6ms
[2026-08-05T04:09:14Z INFO  net_transport::video_receiver] Recv stats: 350000 packets, 0 dropped, 30614 assembled, 96 frame_drops
[2026-08-05T04:09:14Z INFO  net_transport::video_receiver] Recv stats: 350100 packets, 0 dropped, 30614 assembled, 96 frame_drops
[2026-08-05T04:09:14Z INFO  net_transport::video_receiver] Recv stats: 350200 packets, 0 dropped, 30614 assembled, 96 frame_drops
[2026-08-05T04:09:14Z INFO  net_transport::video_receiver] Recv stats: 350300 packets, 0 dropped, 30644 assembled, 96 frame_drops
[2026-08-05T04:09:14Z INFO  net_transport::video_receiver] Recv stats: 350400 packets, 0 dropped, 30644 assembled, 96 frame_drops
[2026-08-05T04:09:14Z INFO  net_transport::video_receiver] Recv stats: 350500 packets, 0 dropped, 30644 assembled, 96 frame_drops
[2026-08-05T04:09:15Z INFO  remote_display_client] Decoded: 30600 frames, 57.3 fps, avg decode 1.6ms
[2026-08-05T04:09:15Z INFO  net_transport::video_receiver] Recv stats: 350600 packets, 0 dropped, 30674 assembled, 96 frame_drops
[2026-08-05T04:09:15Z INFO  net_transport::video_receiver] Recv stats: 350700 packets, 0 dropped, 30674 assembled, 96 frame_drops
[2026-08-05T04:09:15Z INFO  net_transport::video_receiver] Recv stats: 350800 packets, 0 dropped, 30674 assembled, 96 frame_drops
[2026-08-05T04:09:15Z INFO  net_transport::video_receiver] Recv stats: 350900 packets, 0 dropped, 30674 assembled, 96 frame_drops
[2026-08-05T04:09:15Z INFO  net_transport::video_receiver] Recv stats: 351000 packets, 0 dropped, 30704 assembled, 96 frame_drops
[2026-08-05T04:09:15Z INFO  net_transport::video_receiver] Recv stats: 351100 packets, 0 dropped, 30704 assembled, 96 frame_drops
[2026-08-05T04:09:15Z INFO  net_transport::video_receiver] Recv stats: 351200 packets, 0 dropped, 30704 assembled, 96 frame_drops
[2026-08-05T04:09:16Z INFO  remote_display_client] Decoded: 30660 frames, 57.3 fps, avg decode 1.6ms
[2026-08-05T04:09:16Z INFO  net_transport::video_receiver] Recv stats: 351300 packets, 0 dropped, 30734 assembled, 96 frame_drops
[2026-08-05T04:09:16Z INFO  net_transport::video_receiver] Recv stats: 351400 packets, 0 dropped, 30734 assembled, 96 frame_drops
[2026-08-05T04:09:16Z INFO  net_transport::video_receiver] Recv stats: 351500 packets, 0 dropped, 30734 assembled, 96 frame_drops
[2026-08-05T04:09:16Z INFO  net_transport::video_receiver] Recv stats: 351600 packets, 0 dropped, 30751 assembled, 96 frame_drops
[2026-08-05T04:09:17Z INFO  net_transport::video_receiver] Recv stats: 351700 packets, 0 dropped, 30764 assembled, 96 frame_drops
[2026-08-05T04:09:17Z INFO  net_transport::video_receiver] Recv stats: 351800 packets, 0 dropped, 30764 assembled, 96 frame_drops
[2026-08-05T04:09:17Z INFO  net_transport::video_receiver] Recv stats: 351900 packets, 0 dropped, 30764 assembled, 96 frame_drops
[2026-08-05T04:09:17Z INFO  remote_display_client] Decoded: 30720 frames, 57.3 fps, avg decode 1.6ms
[2026-08-05T04:09:17Z INFO  net_transport::video_receiver] Recv stats: 352000 packets, 0 dropped, 30794 assembled, 96 frame_drops
[2026-08-05T04:09:17Z INFO  net_transport::video_receiver] Recv stats: 352100 packets, 0 dropped, 30794 assembled, 96 frame_drops
[2026-08-05T04:09:17Z INFO  net_transport::video_receiver] Recv stats: 352200 packets, 0 dropped, 30794 assembled, 96 frame_drops
[2026-08-05T04:09:18Z INFO  net_transport::video_receiver] Recv stats: 352300 packets, 0 dropped, 30824 assembled, 96 frame_drops
[2026-08-05T04:09:18Z INFO  net_transport::video_receiver] Recv stats: 352400 packets, 0 dropped, 30824 assembled, 96 frame_drops
[2026-08-05T04:09:18Z INFO  net_transport::video_receiver] Recv stats: 352500 packets, 0 dropped, 30824 assembled, 96 frame_drops
[2026-08-05T04:09:18Z INFO  net_transport::video_receiver] Recv stats: 352600 packets, 0 dropped, 30824 assembled, 96 frame_drops
[2026-08-05T04:09:18Z INFO  remote_display_client] Decoded: 30780 frames, 57.3 fps, avg decode 1.6ms
[2026-08-05T04:09:18Z INFO  net_transport::video_receiver] Recv stats: 352700 packets, 0 dropped, 30854 assembled, 96 frame_drops
[2026-08-05T04:09:18Z INFO  net_transport::video_receiver] Recv stats: 352800 packets, 0 dropped, 30854 assembled, 96 frame_drops
[2026-08-05T04:09:18Z INFO  net_transport::video_receiver] Recv stats: 352900 packets, 0 dropped, 30854 assembled, 96 frame_drops
[2026-08-05T04:09:19Z INFO  net_transport::video_receiver] Recv stats: 353000 packets, 0 dropped, 30884 assembled, 96 frame_drops
[2026-08-05T04:09:19Z INFO  net_transport::video_receiver] Recv stats: 353100 packets, 0 dropped, 30884 assembled, 96 frame_drops
[2026-08-05T04:09:19Z INFO  net_transport::video_receiver] Recv stats: 353200 packets, 0 dropped, 30884 assembled, 96 frame_drops
[2026-08-05T04:09:19Z INFO  remote_display_client] Decoded: 30840 frames, 57.3 fps, avg decode 1.6ms
[2026-08-05T04:09:19Z INFO  net_transport::video_receiver] Recv stats: 353300 packets, 0 dropped, 30906 assembled, 96 frame_drops
[2026-08-05T04:09:19Z INFO  net_transport::video_receiver] Recv stats: 353400 packets, 0 dropped, 30914 assembled, 96 frame_drops
[2026-08-05T04:09:19Z INFO  net_transport::video_receiver] Recv stats: 353500 packets, 0 dropped, 30914 assembled, 96 frame_drops
[2026-08-05T04:09:19Z INFO  net_transport::video_receiver] Recv stats: 353600 packets, 0 dropped, 30914 assembled, 96 frame_drops
[2026-08-05T04:09:20Z INFO  net_transport::video_receiver] Recv stats: 353700 packets, 0 dropped, 30944 assembled, 96 frame_drops
[2026-08-05T04:09:20Z INFO  net_transport::video_receiver] Recv stats: 353800 packets, 0 dropped, 30944 assembled, 96 frame_drops
[2026-08-05T04:09:20Z INFO  net_transport::video_receiver] Recv stats: 353900 packets, 0 dropped, 30944 assembled, 96 frame_drops
[2026-08-05T04:09:20Z INFO  remote_display_client] Decoded: 30900 frames, 57.3 fps, avg decode 1.6ms
[2026-08-05T04:09:20Z INFO  net_transport::video_receiver] Recv stats: 354000 packets, 0 dropped, 30974 assembled, 96 frame_drops
[2026-08-05T04:09:20Z INFO  net_transport::video_receiver] Recv stats: 354100 packets, 0 dropped, 30974 assembled, 96 frame_drops
[2026-08-05T04:09:20Z INFO  net_transport::video_receiver] Recv stats: 354200 packets, 0 dropped, 30974 assembled, 96 frame_drops
[2026-08-05T04:09:20Z INFO  net_transport::video_receiver] Recv stats: 354300 packets, 0 dropped, 30979 assembled, 96 frame_drops
[2026-08-05T04:09:21Z INFO  net_transport::video_receiver] Recv stats: 354400 packets, 0 dropped, 31004 assembled, 96 frame_drops
[2026-08-05T04:09:21Z INFO  net_transport::video_receiver] Recv stats: 354500 packets, 0 dropped, 31004 assembled, 96 frame_drops
[2026-08-05T04:09:21Z INFO  net_transport::video_receiver] Recv stats: 354600 packets, 0 dropped, 31004 assembled, 96 frame_drops
[2026-08-05T04:09:21Z INFO  remote_display_client] Decoded: 30960 frames, 57.3 fps, avg decode 1.6ms
[2026-08-05T04:09:21Z INFO  net_transport::video_receiver] Recv stats: 354700 packets, 0 dropped, 31034 assembled, 96 frame_drops
[2026-08-05T04:09:21Z INFO  net_transport::video_receiver] Recv stats: 354800 packets, 0 dropped, 31034 assembled, 96 frame_drops
[2026-08-05T04:09:21Z INFO  net_transport::video_receiver] Recv stats: 354900 packets, 0 dropped, 31034 assembled, 96 frame_drops
[2026-08-05T04:09:22Z INFO  net_transport::video_receiver] Recv stats: 355000 packets, 0 dropped, 31061 assembled, 96 frame_drops
[2026-08-05T04:09:22Z INFO  net_transport::video_receiver] Recv stats: 355100 packets, 0 dropped, 31064 assembled, 96 frame_drops
[2026-08-05T04:09:22Z INFO  net_transport::video_receiver] Recv stats: 355200 packets, 0 dropped, 31064 assembled, 96 frame_drops
[2026-08-05T04:09:22Z INFO  net_transport::video_receiver] Recv stats: 355300 packets, 0 dropped, 31069 assembled, 96 frame_drops
[2026-08-05T04:09:22Z INFO  remote_display_client] Decoded: 31020 frames, 57.3 fps, avg decode 1.6ms
[2026-08-05T04:09:22Z INFO  net_transport::video_receiver] Recv stats: 355400 packets, 0 dropped, 31093 assembled, 97 frame_drops
[2026-08-05T04:09:22Z INFO  net_transport::video_receiver] Recv stats: 355500 packets, 0 dropped, 31093 assembled, 97 frame_drops
[2026-08-05T04:09:22Z INFO  net_transport::video_receiver] Recv stats: 355600 packets, 0 dropped, 31093 assembled, 97 frame_drops
[2026-08-05T04:09:23Z INFO  net_transport::video_receiver] Recv stats: 355700 packets, 0 dropped, 31123 assembled, 97 frame_drops
[2026-08-05T04:09:23Z INFO  net_transport::video_receiver] Recv stats: 355800 packets, 0 dropped, 31123 assembled, 97 frame_drops
[2026-08-05T04:09:23Z INFO  net_transport::video_receiver] Recv stats: 355900 packets, 0 dropped, 31123 assembled, 97 frame_drops
[2026-08-05T04:09:23Z INFO  remote_display_client] Decoded: 31080 frames, 57.3 fps, avg decode 1.6ms
[2026-08-05T04:09:23Z INFO  net_transport::video_receiver] Recv stats: 356000 packets, 0 dropped, 31151 assembled, 97 frame_drops
[2026-08-05T04:09:23Z INFO  net_transport::video_receiver] Recv stats: 356100 packets, 0 dropped, 31153 assembled, 97 frame_drops
[2026-08-05T04:09:23Z INFO  net_transport::video_receiver] Recv stats: 356200 packets, 0 dropped, 31153 assembled, 97 frame_drops
[2026-08-05T04:09:23Z INFO  net_transport::video_receiver] Recv stats: 356300 packets, 0 dropped, 31153 assembled, 97 frame_drops
[2026-08-05T04:09:24Z INFO  net_transport::video_receiver] Recv stats: 356400 packets, 0 dropped, 31183 assembled, 97 frame_drops
[2026-08-05T04:09:24Z INFO  net_transport::video_receiver] Recv stats: 356500 packets, 0 dropped, 31183 assembled, 97 frame_drops
[2026-08-05T04:09:24Z INFO  net_transport::video_receiver] Recv stats: 356600 packets, 0 dropped, 31183 assembled, 97 frame_drops
[2026-08-05T04:09:24Z INFO  remote_display_client] Decoded: 31140 frames, 57.3 fps, avg decode 1.6ms
[2026-08-05T04:09:24Z INFO  net_transport::video_receiver] Recv stats: 356700 packets, 0 dropped, 31213 assembled, 97 frame_drops
[2026-08-05T04:09:24Z INFO  net_transport::video_receiver] Recv stats: 356800 packets, 0 dropped, 31213 assembled, 97 frame_drops
[2026-08-05T04:09:24Z INFO  net_transport::video_receiver] Recv stats: 356900 packets, 0 dropped, 31213 assembled, 97 frame_drops
[2026-08-05T04:09:25Z INFO  net_transport::video_receiver] Recv stats: 357000 packets, 0 dropped, 31233 assembled, 98 frame_drops
[2026-08-05T04:09:25Z INFO  net_transport::video_receiver] Recv stats: 357100 packets, 0 dropped, 31242 assembled, 98 frame_drops
[2026-08-05T04:09:25Z INFO  net_transport::video_receiver] Recv stats: 357200 packets, 0 dropped, 31242 assembled, 98 frame_drops
[2026-08-05T04:09:25Z INFO  net_transport::video_receiver] Recv stats: 357300 packets, 0 dropped, 31242 assembled, 98 frame_drops
[2026-08-05T04:09:25Z INFO  remote_display_client] Decoded: 31200 frames, 57.3 fps, avg decode 1.6ms
[2026-08-05T04:09:25Z INFO  net_transport::video_receiver] Recv stats: 357400 packets, 0 dropped, 31272 assembled, 98 frame_drops
[2026-08-05T04:09:25Z INFO  net_transport::video_receiver] Recv stats: 357500 packets, 0 dropped, 31272 assembled, 98 frame_drops
[2026-08-05T04:09:25Z INFO  net_transport::video_receiver] Recv stats: 357600 packets, 0 dropped, 31272 assembled, 98 frame_drops
[2026-08-05T04:09:26Z INFO  net_transport::video_receiver] Recv stats: 357700 packets, 0 dropped, 31302 assembled, 98 frame_drops
[2026-08-05T04:09:26Z INFO  net_transport::video_receiver] Recv stats: 357800 packets, 0 dropped, 31302 assembled, 98 frame_drops
[2026-08-05T04:09:26Z INFO  net_transport::video_receiver] Recv stats: 357900 packets, 0 dropped, 31302 assembled, 98 frame_drops
[2026-08-05T04:09:26Z INFO  net_transport::video_receiver] Recv stats: 358000 packets, 0 dropped, 31306 assembled, 98 frame_drops
[2026-08-05T04:09:26Z INFO  remote_display_client] Decoded: 31260 frames, 57.3 fps, avg decode 1.6ms
[2026-08-05T04:09:26Z INFO  net_transport::video_receiver] Recv stats: 358100 packets, 0 dropped, 31332 assembled, 98 frame_drops
[2026-08-05T04:09:26Z INFO  net_transport::video_receiver] Recv stats: 358200 packets, 0 dropped, 31332 assembled, 98 frame_drops
[2026-08-05T04:09:26Z INFO  net_transport::video_receiver] Recv stats: 358300 packets, 0 dropped, 31332 assembled, 98 frame_drops
[2026-08-05T04:09:27Z INFO  net_transport::video_receiver] Recv stats: 358400 packets, 0 dropped, 31362 assembled, 98 frame_drops
[2026-08-05T04:09:27Z INFO  net_transport::video_receiver] Recv stats: 358500 packets, 0 dropped, 31362 assembled, 98 frame_drops
[2026-08-05T04:09:27Z INFO  net_transport::video_receiver] Recv stats: 358600 packets, 0 dropped, 31362 assembled, 98 frame_drops
[2026-08-05T04:09:27Z INFO  remote_display_client] Decoded: 31320 frames, 57.3 fps, avg decode 1.6ms
[2026-08-05T04:09:27Z INFO  net_transport::video_receiver] Recv stats: 358700 packets, 0 dropped, 31388 assembled, 98 frame_drops
[2026-08-05T04:09:27Z INFO  net_transport::video_receiver] Recv stats: 358800 packets, 0 dropped, 31392 assembled, 98 frame_drops
[2026-08-05T04:09:27Z INFO  net_transport::video_receiver] Recv stats: 358900 packets, 0 dropped, 31392 assembled, 98 frame_drops
[2026-08-05T04:09:27Z INFO  net_transport::video_receiver] Recv stats: 359000 packets, 0 dropped, 31392 assembled, 98 frame_drops
[2026-08-05T04:09:28Z INFO  net_transport::video_receiver] Recv stats: 359100 packets, 0 dropped, 31422 assembled, 98 frame_drops
[2026-08-05T04:09:28Z INFO  net_transport::video_receiver] Recv stats: 359200 packets, 0 dropped, 31422 assembled, 98 frame_drops
[2026-08-05T04:09:28Z INFO  net_transport::video_receiver] Recv stats: 359300 packets, 0 dropped, 31422 assembled, 98 frame_drops
[2026-08-05T04:09:28Z INFO  remote_display_client] Decoded: 31380 frames, 57.3 fps, avg decode 1.6ms
[2026-08-05T04:09:28Z INFO  net_transport::video_receiver] Recv stats: 359400 packets, 0 dropped, 31452 assembled, 98 frame_drops
[2026-08-05T04:09:28Z INFO  net_transport::video_receiver] Recv stats: 359500 packets, 0 dropped, 31452 assembled, 98 frame_drops
[2026-08-05T04:09:28Z INFO  net_transport::video_receiver] Recv stats: 359600 packets, 0 dropped, 31452 assembled, 98 frame_drops
[2026-08-05T04:09:29Z INFO  net_transport::video_receiver] Recv stats: 359700 packets, 0 dropped, 31461 assembled, 98 frame_drops
[2026-08-05T04:09:29Z INFO  net_transport::video_receiver] Recv stats: 359800 packets, 0 dropped, 31482 assembled, 98 frame_drops
[2026-08-05T04:09:29Z INFO  net_transport::video_receiver] Recv stats: 359900 packets, 0 dropped, 31482 assembled, 98 frame_drops
[2026-08-05T04:09:29Z INFO  net_transport::video_receiver] Recv stats: 360000 packets, 0 dropped, 31482 assembled, 98 frame_drops
[2026-08-05T04:09:29Z INFO  remote_display_client] Decoded: 31440 frames, 57.3 fps, avg decode 1.6ms
[2026-08-05T04:09:29Z INFO  net_transport::video_receiver] Recv stats: 360100 packets, 0 dropped, 31512 assembled, 98 frame_drops
[2026-08-05T04:09:29Z INFO  net_transport::video_receiver] Recv stats: 360200 packets, 0 dropped, 31512 assembled, 98 frame_drops
[2026-08-05T04:09:29Z INFO  net_transport::video_receiver] Recv stats: 360300 packets, 0 dropped, 31512 assembled, 98 frame_drops
[2026-08-05T04:09:30Z INFO  net_transport::video_receiver] Recv stats: 360400 packets, 0 dropped, 31542 assembled, 98 frame_drops
[2026-08-05T04:09:30Z INFO  net_transport::video_receiver] Recv stats: 360500 packets, 0 dropped, 31542 assembled, 98 frame_drops
[2026-08-05T04:09:30Z INFO  net_transport::video_receiver] Recv stats: 360600 packets, 0 dropped, 31542 assembled, 98 frame_drops
[2026-08-05T04:09:30Z INFO  net_transport::video_receiver] Recv stats: 360700 packets, 0 dropped, 31542 assembled, 98 frame_drops
[2026-08-05T04:09:30Z INFO  remote_display_client] Decoded: 31500 frames, 57.3 fps, avg decode 1.6ms
[2026-08-05T04:09:30Z INFO  net_transport::video_receiver] Recv stats: 360800 packets, 0 dropped, 31572 assembled, 98 frame_drops
[2026-08-05T04:09:30Z INFO  net_transport::video_receiver] Recv stats: 360900 packets, 0 dropped, 31572 assembled, 98 frame_drops
[2026-08-05T04:09:30Z INFO  net_transport::video_receiver] Recv stats: 361000 packets, 0 dropped, 31572 assembled, 98 frame_drops
[2026-08-05T04:09:31Z INFO  net_transport::video_receiver] Recv stats: 361100 packets, 0 dropped, 31602 assembled, 98 frame_drops
[2026-08-05T04:09:31Z INFO  net_transport::video_receiver] Recv stats: 361200 packets, 0 dropped, 31602 assembled, 98 frame_drops
[2026-08-05T04:09:31Z INFO  net_transport::video_receiver] Recv stats: 361300 packets, 0 dropped, 31602 assembled, 98 frame_drops
[2026-08-05T04:09:31Z INFO  net_transport::video_receiver] Recv stats: 361400 packets, 0 dropped, 31616 assembled, 98 frame_drops
[2026-08-05T04:09:31Z INFO  remote_display_client] Decoded: 31560 frames, 57.3 fps, avg decode 1.6ms
[2026-08-05T04:09:32Z INFO  net_transport::video_receiver] Recv stats: 361500 packets, 0 dropped, 31632 assembled, 98 frame_drops
[2026-08-05T04:09:32Z INFO  net_transport::video_receiver] Recv stats: 361600 packets, 0 dropped, 31632 assembled, 98 frame_drops
[2026-08-05T04:09:32Z INFO  net_transport::video_receiver] Recv stats: 361700 packets, 0 dropped, 31632 assembled, 98 frame_drops
[2026-08-05T04:09:32Z INFO  net_transport::video_receiver] Recv stats: 361800 packets, 0 dropped, 31662 assembled, 98 frame_drops
[2026-08-05T04:09:32Z INFO  net_transport::video_receiver] Recv stats: 361900 packets, 0 dropped, 31662 assembled, 98 frame_drops
[2026-08-05T04:09:32Z INFO  net_transport::video_receiver] Recv stats: 362000 packets, 0 dropped, 31662 assembled, 98 frame_drops
[2026-08-05T04:09:32Z INFO  remote_display_client] Decoded: 31620 frames, 57.3 fps, avg decode 1.6ms
[2026-08-05T04:09:33Z INFO  net_transport::video_receiver] Recv stats: 362100 packets, 0 dropped, 31692 assembled, 98 frame_drops
[2026-08-05T04:09:33Z INFO  net_transport::video_receiver] Recv stats: 362200 packets, 0 dropped, 31692 assembled, 98 frame_drops
[2026-08-05T04:09:33Z INFO  net_transport::video_receiver] Recv stats: 362300 packets, 0 dropped, 31692 assembled, 98 frame_drops
[2026-08-05T04:09:33Z INFO  net_transport::video_receiver] Recv stats: 362400 packets, 0 dropped, 31692 assembled, 98 frame_drops
[2026-08-05T04:09:33Z INFO  net_transport::video_receiver] Recv stats: 362500 packets, 0 dropped, 31722 assembled, 98 frame_drops
[2026-08-05T04:09:33Z INFO  net_transport::video_receiver] Recv stats: 362600 packets, 0 dropped, 31722 assembled, 98 frame_drops
[2026-08-05T04:09:33Z INFO  net_transport::video_receiver] Recv stats: 362700 packets, 0 dropped, 31722 assembled, 98 frame_drops
[2026-08-05T04:09:33Z INFO  remote_display_client] Decoded: 31680 frames, 57.3 fps, avg decode 1.6ms
[2026-08-05T04:09:34Z INFO  net_transport::video_receiver] Recv stats: 362800 packets, 0 dropped, 31752 assembled, 98 frame_drops
[2026-08-05T04:09:34Z INFO  net_transport::video_receiver] Recv stats: 362900 packets, 0 dropped, 31752 assembled, 98 frame_drops
[2026-08-05T04:09:34Z INFO  net_transport::video_receiver] Recv stats: 363000 packets, 0 dropped, 31752 assembled, 98 frame_drops
[2026-08-05T04:09:34Z INFO  net_transport::video_receiver] Recv stats: 363100 packets, 0 dropped, 31771 assembled, 98 frame_drops
[2026-08-05T04:09:34Z INFO  net_transport::video_receiver] Recv stats: 363200 packets, 0 dropped, 31782 assembled, 98 frame_drops
[2026-08-05T04:09:34Z INFO  net_transport::video_receiver] Recv stats: 363300 packets, 0 dropped, 31782 assembled, 98 frame_drops
[2026-08-05T04:09:34Z INFO  net_transport::video_receiver] Recv stats: 363400 packets, 0 dropped, 31782 assembled, 98 frame_drops
[2026-08-05T04:09:34Z INFO  remote_display_client] Decoded: 31740 frames, 57.3 fps, avg decode 1.6ms
[2026-08-05T04:09:35Z INFO  net_transport::video_receiver] Recv stats: 363500 packets, 0 dropped, 31811 assembled, 99 frame_drops
[2026-08-05T04:09:35Z INFO  net_transport::video_receiver] Recv stats: 363600 packets, 0 dropped, 31811 assembled, 99 frame_drops
[2026-08-05T04:09:35Z INFO  net_transport::video_receiver] Recv stats: 363700 packets, 0 dropped, 31811 assembled, 99 frame_drops
[2026-08-05T04:09:35Z INFO  net_transport::video_receiver] Recv stats: 363800 packets, 0 dropped, 31841 assembled, 99 frame_drops
[2026-08-05T04:09:35Z INFO  net_transport::video_receiver] Recv stats: 363900 packets, 0 dropped, 31841 assembled, 99 frame_drops
[2026-08-05T04:09:35Z INFO  net_transport::video_receiver] Recv stats: 364000 packets, 0 dropped, 31841 assembled, 99 frame_drops
[2026-08-05T04:09:35Z INFO  net_transport::video_receiver] Recv stats: 364100 packets, 0 dropped, 31851 assembled, 99 frame_drops
[2026-08-05T04:09:35Z INFO  remote_display_client] Decoded: 31800 frames, 57.3 fps, avg decode 1.6ms
[2026-08-05T04:09:36Z INFO  net_transport::video_receiver] Recv stats: 364200 packets, 0 dropped, 31871 assembled, 99 frame_drops
[2026-08-05T04:09:36Z INFO  net_transport::video_receiver] Recv stats: 364300 packets, 0 dropped, 31871 assembled, 99 frame_drops
[2026-08-05T04:09:36Z INFO  net_transport::video_receiver] Recv stats: 364400 packets, 0 dropped, 31871 assembled, 99 frame_drops
[2026-08-05T04:09:36Z INFO  net_transport::video_receiver] Recv stats: 364500 packets, 0 dropped, 31901 assembled, 99 frame_drops
[2026-08-05T04:09:36Z INFO  net_transport::video_receiver] Recv stats: 364600 packets, 0 dropped, 31901 assembled, 99 frame_drops
[2026-08-05T04:09:36Z INFO  net_transport::video_receiver] Recv stats: 364700 packets, 0 dropped, 31901 assembled, 99 frame_drops
[2026-08-05T04:09:36Z INFO  remote_display_client] Decoded: 31860 frames, 57.3 fps, avg decode 1.6ms
[2026-08-05T04:09:37Z INFO  net_transport::video_receiver] Recv stats: 364800 packets, 0 dropped, 31931 assembled, 99 frame_drops
[2026-08-05T04:09:37Z INFO  net_transport::video_receiver] Recv stats: 364900 packets, 0 dropped, 31931 assembled, 99 frame_drops
[2026-08-05T04:09:37Z INFO  net_transport::video_receiver] Recv stats: 365000 packets, 0 dropped, 31931 assembled, 99 frame_drops
[2026-08-05T04:09:37Z INFO  net_transport::video_receiver] Recv stats: 365100 packets, 0 dropped, 31931 assembled, 99 frame_drops
[2026-08-05T04:09:37Z INFO  net_transport::video_receiver] Recv stats: 365200 packets, 0 dropped, 31961 assembled, 99 frame_drops
[2026-08-05T04:09:37Z INFO  net_transport::video_receiver] Recv stats: 365300 packets, 0 dropped, 31961 assembled, 99 frame_drops
[2026-08-05T04:09:37Z INFO  net_transport::video_receiver] Recv stats: 365400 packets, 0 dropped, 31961 assembled, 99 frame_drops
[2026-08-05T04:09:37Z INFO  remote_display_client] Decoded: 31920 frames, 57.3 fps, avg decode 1.6ms
[2026-08-05T04:09:38Z INFO  net_transport::video_receiver] Recv stats: 365500 packets, 0 dropped, 31991 assembled, 99 frame_drops
[2026-08-05T04:09:38Z INFO  net_transport::video_receiver] Recv stats: 365600 packets, 0 dropped, 31991 assembled, 99 frame_drops
[2026-08-05T04:09:38Z INFO  net_transport::video_receiver] Recv stats: 365700 packets, 0 dropped, 31991 assembled, 99 frame_drops
[2026-08-05T04:09:38Z INFO  net_transport::video_receiver] Recv stats: 365800 packets, 0 dropped, 32006 assembled, 99 frame_drops
[2026-08-05T04:09:38Z INFO  net_transport::video_receiver] Recv stats: 365900 packets, 0 dropped, 32021 assembled, 99 frame_drops
[2026-08-05T04:09:38Z INFO  net_transport::video_receiver] Recv stats: 366000 packets, 0 dropped, 32021 assembled, 99 frame_drops
[2026-08-05T04:09:38Z INFO  net_transport::video_receiver] Recv stats: 366100 packets, 0 dropped, 32021 assembled, 99 frame_drops
[2026-08-05T04:09:38Z INFO  remote_display_client] Decoded: 31980 frames, 57.3 fps, avg decode 1.6ms
[2026-08-05T04:09:39Z INFO  net_transport::video_receiver] Recv stats: 366200 packets, 0 dropped, 32051 assembled, 99 frame_drops
[2026-08-05T04:09:39Z INFO  net_transport::video_receiver] Recv stats: 366300 packets, 0 dropped, 32051 assembled, 99 frame_drops
[2026-08-05T04:09:39Z INFO  net_transport::video_receiver] Recv stats: 366400 packets, 0 dropped, 32051 assembled, 99 frame_drops
[2026-08-05T04:09:39Z INFO  net_transport::video_receiver] Recv stats: 366500 packets, 0 dropped, 32081 assembled, 99 frame_drops
[2026-08-05T04:09:39Z INFO  net_transport::video_receiver] Recv stats: 366600 packets, 0 dropped, 32081 assembled, 99 frame_drops
[2026-08-05T04:09:39Z INFO  net_transport::video_receiver] Recv stats: 366700 packets, 0 dropped, 32081 assembled, 99 frame_drops
[2026-08-05T04:09:39Z INFO  net_transport::video_receiver] Recv stats: 366800 packets, 0 dropped, 32081 assembled, 99 frame_drops
[2026-08-05T04:09:40Z INFO  remote_display_client] Decoded: 32040 frames, 57.3 fps, avg decode 1.6ms
[2026-08-05T04:09:40Z INFO  net_transport::video_receiver] Recv stats: 366900 packets, 0 dropped, 32111 assembled, 99 frame_drops
[2026-08-05T04:09:40Z INFO  net_transport::video_receiver] Recv stats: 367000 packets, 0 dropped, 32111 assembled, 99 frame_drops
[2026-08-05T04:09:40Z INFO  net_transport::video_receiver] Recv stats: 367100 packets, 0 dropped, 32111 assembled, 99 frame_drops
[2026-08-05T04:09:40Z INFO  net_transport::video_receiver] Recv stats: 367200 packets, 0 dropped, 32141 assembled, 99 frame_drops
[2026-08-05T04:09:40Z INFO  net_transport::video_receiver] Recv stats: 367300 packets, 0 dropped, 32141 assembled, 99 frame_drops
[2026-08-05T04:09:40Z INFO  net_transport::video_receiver] Recv stats: 367400 packets, 0 dropped, 32141 assembled, 99 frame_drops
[2026-08-05T04:09:41Z INFO  remote_display_client] Decoded: 32100 frames, 57.3 fps, avg decode 1.6ms
[2026-08-05T04:09:41Z INFO  net_transport::video_receiver] Recv stats: 367500 packets, 0 dropped, 32161 assembled, 99 frame_drops
[2026-08-05T04:09:41Z INFO  net_transport::video_receiver] Recv stats: 367600 packets, 0 dropped, 32171 assembled, 99 frame_drops
[2026-08-05T04:09:41Z INFO  net_transport::video_receiver] Recv stats: 367700 packets, 0 dropped, 32171 assembled, 99 frame_drops
[2026-08-05T04:09:41Z INFO  net_transport::video_receiver] Recv stats: 367800 packets, 0 dropped, 32171 assembled, 99 frame_drops
[2026-08-05T04:09:41Z INFO  net_transport::video_receiver] Recv stats: 367900 packets, 0 dropped, 32201 assembled, 99 frame_drops
[2026-08-05T04:09:41Z INFO  net_transport::video_receiver] Recv stats: 368000 packets, 0 dropped, 32201 assembled, 99 frame_drops
[2026-08-05T04:09:41Z INFO  net_transport::video_receiver] Recv stats: 368100 packets, 0 dropped, 32201 assembled, 99 frame_drops
[2026-08-05T04:09:42Z INFO  remote_display_client] Decoded: 32160 frames, 57.3 fps, avg decode 1.6ms
[2026-08-05T04:09:42Z INFO  net_transport::video_receiver] Recv stats: 368200 packets, 0 dropped, 32231 assembled, 99 frame_drops
[2026-08-05T04:09:42Z INFO  net_transport::video_receiver] Recv stats: 368300 packets, 0 dropped, 32231 assembled, 99 frame_drops
[2026-08-05T04:09:42Z INFO  net_transport::video_receiver] Recv stats: 368400 packets, 0 dropped, 32231 assembled, 99 frame_drops
[2026-08-05T04:09:42Z INFO  net_transport::video_receiver] Recv stats: 368500 packets, 0 dropped, 32234 assembled, 99 frame_drops
[2026-08-05T04:09:42Z INFO  net_transport::video_receiver] Recv stats: 368600 packets, 0 dropped, 32261 assembled, 99 frame_drops
[2026-08-05T04:09:42Z INFO  net_transport::video_receiver] Recv stats: 368700 packets, 0 dropped, 32261 assembled, 99 frame_drops
[2026-08-05T04:09:42Z INFO  net_transport::video_receiver] Recv stats: 368800 packets, 0 dropped, 32261 assembled, 99 frame_drops
[2026-08-05T04:09:43Z INFO  remote_display_client] Decoded: 32220 frames, 57.3 fps, avg decode 1.6ms
[2026-08-05T04:09:43Z INFO  net_transport::video_receiver] Recv stats: 368900 packets, 0 dropped, 32291 assembled, 99 frame_drops
[2026-08-05T04:09:43Z INFO  net_transport::video_receiver] Recv stats: 369000 packets, 0 dropped, 32291 assembled, 99 frame_drops
[2026-08-05T04:09:43Z INFO  net_transport::video_receiver] Recv stats: 369100 packets, 0 dropped, 32291 assembled, 99 frame_drops
[2026-08-05T04:09:43Z INFO  net_transport::video_receiver] Recv stats: 369200 packets, 0 dropped, 32316 assembled, 99 frame_drops
[2026-08-05T04:09:43Z INFO  net_transport::video_receiver] Recv stats: 369300 packets, 0 dropped, 32321 assembled, 99 frame_drops
[2026-08-05T04:09:43Z INFO  net_transport::video_receiver] Recv stats: 369400 packets, 0 dropped, 32321 assembled, 99 frame_drops
[2026-08-05T04:09:43Z INFO  net_transport::video_receiver] Recv stats: 369500 packets, 0 dropped, 32321 assembled, 99 frame_drops
[2026-08-05T04:09:44Z INFO  remote_display_client] Decoded: 32280 frames, 57.3 fps, avg decode 1.6ms
[2026-08-05T04:09:44Z INFO  net_transport::video_receiver] Recv stats: 369600 packets, 0 dropped, 32351 assembled, 99 frame_drops
[2026-08-05T04:09:44Z INFO  net_transport::video_receiver] Recv stats: 369700 packets, 0 dropped, 32351 assembled, 99 frame_drops
[2026-08-05T04:09:44Z INFO  net_transport::video_receiver] Recv stats: 369800 packets, 0 dropped, 32351 assembled, 99 frame_drops
[2026-08-05T04:09:44Z INFO  net_transport::video_receiver] Recv stats: 369900 packets, 0 dropped, 32380 assembled, 100 frame_drops
[2026-08-05T04:09:44Z INFO  net_transport::video_receiver] Recv stats: 370000 packets, 0 dropped, 32380 assembled, 100 frame_drops
[2026-08-05T04:09:44Z INFO  net_transport::video_receiver] Recv stats: 370100 packets, 0 dropped, 32380 assembled, 100 frame_drops
[2026-08-05T04:09:45Z INFO  remote_display_client] Decoded: 32340 frames, 57.4 fps, avg decode 1.6ms
[2026-08-05T04:09:45Z INFO  net_transport::video_receiver] Recv stats: 370200 packets, 0 dropped, 32410 assembled, 100 frame_drops
[2026-08-05T04:09:45Z INFO  net_transport::video_receiver] Recv stats: 370300 packets, 0 dropped, 32410 assembled, 100 frame_drops
[2026-08-05T04:09:45Z INFO  net_transport::video_receiver] Recv stats: 370400 packets, 0 dropped, 32410 assembled, 100 frame_drops
[2026-08-05T04:09:45Z INFO  net_transport::video_receiver] Recv stats: 370500 packets, 0 dropped, 32410 assembled, 100 frame_drops
[2026-08-05T04:09:45Z INFO  net_transport::video_receiver] Recv stats: 370600 packets, 0 dropped, 32440 assembled, 100 frame_drops
[2026-08-05T04:09:45Z INFO  net_transport::video_receiver] Recv stats: 370700 packets, 0 dropped, 32440 assembled, 100 frame_drops
[2026-08-05T04:09:45Z INFO  net_transport::video_receiver] Recv stats: 370800 packets, 0 dropped, 32440 assembled, 100 frame_drops
[2026-08-05T04:09:46Z INFO  remote_display_client] Decoded: 32400 frames, 57.4 fps, avg decode 1.6ms
[2026-08-05T04:09:46Z INFO  net_transport::video_receiver] Recv stats: 370900 packets, 0 dropped, 32470 assembled, 100 frame_drops
[2026-08-05T04:09:46Z INFO  net_transport::video_receiver] Recv stats: 371000 packets, 0 dropped, 32470 assembled, 100 frame_drops
[2026-08-05T04:09:46Z INFO  net_transport::video_receiver] Recv stats: 371100 packets, 0 dropped, 32470 assembled, 100 frame_drops
[2026-08-05T04:09:46Z INFO  net_transport::video_receiver] Recv stats: 371200 packets, 0 dropped, 32488 assembled, 100 frame_drops
[2026-08-05T04:09:46Z INFO  net_transport::video_receiver] Recv stats: 371300 packets, 0 dropped, 32500 assembled, 100 frame_drops
[2026-08-05T04:09:46Z INFO  net_transport::video_receiver] Recv stats: 371400 packets, 0 dropped, 32500 assembled, 100 frame_drops
[2026-08-05T04:09:46Z INFO  net_transport::video_receiver] Recv stats: 371500 packets, 0 dropped, 32500 assembled, 100 frame_drops
[2026-08-05T04:09:47Z INFO  remote_display_client] Decoded: 32460 frames, 57.4 fps, avg decode 1.6ms
[2026-08-05T04:09:47Z INFO  net_transport::video_receiver] Recv stats: 371600 packets, 0 dropped, 32530 assembled, 100 frame_drops
[2026-08-05T04:09:47Z INFO  net_transport::video_receiver] Recv stats: 371700 packets, 0 dropped, 32530 assembled, 100 frame_drops
[2026-08-05T04:09:47Z INFO  net_transport::video_receiver] Recv stats: 371800 packets, 0 dropped, 32530 assembled, 100 frame_drops
[2026-08-05T04:09:48Z INFO  net_transport::video_receiver] Recv stats: 371900 packets, 0 dropped, 32560 assembled, 100 frame_drops
[2026-08-05T04:09:48Z INFO  net_transport::video_receiver] Recv stats: 372000 packets, 0 dropped, 32560 assembled, 100 frame_drops
[2026-08-05T04:09:48Z INFO  net_transport::video_receiver] Recv stats: 372100 packets, 0 dropped, 32560 assembled, 100 frame_drops
[2026-08-05T04:09:48Z INFO  net_transport::video_receiver] Recv stats: 372200 packets, 0 dropped, 32561 assembled, 100 frame_drops
[2026-08-05T04:09:48Z INFO  net_transport::video_receiver] Recv stats: 372300 packets, 0 dropped, 32590 assembled, 100 frame_drops
[2026-08-05T04:09:48Z INFO  net_transport::video_receiver] Recv stats: 372400 packets, 0 dropped, 32590 assembled, 100 frame_drops
[2026-08-05T04:09:48Z INFO  net_transport::video_receiver] Recv stats: 372500 packets, 0 dropped, 32590 assembled, 100 frame_drops
[2026-08-05T04:09:49Z INFO  net_transport::video_receiver] Recv stats: 372600 packets, 0 dropped, 32620 assembled, 100 frame_drops
[2026-08-05T04:09:49Z INFO  net_transport::video_receiver] Recv stats: 372700 packets, 0 dropped, 32620 assembled, 100 frame_drops
[2026-08-05T04:09:49Z INFO  net_transport::video_receiver] Recv stats: 372800 packets, 0 dropped, 32620 assembled, 100 frame_drops
[2026-08-05T04:09:49Z INFO  remote_display_client] Decoded: 32580 frames, 57.4 fps, avg decode 1.6ms
[2026-08-05T04:09:49Z INFO  net_transport::video_receiver] Recv stats: 372900 packets, 0 dropped, 32643 assembled, 100 frame_drops
[2026-08-05T04:09:49Z INFO  net_transport::video_receiver] Recv stats: 373000 packets, 0 dropped, 32650 assembled, 100 frame_drops
[2026-08-05T04:09:49Z INFO  net_transport::video_receiver] Recv stats: 373100 packets, 0 dropped, 32650 assembled, 100 frame_drops
[2026-08-05T04:09:49Z INFO  net_transport::video_receiver] Recv stats: 373200 packets, 0 dropped, 32650 assembled, 100 frame_drops
[2026-08-05T04:09:50Z INFO  net_transport::video_receiver] Recv stats: 373300 packets, 0 dropped, 32680 assembled, 100 frame_drops
[2026-08-05T04:09:50Z INFO  net_transport::video_receiver] Recv stats: 373400 packets, 0 dropped, 32680 assembled, 100 frame_drops
[2026-08-05T04:09:50Z INFO  net_transport::video_receiver] Recv stats: 373500 packets, 0 dropped, 32680 assembled, 100 frame_drops
[2026-08-05T04:09:50Z INFO  remote_display_client] Decoded: 32640 frames, 57.4 fps, avg decode 1.6ms
[2026-08-05T04:09:50Z INFO  net_transport::video_receiver] Recv stats: 373600 packets, 0 dropped, 32710 assembled, 100 frame_drops
[2026-08-05T04:09:50Z INFO  net_transport::video_receiver] Recv stats: 373700 packets, 0 dropped, 32710 assembled, 100 frame_drops
[2026-08-05T04:09:50Z INFO  net_transport::video_receiver] Recv stats: 373800 packets, 0 dropped, 32710 assembled, 100 frame_drops
[2026-08-05T04:09:50Z WARN  remote_display_client] Control recv error: early eof (host may have disconnected)
[2026-08-05T04:09:51Z INFO  remote_display_client] Decode/render stopped (shutdown signal): 32658 frames
